CPU_Usage_Percent,Memory_Usage_MB,Disk_IO_MBps,Network_IO_MBps,Response_Time_ms,Request_Count_per_Min,Error_Rate_Percent,Availability_Percent,Latency_ms
64.93,1573.05,137.41,41.55,137.53,5176.77,0.45,98.76,54.1
52.23,1834.15,134.17,115.6,271.14,4884.61,5.92,98.7,76.57
67.95,1629.83,73.17,153.04,162.16,6713.22,6.28,100.0,73.98
85.46,2125.29,148.98,211.97,188.15,7759.1,1.66,98.74,66.08
50.32,2886.02,45.5,281.93,244.57,6236.32,0.42,99.11,67.9
50.32,1508.27,87.29,255.53,174.69,6820.78,1.75,98.32,147.24
86.58,2748.57,20.05,105.65,16.39,4608.67,5.28,98.87,168.31
70.35,1500.83,197.93,170.26,273.65,5225.73,0.95,99.62,147.49
45.61,1454.66,108.42,206.11,292.94,7674.32,0.3,99.68,8.7
65.85,2621.02,228.34,179.02,15.2,5948.08,2.37,99.89,138.12
45.73,2693.36,160.15,178.46,86.1,4564.35,2.14,98.5,124.46
45.69,2643.99,142.4,62.18,362.15,5058.59,0.0,98.73,93.51
59.84,1126.94,90.69,107.78,200.88,6866.87,3.84,99.77,75.12
16.73,1721.83,67.68,167.76,180.32,7027.21,2.16,99.18,82.8
20.5,2624.09,146.15,1.0,141.63,3484.16,0.44,99.16,134.6
43.75,2077.08,116.42,251.25,87.24,5652.66,0.01,99.61,110.43
34.74,1296.42,53.04,90.19,162.5,4985.88,7.17,99.9,143.78
61.28,2368.82,44.16,254.95,267.7,4882.04,2.81,98.71,127.59
36.84,1547.63,72.06,247.91,178.59,7394.55,0.91,99.13,152.62
26.75,3304.17,211.05,156.5,234.93,4572.43,1.13,99.12,120.36
84.31,3129.39,230.66,280.04,338.91,3963.96,1.55,98.52,49.51
50.48,2470.87,130.25,259.46,127.76,3533.02,2.54,99.41,31.0
56.35,3000.7,127.45,175.28,207.26,4685.82,0.38,98.82,120.84
26.51,2093.35,103.18,166.26,270.4,3676.56,0.44,99.2,119.02
44.11,2583.81,73.28,287.78,96.04,3443.39,0.1,99.65,70.31
57.22,3082.4,188.76,218.56,196.02,3398.05,8.51,99.39,104.89
31.98,2219.85,213.68,283.58,348.51,3505.02,4.17,98.58,76.82
62.51,1869.37,75.33,8.88,149.38,3630.5,1.61,99.34,75.27
42.99,854.76,115.86,207.88,276.15,5718.29,1.13,99.3,37.67
49.17,1989.81,97.51,73.81,167.3,1472.03,0.54,98.81,96.79
42.97,2624.4,98.99,197.94,341.96,3736.84,1.81,98.6,74.32
92.05,2709.94,179.3,257.11,31.91,4819.77,2.35,99.31,110.13
54.73,2401.06,54.4,339.13,185.85,7067.52,2.34,98.22,24.87
33.85,1669.09,143.32,124.95,46.9,4557.33,0.01,98.45,119.08
71.45,664.22,156.41,157.94,116.92,4724.02,2.42,98.3,74.39
30.58,1701.35,112.89,192.36,116.39,4841.7,4.03,98.35,52.34
59.18,1834.96,164.65,122.04,155.97,1717.36,0.24,98.86,77.4
15.81,1828.95,127.38,278.28,73.05,6186.37,2.82,99.94,31.07
28.44,2480.99,180.86,194.39,173.54,6111.36,3.47,99.63,83.36
58.94,3437.97,43.89,209.76,221.44,6466.09,0.65,99.99,99.93
69.77,2134.47,102.56,249.61,42.13,9510.53,2.49,98.77,97.91
58.43,1896.29,116.41,194.26,122.86,2662.66,0.2,97.79,113.4
52.69,1866.54,1.0,134.6,408.69,2321.55,2.1,98.78,72.29
48.98,2135.07,65.7,194.96,209.63,6270.56,1.43,99.99,126.17
25.43,1468.19,79.32,131.51,16.4,4392.52,3.79,98.92,105.65
40.6,2132.14,167.41,208.64,53.96,3225.87,1.2,99.18,127.64
45.79,2363.57,84.66,279.76,200.33,4491.39,1.12,99.05,161.36
76.14,2194.78,79.1,106.0,189.06,3886.98,5.43,99.69,32.95
61.87,2368.28,160.87,77.41,127.13,8104.6,5.44,99.78,79.69
19.74,2351.62,39.1,203.94,377.4,9071.26,0.07,98.12,64.49
61.48,807.67,16.44,138.58,415.69,2055.99,1.33,97.5,180.53
47.3,2493.81,101.92,202.54,156.21,2342.21,0.35,99.66,118.89
41.46,1578.29,47.61,225.63,258.57,3633.14,0.64,99.05,106.49
67.23,1280.91,49.52,28.51,263.08,3758.85,2.19,99.66,142.84
75.62,1274.88,148.67,255.19,275.03,3604.53,0.28,99.0,95.5
73.63,2351.48,163.8,106.43,122.39,4650.38,0.02,99.56,113.67
38.22,1892.2,159.44,198.21,354.55,4195.7,2.6,99.11,76.76
48.82,870.62,175.44,147.25,173.83,2563.5,2.05,98.7,40.42
61.63,2382.63,182.06,155.84,217.98,3151.75,4.66,98.92,130.9
74.51,1040.27,13.57,335.52,180.18,7783.41,1.56,99.08,56.61
45.42,2145.87,142.52,225.54,167.43,4356.59,5.81,99.63,124.94
51.29,2214.95,93.52,272.38,205.06,4264.46,1.88,99.08,138.35
32.87,2667.9,82.63,212.08,73.27,2263.21,0.98,98.45,5.22
31.08,3295.18,148.02,249.6,5.0,4166.21,1.88,100.0,136.79
71.25,1092.73,33.49,233.39,160.8,6729.62,2.77,99.42,105.18
82.12,2011.27,32.44,220.36,100.76,6071.99,0.85,100.0,56.21
53.56,1854.57,151.68,288.57,229.28,6459.98,0.93,98.44,25.41
75.07,2351.62,144.39,212.52,219.04,2833.53,1.99,99.02,92.17
62.23,2198.97,126.84,382.81,181.21,2804.69,1.22,99.33,87.86
42.1,1801.22,76.0,276.84,313.34,7040.18,1.5,99.66,138.68
62.23,1739.37,157.19,108.84,179.44,6487.29,8.04,97.88,97.59
85.76,1266.48,154.02,185.88,48.77,4534.77,0.09,97.9,51.49
54.28,2739.5,124.27,231.77,159.87,6535.47,2.09,98.74,32.85
86.29,2369.44,61.13,203.56,285.39,2834.61,5.12,99.58,100.86
2.61,2690.44,98.74,254.95,10.42,2759.96,0.54,98.73,95.17
71.44,1830.72,161.89,263.76,171.54,2088.57,0.48,99.11,147.82
56.74,1588.22,186.36,91.23,231.79,5650.65,0.9,99.24,75.33
49.02,1293.18,103.67,302.49,418.7,5390.09,0.15,98.62,111.75
56.84,2299.24,107.52,160.25,288.74,4059.65,1.64,100.0,89.69
15.25,1320.14,111.92,152.33,191.94,3595.29,2.07,98.64,1.0
50.61,3342.06,133.74,152.07,226.87,9346.19,3.43,97.75,123.64
62.14,1132.65,90.95,264.69,9.21,4533.56,0.14,98.51,77.96
84.56,2239.56,1.0,178.63,85.53,7498.52,1.15,98.62,121.36
44.63,3144.8,179.64,146.92,238.59,4736.57,3.07,99.32,101.77
38.83,2467.36,209.73,166.08,194.51,4098.72,2.92,99.36,55.45
44.96,2170.97,89.38,56.42,205.99,7549.99,0.15,99.61,88.03
73.31,1370.06,66.67,132.63,183.07,6421.94,0.02,100.0,93.75
61.58,1080.76,113.14,100.83,179.54,4956.6,3.06,99.22,102.36
44.4,2587.04,110.62,178.47,189.26,7040.69,0.3,99.79,115.49
65.27,3102.3,169.78,253.14,84.96,9536.55,1.72,98.89,96.22
56.94,1740.81,122.73,244.31,159.4,3681.76,0.2,99.4,164.85
74.37,1250.66,80.37,300.54,68.03,5849.13,0.7,98.96,128.62
40.96,327.28,54.08,282.72,124.24,4263.42,0.34,99.1,134.84
48.45,1361.46,163.28,157.71,287.63,3317.83,2.67,99.32,128.0
47.16,1968.44,149.98,201.53,163.73,3267.92,2.23,99.89,98.06
25.73,3167.39,173.03,197.4,233.63,7866.2,0.29,99.16,124.27
60.92,2519.19,71.59,27.92,190.38,1715.43,0.12,99.16,144.95
60.22,2261.56,211.92,102.62,145.36,5914.15,1.26,99.42,100.04
55.1,1767.92,32.82,186.62,89.23,3514.56,0.44,99.82,137.03
50.31,1639.78,155.48,186.17,143.99,8190.49,0.02,98.21,42.91
26.69,3031.95,24.52,240.99,196.49,4508.46,0.61,99.37,138.96
46.59,2188.52,80.48,237.09,232.21,4344.79,0.48,98.27,64.16
48.15,576.18,198.05,58.34,191.01,7825.12,2.31,100.0,42.82
38.95,1576.52,161.57,241.49,238.45,6578.24,3.94,99.44,83.84
51.77,1447.25,92.69,214.29,43.18,5997.61,0.54,100.0,103.3
63.08,1665.62,94.06,249.87,258.0,6450.46,0.5,98.03,108.39
92.72,2442.04,125.03,285.35,78.46,3050.11,0.98,99.08,146.62
58.49,1972.79,145.71,188.57,268.52,6335.08,0.38,99.81,72.71
60.15,1994.19,182.58,299.65,225.22,4641.7,5.87,100.0,160.76
53.51,2967.43,97.19,128.85,11.68,5649.66,0.56,99.45,160.85
16.62,1560.48,39.41,124.34,246.33,5872.2,0.2,98.9,104.03
54.47,3352.94,127.85,234.3,269.56,3001.08,1.63,99.01,61.9
56.2,1578.08,97.13,170.5,293.21,6068.88,1.54,98.47,194.63
100.0,2110.44,54.97,220.93,110.83,4664.56,2.0,100.0,163.99
51.15,1851.16,134.88,359.44,196.15,2768.14,6.8,99.66,102.62
61.03,2134.39,109.34,231.48,242.5,4736.18,0.78,99.07,40.51
54.31,2359.21,135.33,216.97,246.27,5036.05,0.89,99.58,119.82
31.63,2351.68,75.28,130.46,216.86,6068.54,0.82,99.12,71.4
77.86,1520.82,144.34,64.0,141.6,701.08,1.98,98.99,129.96
70.04,1261.96,54.15,194.2,268.91,5698.65,1.85,98.67,104.18
70.82,3800.22,78.61,285.35,269.44,4078.65,1.5,98.68,31.16
36.81,1709.21,107.85,174.16,166.11,6457.77,0.91,99.47,47.8
83.06,2537.45,207.09,232.12,109.48,4996.64,1.12,99.93,64.51
26.96,922.65,159.24,314.12,114.49,4399.91,3.15,98.96,160.64
66.74,1852.27,173.86,312.12,302.83,4680.5,1.88,98.65,69.0
98.81,1958.96,190.85,234.31,265.56,5600.14,2.52,99.87,4.05
35.19,2378.97,300.14,213.61,178.2,6634.24,0.65,99.26,86.94
43.67,142.28,122.08,78.51,162.07,3396.0,4.85,97.64,84.55
56.99,2164.3,191.02,149.58,20.86,4381.41,0.07,98.71,158.59
44.93,1243.18,170.63,177.54,172.4,7644.82,1.81,99.53,155.58
23.99,2275.04,169.8,131.81,72.8,4350.0,3.35,98.65,42.65
56.37,1322.57,208.71,219.88,194.31,5661.05,4.02,99.24,110.74
33.75,1449.16,99.03,352.93,286.67,2778.45,0.77,98.33,126.67
64.47,1856.46,95.07,321.42,91.76,1913.89,1.23,98.91,90.15
36.61,1311.37,135.99,219.51,201.47,3127.63,0.07,98.44,102.04
86.0,1715.13,110.87,262.35,269.8,3758.19,3.12,98.34,139.22
39.33,1212.64,135.93,141.71,199.83,6871.84,0.27,98.67,106.71
48.56,764.78,198.14,317.13,132.84,7069.15,1.12,99.81,121.82
71.27,2760.57,96.09,75.04,180.93,1534.42,9.38,99.49,151.28
30.38,1140.77,104.77,273.03,266.15,4025.76,5.0,100.0,77.14
59.55,1922.92,128.72,239.65,203.63,6256.02,0.8,98.78,126.84
81.14,2575.02,108.58,139.53,179.7,4810.36,0.51,99.91,77.22
22.85,1617.54,24.3,183.3,284.05,7708.21,0.58,100.0,137.94
58.69,1470.38,90.99,109.26,226.34,6212.3,2.31,99.98,70.14
60.2,2206.37,154.37,112.67,71.74,4518.17,2.59,99.99,112.38
70.64,2830.55,191.88,72.72,236.83,4678.4,0.49,99.28,85.88
30.26,1229.48,62.27,261.4,265.46,4897.78,0.55,99.36,118.48
28.59,1942.9,62.04,296.43,68.64,3477.28,0.78,98.56,61.21
65.44,835.25,121.51,27.06,5.0,6690.59,1.14,97.33,83.9
60.94,1772.76,16.22,347.06,86.23,6336.37,4.99,99.34,92.89
60.01,2071.94,97.75,199.04,170.78,5817.69,0.05,98.53,52.02
61.93,1449.76,33.2,223.19,270.88,5436.63,2.03,98.9,70.7
41.4,1728.11,188.45,82.21,99.81,3167.24,3.96,98.62,29.41
59.65,1062.24,81.53,305.67,229.96,5907.55,2.57,99.43,110.09
60.86,2101.96,202.64,216.02,5.0,5232.38,0.49,99.06,126.77
40.71,2786.99,175.68,291.11,196.23,8604.08,1.3,100.0,39.34
92.32,1280.0,87.68,297.67,143.39,2672.08,4.82,98.69,48.15
64.48,1612.13,66.4,306.79,368.87,3698.07,0.25,99.33,56.65
31.17,2399.78,110.32,148.14,9.71,2144.04,8.77,99.07,44.07
68.13,2896.46,114.77,183.36,178.69,4607.56,0.31,98.99,110.97
35.51,1002.77,137.31,151.06,9.16,1866.38,0.31,99.15,67.33
70.74,1929.85,81.17,271.61,130.53,7133.9,3.35,100.0,105.01
78.17,2246.19,157.32,226.63,26.9,6966.03,3.52,99.79,65.1
38.59,1976.56,133.27,285.53,387.07,4712.66,0.08,98.88,81.38
74.27,314.25,102.98,289.02,148.0,3175.3,0.37,98.77,136.54
63.26,2398.76,84.4,61.82,161.01,2256.62,5.93,98.65,48.78
71.44,3111.54,110.76,308.06,176.15,3733.04,0.66,99.28,72.53
92.94,2129.66,79.15,276.07,78.1,6125.67,0.02,98.14,111.71
50.09,1326.23,122.92,170.46,274.97,3583.31,0.59,99.05,82.26
39.93,1688.81,124.27,227.98,237.62,8435.44,2.66,99.47,102.55
37.21,3286.94,133.09,190.11,262.61,7683.25,4.96,98.69,95.07
38.68,2684.97,208.31,249.28,70.38,5001.48,0.34,99.23,34.73
53.46,2496.02,113.38,170.29,282.18,4168.64,0.51,99.39,150.96
61.82,2297.49,170.23,238.31,271.79,3975.45,1.17,97.97,91.03
60.53,1585.2,131.48,205.38,159.08,7877.08,2.76,99.34,158.79
71.54,1907.6,108.09,165.42,260.55,3817.95,2.15,98.88,108.52
55.26,1993.45,114.04,215.21,204.54,6681.86,0.79,100.0,147.67
84.07,2432.7,117.06,416.52,36.54,5039.23,0.14,99.34,135.89
49.71,3104.24,133.99,145.16,163.55,6284.41,0.58,98.56,144.16
100.0,2830.84,72.03,180.0,136.66,3523.28,0.5,97.93,86.09
67.51,1054.43,46.73,146.55,187.69,4400.75,0.04,99.17,166.48
37.86,2204.8,152.71,154.94,271.9,4956.47,7.38,100.0,76.12
33.58,2563.73,164.91,265.26,32.28,3863.54,0.59,98.78,109.51
64.65,2481.2,157.28,257.27,140.08,7248.6,3.62,99.42,129.53
50.53,1607.54,127.75,199.53,106.03,3624.25,1.33,99.72,221.89
69.28,4087.88,158.36,282.1,109.9,3961.34,7.17,99.68,138.76
64.46,1154.04,155.67,263.48,105.92,7445.66,0.32,99.2,73.96
53.54,1289.77,159.38,187.01,186.14,7096.87,0.23,98.74,105.77
38.06,2211.52,77.02,77.29,227.09,7858.36,0.0,99.02,41.15
24.7,3529.76,65.15,266.38,211.35,1565.11,2.53,98.45,153.8
46.07,1462.66,100.57,213.57,196.71,5361.3,0.73,98.54,1.0
72.13,1861.92,119.13,201.78,235.96,5162.51,4.09,99.89,88.1
59.28,2802.11,107.9,162.72,394.23,3988.88,2.01,99.43,182.83
30.09,2035.5,26.17,259.57,192.23,5584.03,1.72,99.4,125.39
58.46,1813.78,206.08,227.88,271.9,4421.4,1.33,98.7,114.59
62.71,2443.94,106.3,181.05,266.78,5291.59,0.6,100.0,47.33
37.32,2238.76,128.64,101.96,340.0,11123.38,0.13,99.04,148.23
58.07,2769.31,182.23,285.43,230.45,5570.84,1.17,99.29,58.42
56.16,2952.03,2.75,248.39,104.01,5646.44,0.21,100.0,58.75
32.14,2262.9,94.42,220.43,207.44,6478.19,4.72,98.69,148.16
62.16,2252.21,100.64,1.0,202.6,5325.16,3.54,98.76,57.09
66.22,2197.88,103.18,196.97,253.37,3023.54,1.93,99.92,36.46
76.66,2390.39,111.33,180.7,101.39,2035.92,1.2,99.77,56.44
76.08,2086.62,192.36,150.52,293.97,4947.28,1.21,99.44,102.57
27.45,2047.57,153.67,260.34,180.47,4515.6,1.25,97.68,74.9
36.24,2885.64,167.9,257.19,255.54,1465.52,2.74,100.0,167.67
65.3,3109.28,122.36,234.95,207.87,7932.91,0.27,98.77,96.37
65.28,992.71,50.03,283.03,191.03,5192.61,1.52,98.79,45.39
65.3,2055.01,16.02,118.22,201.05,7590.99,3.35,99.06,20.28
100.0,1565.91,43.53,163.71,240.48,982.65,1.43,98.36,131.02
66.42,1830.32,137.99,205.98,356.28,7625.28,0.03,100.0,107.01
77.71,2329.76,121.59,150.24,5.0,4126.63,0.56,99.32,119.34
74.08,2516.61,109.49,258.17,228.6,7266.48,2.21,99.69,77.92
68.03,1969.51,101.57,158.22,183.96,5386.76,5.44,98.66,101.17
48.69,708.66,220.59,303.87,164.06,5815.86,4.48,99.89,142.63
70.18,1372.47,78.85,125.51,5.0,5818.13,3.46,100.0,95.22
39.54,2675.55,166.39,370.56,232.22,4234.75,6.0,98.31,49.11
50.26,129.7,120.1,362.34,168.75,3836.27,0.66,98.41,123.91
45.29,2879.2,116.95,192.42,104.9,4349.91,0.02,98.64,81.04
56.64,2412.86,178.83,291.69,183.82,2350.56,0.88,99.85,133.65
100.0,2969.32,193.13,167.97,153.65,4134.72,1.72,99.33,96.02
17.65,1909.0,108.02,281.06,23.18,3745.78,0.76,99.15,129.47
68.73,605.02,159.96,185.92,187.94,2307.37,0.09,99.46,115.28
22.75,2349.25,138.19,97.16,232.21,5825.6,1.42,100.0,146.92
45.56,2940.26,120.37,1.0,130.57,5013.89,0.45,97.98,133.48
76.78,2695.31,130.21,178.5,203.55,5442.88,2.6,98.98,42.81
56.29,1584.12,85.6,222.33,189.73,6255.41,0.19,97.05,20.05
33.45,2108.73,104.7,306.43,274.09,4571.85,6.35,99.55,91.92
40.69,1675.01,90.97,202.93,170.67,3310.31,4.19,99.96,119.07
68.59,1474.51,165.07,280.23,252.1,5547.1,4.14,98.99,65.99
40.39,2716.77,115.24,163.68,151.8,100.0,3.12,99.66,112.83
59.33,1209.73,55.11,173.02,357.06,4805.43,2.01,98.12,111.14
55.91,1422.33,83.83,284.32,140.68,6377.3,0.11,99.54,92.08
41.97,1275.18,1.0,2.83,118.35,6884.47,2.17,100.0,69.61
97.88,1004.83,95.28,201.04,170.96,4047.0,2.75,98.93,54.23
67.68,2150.49,121.88,168.0,114.48,965.5,0.28,99.49,194.17
14.5,2861.05,113.19,308.85,67.62,260.12,1.91,98.79,10.17
58.73,1918.59,219.01,157.74,245.48,6148.49,1.3,99.32,45.45
41.76,993.98,148.75,241.33,5.0,4362.83,1.28,99.98,199.02
72.05,2635.96,146.52,273.72,115.42,8631.14,0.44,99.62,53.68
39.15,3227.99,37.84,80.59,59.24,2460.01,2.69,99.13,72.49
52.71,1595.63,101.77,188.85,192.8,5616.2,5.18,99.12,122.2
65.1,1713.01,95.67,165.47,5.0,7992.23,3.1,98.36,114.24
72.32,2408.96,80.7,275.7,229.31,5371.63,0.92,99.91,112.72
30.99,3183.31,80.01,254.01,239.05,2134.52,8.29,99.72,154.82
48.31,1684.12,29.59,181.34,33.06,9990.7,0.91,98.32,56.68
45.5,1115.29,56.21,116.21,197.15,7845.06,0.53,99.32,102.0
41.93,2489.99,163.7,283.05,226.45,4590.96,6.89,98.55,92.85
90.31,2607.35,112.85,194.59,264.63,6474.12,3.12,98.88,59.84
63.1,2052.29,94.68,70.53,47.8,6493.39,2.86,99.77,99.15
29.78,1657.31,119.73,77.41,35.14,6155.19,0.16,99.89,117.41
73.36,2744.07,178.37,235.01,315.24,2512.86,0.43,99.7,118.4
97.44,2417.63,120.21,97.94,106.03,5583.48,0.04,99.01,137.78
75.65,1510.1,147.02,348.77,132.53,7629.29,3.0,99.52,93.4
24.61,2082.37,77.67,125.03,236.98,5908.15,0.65,98.66,54.71
45.32,1101.8,89.07,199.97,74.77,5714.87,0.28,99.73,39.64
80.34,2528.12,137.7,212.73,156.07,4033.72,0.4,99.19,76.54
40.85,1864.44,214.63,141.65,260.26,3372.84,2.05,98.87,40.89
63.88,1743.0,191.49,20.81,52.1,2169.47,1.13,98.69,66.57
70.49,2024.99,149.14,215.27,135.0,6363.44,5.67,99.67,47.73
36.46,2076.22,127.57,139.74,78.59,4602.41,0.91,99.1,68.81
53.81,2674.45,190.05,209.32,110.35,2585.52,3.59,98.86,166.34
1.0,2461.76,159.73,190.21,286.71,6757.54,1.58,98.85,90.07
34.51,1938.51,5.32,221.06,306.46,3943.56,2.44,98.33,157.89
49.95,2582.57,67.3,324.95,203.21,3455.84,0.37,99.32,111.71
30.04,2328.52,136.91,156.31,227.9,4106.75,2.76,99.4,70.1
87.65,1749.38,30.65,162.49,225.44,4652.44,0.18,98.16,90.07
26.4,1960.7,75.12,66.74,119.49,5824.44,2.35,98.45,28.97
46.2,1944.24,85.01,184.39,201.43,3424.44,1.25,98.05,81.76
57.61,2401.68,107.19,232.79,63.42,6818.67,0.52,100.0,42.57
83.83,1791.08,105.63,161.32,93.73,5871.61,1.31,99.63,118.94
26.28,1774.71,105.54,233.31,172.19,4073.61,3.87,99.97,77.6
78.26,3426.13,161.27,185.8,84.51,4712.38,0.34,100.0,82.86
55.2,2705.81,106.74,95.82,65.45,4239.26,0.37,99.51,78.28
35.37,1515.58,100.77,224.96,115.93,5118.56,1.53,99.16,130.94
64.24,2447.66,52.54,183.53,283.17,7735.77,1.96,99.34,59.41
58.98,2130.85,171.22,209.82,320.14,4220.71,1.09,98.75,56.77
43.0,2322.09,86.43,154.64,177.07,5341.04,0.62,98.64,108.7
56.4,2144.14,65.65,147.57,232.4,3742.55,0.14,98.91,138.45
47.29,2880.75,130.65,212.59,129.29,5957.52,0.1,99.03,108.25
57.27,2289.93,81.65,181.55,5.0,5497.53,0.08,98.04,182.47
68.24,2004.54,93.7,337.94,99.58,7393.31,4.63,98.33,57.63
86.72,2777.53,132.92,263.9,152.25,3507.46,0.28,98.31,8.34
30.24,2211.3,103.68,243.6,192.69,6243.04,0.7,98.28,114.49
97.66,2133.04,235.58,185.8,170.91,7275.35,8.52,99.65,88.87
15.96,2267.82,116.26,37.92,154.65,4212.29,5.25,98.97,113.86
51.96,1982.47,150.89,135.39,128.28,4771.48,0.09,99.07,129.26
66.77,2054.46,22.92,148.22,210.95,5343.33,1.6,99.47,33.99
60.62,1637.31,76.97,178.0,57.25,4574.16,2.01,99.78,83.53
42.55,1522.18,65.65,197.33,252.19,5319.17,0.11,99.52,118.44
50.84,1349.0,72.28,252.49,127.23,6212.19,2.6,100.0,105.22
45.14,1073.61,140.78,221.85,366.04,4794.84,8.82,99.23,87.96
43.21,1432.2,171.78,292.74,151.62,4780.76,1.12,99.34,124.53
71.99,1926.01,137.23,175.05,136.78,5479.99,1.19,98.78,134.87
62.14,2120.18,108.67,220.57,129.36,4281.5,2.15,97.87,12.95
41.14,1858.09,88.46,227.51,137.68,4370.52,2.67,99.26,158.03
72.99,399.01,175.68,219.66,234.65,3382.05,3.12,99.8,46.09
61.15,3150.21,223.56,302.55,176.2,4924.15,0.16,98.68,118.82
71.26,2808.54,126.75,264.3,268.84,5805.95,3.23,98.84,81.78
67.59,2360.03,166.97,94.45,221.8,4515.55,3.99,99.87,145.2
38.42,3383.24,137.17,190.85,182.83,3607.68,0.09,99.17,123.84
43.8,1363.85,157.78,198.88,213.57,4826.81,0.08,98.55,118.57
69.95,3369.34,61.77,372.12,287.67,5714.76,1.6,98.53,103.88
67.21,1372.35,95.59,173.62,239.1,5230.34,1.37,99.66,73.51
54.58,2215.12,139.77,121.4,205.25,9013.19,7.83,99.11,55.4
57.35,1156.31,180.62,235.07,218.05,3818.45,0.7,99.1,39.68
80.55,2058.29,79.09,239.76,76.26,4729.43,1.78,98.23,69.97
43.17,2318.32,18.34,194.1,411.45,6402.74,1.41,99.53,131.49
65.94,1939.72,95.09,182.38,227.53,3749.58,1.53,99.92,54.92
50.96,2547.71,170.51,275.91,236.51,8470.79,2.16,98.95,143.36
50.65,2117.31,40.81,131.71,177.42,5008.31,1.54,99.49,53.97
76.98,1682.31,61.15,172.72,5.0,6010.06,0.01,98.92,88.42
71.51,1651.23,127.8,158.23,156.12,5034.22,3.71,99.62,113.04
71.27,2615.64,114.2,287.51,186.84,6833.55,0.45,99.55,136.06
81.11,1590.38,149.72,222.84,105.94,3086.88,0.53,98.93,80.34
55.42,2688.78,58.56,114.8,105.16,7829.33,2.09,97.71,114.25
68.64,2903.9,103.75,122.84,149.47,5417.09,1.3,98.64,103.5
48.79,879.9,179.76,349.87,249.44,6185.23,1.71,99.44,85.01
61.48,2841.05,60.36,286.66,293.02,3670.92,1.38,99.82,53.45
52.4,3490.3,193.85,267.32,195.39,5607.04,1.08,98.78,112.6
56.94,2224.4,66.63,200.98,128.94,3257.62,1.32,100.0,96.11
66.9,2467.36,162.47,320.68,147.39,7116.16,0.3,100.0,82.22
38.64,2773.9,101.35,111.73,188.96,2678.34,6.97,99.69,99.59
96.85,1855.16,62.75,260.24,199.62,5277.51,1.71,98.4,117.85
34.88,2175.6,95.16,164.54,219.15,4300.83,0.68,99.7,27.81
30.72,1128.06,147.25,180.09,140.46,2187.27,2.5,98.82,73.15
78.16,2145.04,119.66,258.06,227.64,3316.35,4.24,98.78,56.03
70.83,2396.68,175.92,188.52,220.52,5809.27,0.7,99.52,59.06
67.48,2409.31,191.79,165.22,144.44,3386.2,0.78,99.5,63.44
67.57,2793.8,60.85,160.39,25.25,3795.49,1.15,99.52,138.94
54.76,1505.64,57.19,41.09,100.36,5672.02,0.49,99.66,108.33
37.05,1675.18,54.76,261.06,321.08,6646.71,3.32,99.16,51.0
56.52,3374.86,75.04,119.47,27.58,6189.4,1.75,98.19,102.43
41.46,1942.77,175.21,348.67,298.58,4916.16,0.12,100.0,112.13
74.5,2188.02,148.02,176.99,24.43,5391.75,11.43,98.93,80.65
52.06,2001.09,92.75,304.76,110.42,5213.74,1.71,98.7,43.51
38.49,1472.82,119.44,55.28,146.28,3134.56,4.41,98.35,51.46
48.57,3184.47,190.22,258.52,340.41,5502.99,1.39,99.31,31.55
63.26,1678.61,215.4,279.08,182.35,3118.53,1.75,99.22,180.6
43.73,1258.9,132.97,304.29,160.74,6105.7,1.21,99.12,25.85
38.56,1732.48,1.0,77.76,95.82,5243.24,1.1,100.0,44.83
59.87,646.81,134.86,143.78,226.98,1104.44,0.49,99.66,94.06
59.9,1592.1,166.74,246.12,133.86,6762.41,6.55,98.49,21.9
44.86,1370.31,131.23,211.88,159.39,4060.34,0.4,100.0,48.65
45.58,2480.2,156.33,223.47,147.75,3911.35,1.49,98.14,99.6
59.64,1576.61,137.85,171.18,244.79,6720.63,0.18,99.12,103.13
26.04,2669.46,58.27,324.06,248.56,4706.13,10.03,98.69,111.39
26.85,3026.94,75.69,408.68,99.87,6075.34,1.62,99.46,123.62
40.63,2594.82,103.94,208.32,123.55,3823.96,3.37,99.65,93.39
50.73,1897.23,173.27,236.27,114.67,6446.6,1.66,98.91,67.45
61.22,2146.78,81.71,204.5,196.5,5354.96,3.27,99.94,113.3
84.51,980.51,142.8,302.72,261.6,5728.85,1.53,99.34,150.62
72.15,1954.35,135.18,266.33,197.7,4678.66,1.18,100.0,119.71
51.8,1445.69,199.31,114.69,5.0,7933.59,1.22,99.85,60.45
54.62,2534.03,117.92,150.98,248.38,8366.8,0.0,98.87,119.57
34.95,3848.93,32.26,119.26,58.59,1033.31,0.93,99.94,117.37
54.63,2397.88,152.34,415.59,115.63,6667.44,6.07,98.75,45.52
49.23,654.2,226.9,250.82,197.86,3056.47,2.25,99.64,85.68
61.45,1795.14,155.62,152.35,172.45,5917.42,5.03,99.57,117.66
38.46,2133.74,80.62,145.96,258.55,1800.18,0.45,98.84,141.45
65.39,2109.15,65.9,264.42,125.03,5725.83,1.35,97.8,69.14
85.65,1536.43,72.35,272.39,93.0,3494.77,0.07,100.0,36.71
52.82,2219.7,220.17,263.85,151.95,4174.12,2.26,99.49,115.34
63.03,1178.25,103.63,165.96,267.93,4222.23,3.07,99.21,85.07
68.8,1386.56,86.87,224.47,236.67,3677.81,2.76,99.21,104.59
46.98,2500.06,112.08,208.87,187.84,3726.66,0.18,99.88,102.61
59.48,1337.04,104.15,125.1,299.34,4283.57,0.57,100.0,100.94
55.25,2424.75,198.38,125.88,283.04,4722.92,2.13,99.83,78.46
56.95,1089.38,69.28,232.96,250.96,5581.64,2.85,99.46,131.26
39.54,3283.38,179.03,215.72,73.98,8349.28,0.64,99.4,61.05
55.49,1506.01,126.1,244.27,250.49,3295.62,1.04,99.45,105.61
64.96,1891.43,180.35,263.28,161.79,5228.08,0.87,98.5,110.61
84.02,2279.43,199.13,319.95,144.46,6390.77,0.01,99.61,87.18
74.19,1652.26,124.24,137.93,118.57,3723.99,1.72,98.28,126.73
98.06,2148.38,104.25,250.42,164.55,936.91,2.21,99.51,76.39
39.65,2450.75,123.31,259.94,123.68,1563.3,0.65,98.87,186.87
72.45,2720.43,115.26,175.03,195.28,1003.12,2.33,99.81,104.46
58.67,2602.05,37.15,209.75,164.44,7772.21,0.56,99.47,144.53
98.8,1927.73,197.62,177.08,199.85,6105.48,2.51,98.95,130.52
38.83,1945.36,132.29,368.69,229.79,6360.76,1.22,98.49,151.94
38.21,3692.38,61.85,208.39,153.51,6766.53,4.11,100.0,98.52
43.01,2712.92,16.62,236.12,113.64,3964.15,1.57,99.14,140.09
12.52,1402.72,3.62,178.88,5.0,9145.48,0.41,100.0,153.24
44.48,2117.99,158.52,161.63,249.36,5603.84,3.45,98.34,106.52
39.82,1813.4,89.05,95.84,187.09,4869.01,3.01,99.02,67.06
58.01,1953.27,97.25,287.99,164.14,6998.0,0.18,97.62,168.19
61.84,1187.35,144.41,261.47,285.47,6201.14,0.1,99.73,95.76
92.52,1759.65,94.2,175.91,64.03,7403.08,0.29,99.79,98.14
74.01,3316.09,147.33,127.97,185.06,7508.9,3.73,98.78,105.81
43.46,2453.35,124.76,214.39,93.23,4364.16,0.77,98.74,63.67
37.03,304.19,115.79,160.18,239.04,5336.64,1.41,98.93,108.61
64.84,2899.71,41.36,182.24,5.0,3363.45,1.85,99.03,108.93
28.6,2810.74,79.01,98.92,252.36,2069.09,2.72,98.81,94.6
91.63,1796.5,150.13,217.37,248.64,6506.23,3.54,99.96,92.34
78.59,2550.08,85.9,218.96,96.93,6722.66,1.45,98.87,86.11
45.62,1446.42,180.27,287.58,185.97,1431.97,1.07,97.87,79.8
20.74,1718.82,237.32,187.94,98.86,3709.03,0.44,99.02,124.06
82.08,3096.98,152.82,173.32,218.48,5100.95,1.87,98.84,106.61
52.71,1857.79,194.64,75.46,253.82,5272.5,1.6,98.28,132.25
79.76,739.19,156.04,288.08,89.55,8681.0,0.69,99.33,74.14
23.11,2003.69,93.29,271.43,63.29,3871.51,1.18,97.85,140.11
43.01,1992.99,130.01,202.3,278.68,4691.65,2.69,99.47,130.66
55.1,2886.86,220.67,93.66,354.71,6169.74,1.97,99.18,85.28
55.94,2058.04,93.82,102.84,224.5,4369.63,1.31,98.81,68.35
46.0,1752.89,68.03,156.23,231.16,4091.04,0.64,98.4,118.79
67.46,2779.54,63.29,277.22,150.12,3943.29,2.21,98.18,31.56
33.65,2132.55,109.12,223.23,196.2,5419.36,1.98,99.82,78.4
52.15,1522.98,69.83,80.53,211.56,4683.76,1.23,98.99,106.02
57.41,2856.5,203.7,232.34,163.57,6228.46,0.54,98.02,89.01
65.29,2183.56,130.82,132.87,301.49,5643.42,0.38,99.19,52.15
69.23,2050.05,168.59,158.22,195.91,100.0,0.83,99.01,98.62
32.51,2172.54,105.07,277.74,207.5,1847.25,4.79,100.0,55.05
24.32,1298.53,62.99,261.24,165.42,4098.63,2.8,98.91,105.43
80.55,1678.64,54.53,287.45,174.57,6764.0,4.43,99.89,79.34
61.65,2050.51,74.6,198.15,289.68,3826.98,3.7,99.05,89.46
40.03,1911.74,137.38,270.64,193.13,5674.26,1.23,98.37,62.12
86.02,2938.7,145.99,153.11,195.24,6077.29,1.51,99.53,125.95
57.31,2200.18,150.16,179.39,196.4,5972.48,0.37,100.0,89.16
78.59,2646.43,45.57,173.9,147.19,4014.64,2.55,99.83,65.48
56.35,2054.58,119.98,201.91,53.29,2933.44,1.1,99.42,90.17
96.21,2787.4,68.7,97.08,321.53,2638.0,0.35,99.9,164.39
90.11,2326.27,140.07,182.0,276.15,10347.68,0.2,99.32,108.39
50.02,2057.39,143.95,316.13,292.41,5819.77,2.38,99.26,138.03
74.43,2038.7,61.39,112.6,83.47,8313.05,1.32,98.17,30.53
67.91,1379.89,168.4,93.65,310.04,3500.4,0.02,99.35,87.11
82.37,2402.84,236.94,100.1,357.02,7246.97,3.48,100.0,55.0
35.7,2019.86,161.74,412.95,274.03,4141.74,1.93,98.05,74.23
68.72,1696.61,111.86,237.19,328.3,4947.89,0.08,98.28,64.34
76.17,2822.52,104.17,178.38,251.81,4484.55,0.73,98.97,146.58
19.83,1172.85,109.55,205.47,103.81,3417.02,2.56,98.25,123.68
31.33,1752.25,81.96,218.21,225.69,3444.38,0.12,99.68,64.78
14.22,2767.4,132.62,148.76,88.17,4929.61,2.67,97.99,76.41
49.61,2268.87,63.08,158.62,126.24,3943.26,1.41,99.68,109.51
69.35,2014.5,25.52,187.39,208.47,5228.1,3.05,99.9,130.62
85.05,2223.7,130.98,142.02,196.38,3491.91,3.87,99.66,136.64
56.48,2173.59,121.06,168.25,221.68,6273.43,2.92,99.21,120.4
87.57,986.34,91.44,228.25,18.71,4172.07,0.16,99.57,167.57
27.4,1803.52,55.87,120.23,166.12,7946.48,1.23,98.39,112.07
20.93,3179.57,134.49,408.8,229.41,4908.88,0.77,99.38,77.2
53.89,1586.47,70.49,260.25,247.35,4816.07,1.42,98.77,62.41
62.68,1825.19,113.05,98.39,253.24,7886.36,6.75,99.82,51.82
54.35,1668.87,208.25,1.77,202.61,4108.5,0.27,99.7,46.61
13.65,1987.09,152.56,145.0,145.87,4267.57,4.01,98.63,121.99
53.22,1639.81,51.54,254.75,225.13,3738.25,9.39,99.45,158.63
28.91,2388.72,56.26,239.24,153.03,5367.98,9.21,99.48,99.19
68.39,2186.12,127.59,191.13,261.1,3676.68,3.19,98.87,168.12
62.33,2589.48,51.23,151.88,218.46,6398.0,1.25,99.22,96.1
36.2,1312.34,19.91,127.67,174.45,4916.16,0.39,99.56,119.28
44.72,1809.76,146.62,167.79,110.79,6510.0,1.87,98.88,31.71
33.82,1889.99,136.05,119.01,280.75,6307.13,1.89,98.58,127.49
53.75,2366.95,142.53,168.09,230.31,4077.53,0.76,99.36,69.51
74.1,1492.75,133.15,306.48,369.27,3673.45,1.92,100.0,128.22
35.29,2688.96,116.73,138.3,227.36,4408.95,0.25,99.09,146.32
65.08,2878.49,86.89,248.87,234.89,5015.96,2.01,98.95,107.19
44.39,1355.79,145.81,261.07,48.13,5601.24,4.54,98.65,112.33
39.14,1704.39,196.49,113.63,207.94,5801.24,1.28,100.0,99.74
52.86,1675.65,94.94,132.53,151.51,4942.53,2.89,99.81,120.58
34.3,3890.67,68.96,285.52,254.38,3773.88,2.02,99.1,169.92
43.93,1747.07,63.24,125.94,210.12,3944.08,0.01,98.65,95.46
31.04,3222.34,76.66,195.4,268.67,5933.04,0.26,98.64,101.59
94.29,1161.36,130.13,363.2,371.93,3829.67,2.98,98.6,23.86
55.71,1355.24,13.02,278.39,108.15,6008.42,0.08,98.85,111.88
41.01,1567.38,141.96,206.82,265.2,6067.33,6.26,98.81,63.76
59.28,1456.02,152.2,267.26,241.52,7761.05,4.49,98.68,87.09
52.75,1860.47,30.1,195.53,358.14,4134.46,0.9,99.98,114.1
50.58,1551.86,71.04,281.46,243.48,4414.72,0.74,100.0,30.36
67.28,1474.46,123.98,36.3,234.13,837.14,1.9,98.44,113.62
70.15,2858.93,112.83,188.86,256.63,3302.47,1.89,98.8,105.05
44.39,2904.66,145.98,33.09,262.91,3278.97,0.19,98.54,123.13
43.48,2712.51,112.94,212.91,310.89,5910.21,0.49,99.42,69.46
49.5,2414.8,183.24,181.11,106.26,8253.28,2.02,98.96,139.5
8.96,2112.92,103.94,308.86,144.69,6045.36,3.23,98.48,107.2
24.7,1700.08,70.85,256.95,336.18,6783.43,0.43,100.0,66.58
82.34,1380.79,66.83,157.91,5.0,3719.61,2.42,99.54,40.22
87.9,2302.1,156.77,167.5,172.37,2843.65,4.09,98.51,73.34
50.02,1226.46,121.48,230.46,193.46,4564.36,0.25,100.0,129.83
66.53,1352.26,151.69,154.2,164.08,3877.24,1.16,98.4,112.82
61.23,2855.04,150.66,197.41,322.29,3450.04,3.8,99.63,9.17
100.0,3378.45,19.01,305.34,222.83,5392.87,0.93,100.0,81.68
77.39,2323.31,63.0,133.67,145.14,2865.34,0.63,99.11,100.01
52.44,2822.52,68.97,164.19,122.9,6487.67,2.74,99.0,171.38
35.89,1875.91,79.2,175.41,205.36,4281.01,1.02,99.32,146.51
22.87,1111.63,98.98,452.65,284.94,4918.57,2.45,100.0,87.86
59.07,2476.52,169.96,248.66,192.46,5179.62,0.27,100.0,102.25
39.87,2446.5,179.92,290.57,167.9,4159.91,1.61,98.89,40.49
26.55,2098.17,105.36,261.45,117.42,7277.99,0.95,99.41,1.0
42.07,1878.34,107.44,266.83,213.66,2109.59,11.83,99.85,79.12
33.37,2721.55,84.73,237.89,208.67,7310.0,1.79,98.9,135.13
88.74,1357.99,124.46,229.22,114.82,4375.3,2.29,98.41,102.24
72.63,1506.35,130.13,83.94,272.38,6657.35,0.28,99.96,65.04
54.84,1342.33,160.32,228.63,333.54,5362.23,9.65,99.56,131.5
84.6,2107.48,159.92,191.33,184.41,6530.89,0.11,99.42,166.73
56.55,1286.47,4.89,243.64,207.19,4786.86,0.15,99.97,35.44
37.77,1569.03,112.37,194.33,80.56,5429.18,0.16,98.4,92.9
85.46,1553.97,189.21,261.05,246.35,6976.23,4.09,99.04,73.69
65.78,1865.57,98.09,275.19,221.78,5172.53,2.61,100.0,96.77
34.26,1006.84,176.96,1.0,150.65,7394.14,7.23,99.6,76.75
51.19,2109.04,104.68,165.29,113.09,5633.95,0.14,99.64,206.67
37.49,2921.11,128.75,51.41,346.28,3681.1,2.35,99.27,90.22
27.34,2142.84,63.16,219.12,214.45,4361.34,1.52,97.91,107.01
73.52,3126.92,65.04,175.94,97.41,6598.59,2.04,98.63,101.71
93.19,2981.8,156.27,308.47,257.0,2768.4,1.44,99.84,44.87
27.03,2592.41,164.09,216.58,200.67,6427.18,2.25,98.82,103.14
66.26,2100.28,121.32,161.16,185.3,4341.62,4.75,99.08,36.12
41.99,2063.75,58.62,275.09,268.07,2678.51,1.77,99.4,167.13
45.26,2582.66,122.19,174.54,5.0,5373.06,4.53,98.52,131.13
43.15,1773.83,182.86,160.16,17.37,3739.66,3.05,98.3,71.93
37.72,730.24,207.14,231.49,304.13,3971.08,4.0,99.19,88.32
55.97,2392.4,104.16,329.04,168.4,3873.67,2.15,98.94,136.05
38.38,1256.25,37.01,268.28,141.59,5206.81,1.46,99.36,105.91
60.41,1374.5,162.02,245.35,59.6,4298.06,0.14,98.2,28.94
54.0,2048.16,106.2,420.08,197.45,5703.71,3.6,98.83,101.73
50.22,1981.41,167.15,141.41,208.55,6822.36,0.55,99.68,138.42
36.85,1059.55,134.05,139.62,309.67,5975.04,0.07,100.0,1.65
43.46,2163.84,75.83,211.65,213.52,8249.55,1.46,99.28,100.52
70.11,2724.3,122.91,321.2,152.75,8692.43,2.0,99.67,61.58
65.02,1258.16,185.42,124.67,216.51,4477.54,2.17,99.54,145.7
35.45,2938.74,112.54,340.37,279.85,2925.28,2.22,99.41,76.88
56.99,955.88,68.26,84.87,260.21,4479.56,2.12,99.68,72.77
70.03,3530.13,40.57,190.3,235.93,5213.04,3.3,98.53,128.11
21.61,1760.12,81.39,213.88,204.71,9006.39,2.93,98.95,59.1
65.87,2149.93,99.49,129.39,127.68,4325.36,3.35,99.37,98.35
41.75,723.58,161.0,150.3,87.05,5500.27,1.23,98.52,106.24
66.41,2004.5,63.96,263.73,72.81,3773.91,0.13,99.5,87.24
39.73,2207.94,197.69,315.32,215.46,4375.99,2.04,97.86,42.85
18.9,1987.69,53.14,30.83,224.85,2814.1,0.47,99.77,60.14
22.45,1653.84,236.57,214.42,278.49,2367.08,3.93,99.09,89.77
55.96,1385.4,206.28,190.94,230.56,7449.68,2.56,99.69,19.24
60.19,2839.37,127.06,208.59,274.58,6919.15,2.9,99.9,98.42
36.91,2069.56,37.62,174.66,168.25,4334.72,0.67,100.0,84.47
67.77,3126.53,117.23,96.76,249.38,6914.09,2.01,99.39,117.89
21.77,1679.46,100.66,323.38,89.87,2647.57,1.5,97.99,120.98
53.68,1743.64,56.29,292.75,174.58,4687.95,0.63,97.97,50.1
30.78,2618.92,134.55,191.68,15.17,5313.67,3.35,98.31,74.22
41.96,911.92,78.82,160.93,182.84,7278.9,1.6,99.7,57.89
55.95,1198.58,84.25,151.24,290.23,5355.57,0.42,98.21,73.94
37.79,2816.24,109.82,1.0,186.32,5980.55,0.73,99.04,84.92
47.31,1227.65,91.25,228.31,244.96,4154.07,0.52,98.9,139.79
75.13,774.66,223.91,262.43,204.59,5475.12,0.75,99.45,71.16
43.46,3355.97,93.21,211.03,128.66,7275.85,0.42,99.7,130.46
71.71,1072.33,142.04,193.09,163.2,2090.28,0.93,99.27,105.41
32.41,2176.88,127.28,210.67,286.17,7044.93,2.37,99.76,150.44
65.6,2096.36,137.64,131.74,244.5,4622.05,6.4,98.43,80.86
83.83,128.0,141.45,160.04,124.42,2469.28,0.47,99.91,62.46
5.57,1860.88,164.07,186.69,55.13,4519.16,0.71,99.29,100.76
39.06,2361.89,133.32,255.73,198.62,7322.15,0.0,99.73,30.71
66.54,2296.02,131.24,310.31,127.63,4131.8,0.51,98.84,101.31
50.94,2680.46,122.92,181.67,164.03,5538.81,1.08,97.76,117.63
62.42,1776.76,113.08,116.42,49.1,2096.27,1.24,99.67,138.94
42.92,2546.75,74.41,202.85,273.67,1713.8,0.62,99.1,111.24
56.73,1565.47,116.96,360.92,171.27,3061.87,0.33,100.0,89.28
51.89,1060.67,132.06,123.38,184.92,6823.05,1.66,99.5,172.64
78.36,1139.59,140.11,270.87,105.04,4908.5,1.05,100.0,94.63
60.09,1024.52,129.01,306.88,155.04,6979.45,1.11,100.0,52.66
61.75,2754.71,108.35,171.2,191.02,7084.6,4.51,99.03,93.62
46.76,987.8,117.15,143.94,124.81,3635.33,1.65,98.09,41.23
45.25,2239.83,92.32,246.0,160.57,7820.6,0.98,98.59,45.65
46.35,1861.85,135.66,228.26,304.77,4020.12,0.59,98.54,104.67
62.89,1976.15,108.94,255.58,22.5,6800.65,1.12,98.84,41.96
46.58,3002.53,129.03,365.9,196.61,6727.08,3.96,99.11,70.33
60.8,1741.1,170.04,213.36,109.31,5117.06,6.71,99.42,48.26
96.51,2476.12,84.53,104.62,300.28,5119.99,0.95,100.0,100.61
72.42,2074.29,149.83,205.33,163.73,5576.83,0.47,98.59,66.53
48.48,1941.59,121.66,219.32,85.76,5207.79,4.92,98.23,116.28
79.02,3657.98,221.06,301.37,160.6,4297.75,0.31,99.78,113.05
46.84,1039.06,109.18,184.26,211.47,4143.38,0.71,100.0,42.83
14.24,2950.39,154.76,167.27,429.81,4312.15,0.46,98.86,131.83
34.84,2507.48,120.77,90.3,5.0,7192.79,1.67,99.93,88.14
17.58,1712.33,50.58,243.79,72.08,2140.99,1.05,99.74,46.02
47.97,3188.52,93.97,467.86,297.47,4105.68,0.68,98.0,109.92
55.37,754.32,164.02,182.19,44.19,4413.31,2.92,98.75,165.43
88.53,1682.76,98.37,236.16,180.87,4589.42,2.18,98.87,87.14
61.54,1202.06,8.99,156.17,136.5,5534.2,10.81,100.0,29.07
50.62,2336.46,118.43,97.5,122.36,2573.15,0.75,99.56,131.91
71.59,1268.86,65.38,234.74,164.5,6845.57,3.73,98.85,158.02
10.78,2351.14,126.59,202.26,150.06,6596.52,0.72,98.71,51.79
59.71,1917.49,197.56,9.16,275.14,6213.8,0.02,98.1,63.17
70.42,1712.45,158.47,328.8,299.55,4626.39,0.33,99.95,96.42
25.43,2320.05,196.83,233.28,218.37,3670.97,1.42,99.48,17.64
77.88,1859.96,91.92,205.91,158.75,4414.64,3.32,99.63,178.27
61.77,1285.96,112.84,166.24,203.26,5109.56,0.12,98.3,92.97
46.69,4008.96,67.78,232.42,252.45,6199.13,3.57,99.72,96.65
67.66,1706.98,85.8,236.11,270.15,4853.64,2.52,99.03,109.3
100.0,495.67,73.66,232.11,213.3,5648.81,0.07,98.69,84.67
58.64,1458.53,54.66,285.44,317.49,4218.96,0.22,99.56,74.39
59.96,1160.91,188.29,303.62,124.51,5515.39,0.16,98.36,57.34
45.81,2626.3,15.4,360.45,282.6,4551.44,2.27,99.33,47.87
38.0,2273.16,188.51,133.05,243.39,5482.31,1.65,99.01,111.26
71.61,2327.1,182.3,154.13,125.1,1819.51,0.89,99.95,149.1
37.88,1788.98,144.99,228.89,200.94,5876.79,0.18,99.82,133.0
56.43,1852.45,64.27,137.67,207.13,5972.01,1.0,99.26,83.44
45.45,1788.35,40.89,150.56,167.22,5952.13,2.29,99.4,87.3
64.58,1991.16,92.58,238.02,166.24,3222.6,0.2,99.62,159.73
61.67,2632.73,151.26,272.07,42.77,3721.76,3.88,99.19,63.05
75.75,2283.25,120.15,302.07,117.97,3436.54,0.13,98.63,28.26
44.8,2398.08,67.83,184.59,158.55,5593.97,1.87,98.86,105.06
49.6,2397.69,177.41,237.05,128.47,6184.8,0.42,98.35,129.1
35.42,2667.11,204.22,219.42,102.99,3746.19,0.19,99.85,1.0
46.11,2249.71,108.67,201.41,275.5,7368.1,0.88,99.48,110.93
62.55,2299.19,125.47,134.72,170.65,7344.3,2.2,98.9,49.87
70.14,2880.16,44.56,124.54,375.01,5248.33,0.26,98.69,38.26
36.56,1582.47,99.28,253.33,200.05,5667.59,1.29,99.37,83.43
72.39,1448.98,145.52,133.37,273.61,1976.81,1.04,98.21,48.81
82.11,1217.85,137.74,57.85,161.27,4047.73,1.12,98.45,24.2
63.27,2176.04,94.62,197.46,120.45,2745.75,5.74,99.19,99.33
92.54,750.39,106.29,316.42,203.66,3362.02,0.86,100.0,93.23
39.52,2371.51,97.64,1.0,296.6,5926.13,9.57,99.52,26.28
30.11,1971.56,106.08,176.93,171.98,6360.9,1.55,99.33,38.72
19.43,2842.25,141.16,254.02,220.21,6436.14,3.7,98.38,113.6
84.92,1577.66,21.62,54.12,203.18,5435.04,0.86,98.55,116.14
68.09,1905.68,116.28,182.93,171.18,5942.07,0.18,100.0,1.0
53.89,2833.54,137.5,108.84,175.79,2139.56,0.18,98.88,44.46
60.6,3016.19,91.48,119.43,90.14,2678.84,1.71,99.25,91.69
32.49,1571.89,96.03,167.81,179.0,4623.41,5.32,99.61,111.93
100.0,2175.25,97.48,110.15,238.8,6075.48,0.15,98.91,111.43
57.58,2254.09,96.05,103.5,206.61,4194.93,2.34,98.84,119.12
57.19,2309.56,120.29,195.26,196.58,2550.59,1.66,97.99,66.18
69.52,1864.2,126.45,378.17,245.25,3754.83,2.11,98.35,102.12
64.62,2944.97,14.97,260.62,197.54,3319.73,0.49,99.61,79.25
59.48,725.21,152.64,280.84,181.25,1895.92,0.15,98.89,72.58
39.19,1753.21,105.5,263.78,246.16,9003.91,0.16,99.67,34.54
64.43,2361.55,216.65,144.2,192.29,7219.17,0.57,98.09,106.89
92.64,2368.06,60.42,224.87,158.71,1443.81,0.48,99.77,29.03
81.91,2994.93,76.63,287.82,222.14,1540.31,0.27,99.17,48.18
86.86,2886.76,109.85,266.27,176.83,3549.22,0.61,98.17,122.46
44.78,1848.12,140.66,215.56,154.66,2319.2,1.53,99.99,88.36
35.21,2957.91,22.46,241.6,193.99,9288.71,5.97,98.22,137.06
52.48,1548.17,78.54,397.03,195.04,3555.82,5.11,99.95,81.54
56.11,2699.62,149.57,267.16,80.67,5650.77,0.63,99.18,72.78
76.88,3315.37,72.59,174.79,209.99,4089.57,0.14,98.57,140.88
21.15,2898.46,188.5,194.08,346.19,2899.07,10.87,100.0,78.99
85.59,2122.04,97.31,115.67,91.83,6885.22,1.29,99.48,106.25
51.84,1815.75,75.03,387.76,134.77,6178.7,7.66,100.0,88.51
46.46,977.99,150.51,328.31,430.2,4892.78,1.54,99.5,99.81
34.76,2265.38,200.38,206.66,106.01,9287.48,4.35,99.05,86.14
21.9,1267.35,140.82,374.47,295.78,5423.1,1.19,98.59,130.12
71.46,1492.81,183.02,250.59,159.42,4178.36,1.95,99.07,97.72
56.47,1214.48,203.83,165.53,185.41,8447.49,1.53,99.31,81.71
29.2,1725.73,73.91,272.52,168.19,5726.98,0.5,99.77,105.16
29.1,2028.42,166.92,231.89,218.31,7930.26,2.89,98.92,33.08
48.28,2239.53,43.83,267.03,37.82,4929.64,0.11,99.56,135.51
88.38,1627.65,141.25,90.47,196.76,100.0,0.9,100.0,34.74
49.81,2796.5,116.43,135.17,143.7,2194.24,4.08,99.31,68.45
24.94,1902.26,182.15,319.08,12.32,6948.88,1.4,97.83,76.9
50.09,1496.59,178.61,335.45,280.88,3939.69,0.16,99.23,104.97
49.55,2206.4,148.49,313.21,5.0,5455.99,0.47,99.13,159.81
1.06,3422.49,134.92,377.49,373.36,7040.93,0.23,99.11,136.25
53.91,2282.61,145.42,246.19,235.53,5323.07,0.65,98.08,36.11
50.38,1794.0,123.09,240.57,57.51,3453.08,0.36,99.39,59.57
68.92,978.78,116.94,126.94,300.43,4980.04,2.49,98.83,39.02
91.98,1894.41,192.13,153.56,112.47,5192.48,2.15,99.13,43.0
77.53,2212.45,198.14,40.94,116.57,4265.32,0.29,99.86,71.4
49.62,1776.69,112.92,174.28,17.91,2507.04,1.18,98.63,147.39
32.87,882.23,131.88,35.32,102.24,4360.13,0.7,99.13,85.17
100.0,1452.6,124.08,286.48,112.84,4832.93,0.82,99.06,90.37
56.18,3066.18,39.42,231.07,253.63,2402.27,1.72,99.08,104.16
55.28,3051.8,103.18,37.91,285.05,3347.44,4.58,98.89,57.42
54.52,1427.35,199.99,184.81,68.33,3709.67,4.55,98.93,92.17
58.96,2518.93,82.51,357.41,204.35,1651.35,1.07,100.0,104.87
52.11,1223.0,225.73,189.95,14.38,5230.82,1.0,98.9,193.36
43.53,3031.02,178.61,120.13,204.69,5426.52,1.46,99.39,131.96
44.06,2219.67,140.07,57.16,374.59,4020.21,1.29,99.27,160.84
54.34,2712.75,148.04,59.55,19.82,2536.49,0.13,99.25,96.16
44.13,847.43,74.14,242.85,88.68,5732.58,1.73,99.54,116.14
40.74,2522.35,106.74,165.29,245.45,5982.94,1.76,98.76,105.46
57.13,2042.63,192.07,171.92,256.07,5177.45,1.2,100.0,23.46
49.9,2644.35,89.27,165.62,95.3,5074.81,1.07,98.56,1.0
85.08,2688.41,173.06,188.78,312.62,6069.1,5.59,99.08,50.01
1.98,2094.05,51.15,101.83,106.6,4828.16,1.84,98.37,144.74
76.83,1627.42,60.09,225.29,330.61,3348.04,3.39,99.83,79.2
79.92,2593.79,215.07,86.18,222.18,4873.49,6.15,98.56,126.14
13.53,2005.89,119.41,139.53,294.41,4294.31,3.32,99.73,147.19
48.15,1437.05,93.08,280.87,213.37,4873.43,5.73,99.39,43.67
47.57,1403.89,188.14,230.1,239.13,6591.68,2.85,99.32,154.04
26.85,1013.98,182.29,254.85,243.91,2836.26,0.37,99.98,48.5
39.44,1690.8,166.04,372.03,283.03,5319.45,0.51,98.78,86.74
32.79,2819.88,91.51,195.23,177.05,2745.35,0.43,100.0,51.81
90.05,2172.48,105.65,201.72,99.01,3347.27,0.78,98.93,104.48
73.71,1677.16,135.58,178.85,172.9,7832.91,0.88,99.5,88.53
80.43,2611.4,154.72,164.53,119.93,5823.15,3.33,99.06,126.88
69.43,1465.27,94.58,119.15,125.81,5289.69,0.9,99.63,134.99
32.42,2114.75,128.54,206.73,328.93,2014.75,2.6,98.5,158.21
44.51,1922.26,133.37,228.4,236.05,4575.67,4.68,99.27,125.07
64.79,2593.39,184.34,232.86,231.91,1268.98,0.24,99.21,127.59
30.56,943.94,157.72,205.15,276.54,5067.05,0.0,99.51,77.07
69.26,1452.86,44.66,274.09,235.58,2755.47,4.39,99.48,87.88
50.19,901.23,109.32,202.35,348.04,6004.12,0.54,98.6,107.56
47.5,1866.28,73.56,167.26,5.0,5290.35,0.33,100.0,45.37
69.22,2896.0,148.4,125.84,90.22,2811.03,0.7,99.16,139.93
63.89,1694.19,166.16,76.08,116.94,5686.87,0.41,99.71,89.65
47.78,1690.52,125.08,316.83,56.19,8768.1,3.16,98.32,102.77
78.19,2658.21,106.59,144.08,190.16,4635.09,2.01,98.91,34.27
33.38,2795.98,123.46,125.95,194.39,6584.55,0.37,99.96,80.45
67.32,1986.0,130.45,166.6,357.78,1214.62,1.75,100.0,129.51
66.86,2527.3,88.0,177.73,261.34,5841.85,0.47,99.5,111.78
48.81,1294.13,59.06,331.08,134.32,3975.31,0.44,99.14,128.18
61.52,3012.58,17.49,173.75,224.49,4515.77,1.81,98.46,81.51
29.98,3552.09,183.36,410.67,15.57,6071.21,2.19,99.76,100.16
73.48,2412.85,144.82,205.1,192.8,4561.73,0.85,99.41,90.85
51.3,588.97,138.13,364.56,187.99,2088.61,2.88,97.55,121.58
44.55,1657.24,183.26,271.51,98.81,7749.0,3.63,97.99,105.43
75.98,2476.98,57.23,228.88,161.89,2389.64,4.96,99.45,79.69
40.91,1752.96,33.22,326.23,117.67,3488.84,1.97,98.62,1.0
26.83,2938.54,139.21,289.78,96.07,5230.61,0.5,98.47,101.82
23.87,2459.71,134.66,250.77,240.7,5247.38,2.76,99.13,27.88
67.12,1553.47,33.43,385.41,273.05,5770.35,0.23,99.44,122.57
29.39,2070.59,137.98,160.13,225.9,5239.88,0.4,100.0,128.28
90.1,1422.32,99.99,120.41,140.57,7067.16,3.58,98.63,3.62
13.36,1920.19,79.65,145.9,120.37,5882.54,4.83,99.51,106.98
88.93,1659.78,103.33,340.18,143.37,2865.74,0.14,98.48,106.0
59.22,2870.33,1.0,316.06,160.2,323.44,0.75,98.85,110.04
53.07,3529.21,90.43,157.98,101.51,5271.96,1.98,99.33,45.71
44.1,1046.17,84.79,11.63,274.84,7639.06,5.58,99.1,114.07
62.98,701.75,147.86,183.53,161.8,2745.73,1.69,98.24,44.63
54.25,1876.38,112.09,118.94,248.84,3110.09,3.44,99.56,122.61
77.07,985.11,151.94,160.49,54.01,5638.74,5.12,99.72,112.35
57.28,2080.35,1.0,115.65,118.05,5869.39,1.46,100.0,81.8
58.01,2572.26,78.05,71.24,257.35,7020.11,2.7,99.36,111.99
47.73,3093.9,147.8,350.66,258.62,7954.0,2.17,99.32,57.12
53.86,2188.98,104.56,145.31,71.77,5424.95,2.23,99.41,72.66
61.16,1912.79,162.27,313.01,207.28,3331.94,1.46,98.25,141.56
20.8,663.13,29.77,182.29,209.64,3386.99,1.95,98.29,139.98
28.04,2066.33,156.56,109.54,116.26,4021.47,1.62,99.14,51.1
69.87,2097.9,88.04,240.73,212.13,6856.18,2.03,97.59,70.24
58.42,2495.27,83.19,168.72,37.76,4099.85,1.41,98.41,72.78
51.32,1552.06,169.55,183.43,96.58,6730.84,0.5,98.85,97.48
55.37,1743.46,178.1,211.59,233.91,2255.3,2.37,99.91,89.64
61.95,1013.4,171.73,135.02,182.66,5516.89,0.97,99.38,146.67
44.2,444.1,221.93,70.31,187.33,3648.03,0.27,98.14,156.36
39.43,1272.05,183.34,195.9,164.24,5939.8,3.81,99.17,167.13
58.92,948.77,80.23,277.11,228.32,4538.71,0.4,99.61,181.38
35.43,2283.7,127.08,127.87,232.66,6435.56,1.56,99.7,31.81
63.17,1685.31,101.99,212.32,251.23,4217.16,2.55,99.93,87.44
20.95,1671.23,221.45,320.44,191.31,4953.25,2.09,100.0,67.25
75.58,1358.91,175.24,192.82,145.04,6454.55,0.35,99.6,59.09
64.45,128.0,110.56,206.89,129.87,4816.6,0.43,99.54,151.35
60.12,3103.82,163.9,204.42,84.88,5104.96,0.32,99.36,111.83
74.65,1347.81,58.39,145.41,143.75,6368.86,0.15,99.79,31.43
88.31,1759.31,132.51,120.53,125.43,4861.85,0.67,98.65,198.74
75.29,1029.58,73.1,120.86,324.14,2147.34,1.49,99.06,22.38
18.18,2728.35,35.57,229.45,85.78,3972.13,0.38,98.71,80.84
29.41,2148.4,159.23,260.63,273.36,1537.79,7.07,99.5,98.51
42.5,1469.54,165.43,264.41,155.9,4550.1,2.4,99.02,49.74
55.52,1773.44,142.86,169.72,161.42,5848.36,1.75,99.91,117.01
65.35,3222.73,110.85,287.46,216.11,5224.28,2.29,99.24,70.3
40.49,1996.92,56.68,224.59,52.33,7510.38,1.15,99.94,127.92
58.74,1920.79,61.93,205.66,108.0,7308.8,1.27,97.72,110.96
39.89,1389.03,71.54,1.0,68.3,5462.12,4.39,98.7,1.0
42.77,721.79,108.32,134.61,145.78,694.07,2.56,99.86,32.99
26.87,1935.97,173.81,78.31,98.17,6208.42,1.77,99.21,128.95
36.54,2275.84,173.02,250.17,298.54,3610.93,6.0,99.94,111.16
27.97,2817.71,37.57,207.6,127.5,6586.21,2.17,99.38,53.96
35.48,474.05,85.34,114.24,5.0,5562.77,1.02,98.55,68.23
76.07,1260.43,83.99,224.35,149.9,6180.95,0.1,100.0,91.48
36.01,1641.48,1.0,86.12,252.67,5903.0,0.99,98.74,14.0
100.0,2045.56,148.31,116.5,326.72,9302.33,5.18,98.68,185.86
64.87,1946.48,107.69,143.18,159.35,5938.13,0.09,99.77,55.78
58.7,1962.82,114.34,243.21,133.48,2695.75,0.41,98.56,96.23
37.83,2333.67,187.29,311.96,178.7,6928.36,3.31,98.29,161.83
69.01,1415.69,124.42,153.12,217.36,4225.2,0.91,98.66,87.64
43.49,2701.9,98.46,305.8,78.4,7421.35,0.41,99.77,107.88
57.44,2351.42,148.6,203.79,158.0,7777.19,3.38,100.0,56.72
100.0,1824.12,172.94,218.89,175.54,6119.32,1.63,99.2,73.07
53.08,3168.64,134.82,194.9,184.12,2700.26,1.59,98.69,57.99
77.99,3137.49,154.46,184.21,166.99,4171.43,0.7,100.0,146.19
40.94,2701.03,112.72,235.14,95.78,7413.35,2.25,98.77,68.31
54.3,128.0,115.91,259.23,210.49,8598.2,3.96,98.89,65.27
90.42,3153.26,125.65,129.23,175.99,5111.47,2.77,99.49,60.55
42.46,2604.33,82.34,184.86,175.77,4505.36,1.9,100.0,110.3
91.25,3452.49,91.6,333.54,82.57,2875.77,0.86,99.25,118.26
69.16,2914.23,188.89,214.18,237.62,2899.31,3.86,98.95,15.09
43.75,3152.84,220.4,222.94,94.69,5419.01,1.67,100.0,97.71
67.65,2663.06,199.61,293.38,325.48,6261.35,4.41,98.73,107.06
74.45,2992.09,53.84,159.9,73.87,2322.76,0.59,98.81,151.2
67.44,3443.89,49.01,197.28,248.6,6492.81,2.12,98.93,46.05
23.6,2199.59,60.46,265.35,8.26,7470.1,5.47,99.59,50.15
40.46,947.44,126.72,299.11,5.0,6135.06,0.94,98.87,120.66
50.05,1832.78,1.0,10.79,130.07,7975.15,6.04,99.77,92.56
53.51,2320.96,90.56,141.07,5.0,5639.85,1.0,99.16,150.15
67.41,2100.42,190.35,120.13,245.68,5657.66,1.15,98.98,139.05
58.55,1175.41,169.12,190.09,178.04,5623.27,3.28,98.81,106.17
28.29,906.25,94.55,126.19,306.09,7446.96,0.6,99.18,92.35
62.6,1529.19,98.33,253.13,164.95,5967.75,2.45,99.51,88.7
67.21,2613.42,148.36,213.79,201.88,4046.44,0.71,99.18,93.8
66.2,3154.24,166.76,271.14,155.86,5762.18,1.8,99.36,97.43
76.62,2689.6,93.34,276.24,101.35,5780.21,2.99,98.66,151.85
71.68,2788.2,108.28,254.33,143.39,4617.8,0.05,98.7,13.52
64.18,1991.43,91.7,173.14,71.64,6840.65,0.19,99.2,78.22
53.6,828.54,53.43,208.34,214.87,5164.67,5.45,99.28,103.19
21.78,1729.35,109.01,163.13,152.29,6269.52,3.38,99.23,70.89
63.59,1866.86,105.2,90.82,170.98,5917.57,4.19,98.79,83.56
59.15,1700.06,56.97,276.3,434.14,3693.61,1.16,99.25,77.35
60.43,2086.29,152.3,193.27,143.73,3236.81,2.52,99.22,147.13
29.47,2356.99,144.17,79.79,208.24,3712.53,12.73,99.12,78.07
33.38,2645.11,154.79,242.96,175.13,4853.92,1.13,98.74,66.17
76.06,1853.32,81.6,182.08,284.18,7864.75,3.75,99.56,126.22
54.21,715.37,20.82,35.22,201.46,4914.66,0.17,99.19,73.61
68.63,1709.99,143.37,90.1,155.57,5672.76,1.57,98.67,88.27
55.57,2078.6,86.79,143.95,386.33,6571.43,0.81,99.11,50.73
55.6,2903.97,75.47,216.84,102.63,4354.06,1.48,98.79,78.77
73.77,1650.53,57.15,263.04,162.55,4253.59,0.24,99.2,93.61
44.68,2406.78,106.23,260.3,262.48,6892.84,0.92,100.0,44.4
56.92,2251.06,198.87,248.23,106.37,6022.71,0.16,99.3,91.0
45.75,2078.73,94.73,197.25,248.91,3984.82,1.21,99.34,115.53
46.31,2699.37,65.51,337.78,136.85,4257.78,1.17,100.0,15.34
48.82,1585.41,152.6,255.99,270.29,5153.57,0.8,99.39,68.91
59.44,1645.37,128.64,217.77,267.93,5593.32,5.93,99.5,197.16
45.43,2039.67,14.03,245.33,171.89,7239.16,0.17,99.3,86.82
80.12,1599.9,153.12,168.08,89.96,5957.59,3.48,98.93,140.55
37.11,2403.61,226.42,195.42,144.77,3229.69,0.88,99.51,93.9
51.26,1548.77,1.0,33.44,178.67,3584.7,0.44,100.0,81.8
46.21,2206.41,58.21,169.06,259.94,5557.5,0.64,98.28,132.33
83.94,1977.88,1.0,340.79,208.85,5257.01,4.64,98.88,142.88
58.93,2198.45,116.23,211.87,228.41,3480.85,3.48,98.6,59.31
75.64,1726.18,169.52,208.54,211.44,6895.21,0.03,98.68,51.09
25.29,1810.64,125.28,279.89,256.16,953.72,0.32,100.0,40.27
60.34,2115.21,189.6,228.63,161.96,5604.12,2.25,99.09,59.87
72.79,2189.45,161.53,137.08,194.84,2215.47,0.76,99.71,140.45
56.65,2045.06,205.11,201.89,182.55,6585.26,5.03,98.73,96.25
76.31,3241.75,178.01,109.18,140.58,4523.02,3.09,98.75,142.36
44.65,1354.48,99.85,214.69,271.05,6345.91,4.16,98.49,53.66
83.19,2003.06,123.34,132.98,269.16,4296.21,0.43,100.0,54.88
100.0,946.46,76.57,274.26,288.52,7386.34,0.33,99.74,79.3
47.74,2308.46,108.47,159.18,111.27,1641.56,5.37,98.46,106.87
46.09,1267.33,123.09,134.02,211.57,6583.08,1.04,100.0,89.41
84.07,1853.18,115.75,190.97,278.31,3905.87,1.07,99.02,122.92
86.59,1787.55,187.11,229.23,315.26,5675.18,2.31,99.52,111.57
44.54,2244.62,103.49,103.41,44.22,5750.76,1.01,99.23,114.5
46.6,1661.05,73.4,158.3,179.74,2493.64,4.16,98.19,122.4
49.36,1631.29,76.52,208.41,162.97,6795.35,6.39,98.62,138.85
28.11,3053.1,152.76,307.07,323.18,5708.66,0.81,100.0,1.0
36.63,2247.2,49.84,1.0,5.0,5210.49,0.47,99.86,94.51
34.92,1655.26,109.94,249.21,85.74,5693.32,0.16,98.48,128.71
39.64,1872.42,186.38,169.31,308.97,5225.42,0.48,99.35,195.96
54.31,3199.75,134.63,160.43,137.73,6502.42,0.3,99.05,90.99
59.68,1883.38,116.27,145.51,62.87,4151.44,0.06,100.0,7.1
86.01,1565.51,118.2,170.89,316.08,6505.13,0.1,99.06,152.01
35.03,1568.5,68.52,249.67,51.14,6030.14,1.42,98.66,46.3
74.69,1663.61,77.14,157.06,271.98,4690.37,2.46,99.72,113.42
50.72,1631.85,110.24,332.69,39.58,8323.24,8.18,100.0,116.52
54.01,1152.25,133.56,249.91,50.17,5812.88,0.34,99.48,100.05
68.5,1261.06,167.41,215.84,198.01,5351.0,2.4,99.6,9.66
32.55,1467.48,124.63,186.72,103.65,6033.13,1.61,98.36,80.47
62.65,2462.1,187.64,295.19,204.51,4811.42,1.3,98.31,32.22
58.33,1781.13,200.26,306.88,342.18,7161.98,2.56,98.26,113.15
64.85,1902.99,159.76,107.09,166.05,4961.56,0.55,99.94,59.59
60.78,2937.06,181.25,143.85,326.5,6474.97,0.75,98.93,10.03
100.0,2954.51,70.46,250.77,209.19,3077.1,0.97,99.78,123.46
42.25,1850.51,62.54,274.93,266.03,1767.52,0.4,98.78,44.31
44.38,1606.4,145.9,175.97,5.0,5724.74,1.3,99.19,100.39
42.54,1442.9,52.94,140.6,237.27,4309.15,0.28,98.64,65.52
43.89,2532.94,105.48,206.29,223.45,4653.21,0.77,98.97,129.72
42.25,1904.7,158.56,318.14,147.59,785.47,0.24,98.0,128.05
78.78,1777.45,190.67,203.28,350.6,8061.13,0.07,98.98,104.52
83.41,1478.43,107.29,98.88,135.61,5188.2,0.88,98.92,90.7
43.59,1509.23,87.5,208.77,35.2,7402.23,1.92,98.01,77.37
38.35,2272.04,136.02,262.62,250.38,2493.36,0.33,99.5,46.8
64.43,1127.19,66.32,191.89,51.87,5177.57,10.06,99.6,71.47
43.96,2744.41,111.34,300.65,186.89,5733.53,0.64,98.74,114.14
67.66,1674.31,119.6,269.27,300.59,5241.14,0.05,98.36,173.18
59.06,1943.25,118.6,195.06,224.86,5420.3,0.06,100.0,117.84
24.69,1112.12,124.43,203.45,157.74,2498.15,2.2,99.38,123.6
85.95,2039.34,78.27,52.66,148.4,5570.62,2.22,97.53,90.69
90.92,1818.18,83.65,296.82,293.88,3483.18,4.66,98.9,116.05
42.74,2012.94,82.64,173.64,70.21,3888.11,0.19,98.74,9.09
47.25,3078.2,39.0,168.0,249.75,5029.71,0.94,98.69,66.12
60.72,2172.39,137.09,156.01,377.42,4366.56,4.4,99.96,123.15
61.69,1491.74,164.73,236.54,228.91,4470.05,3.2,99.38,123.86
68.17,1550.08,159.82,109.7,158.58,7023.16,0.53,99.64,73.27
95.2,2464.59,106.88,121.27,165.59,4719.11,4.41,99.1,42.67
51.46,2957.09,79.45,195.8,136.77,4285.59,2.28,99.8,92.16
39.03,2245.34,157.22,149.88,121.41,4778.56,0.61,98.94,77.62
27.41,2530.1,151.95,226.82,190.6,2999.32,0.09,99.36,132.62
40.38,2474.82,130.87,152.81,241.15,5292.61,1.38,99.54,123.13
54.34,3041.35,207.22,327.6,324.97,6299.31,2.5,98.76,156.96
90.89,683.29,118.68,255.48,5.0,5565.17,0.63,97.73,139.42
44.65,2515.05,107.16,254.47,5.0,5065.98,0.37,98.01,84.04
59.48,2736.62,100.01,151.6,326.71,6082.66,0.16,100.0,108.95
54.67,1110.89,41.96,392.45,185.14,4002.6,3.69,99.66,176.38
78.77,1428.03,153.07,164.88,189.86,5070.65,0.11,99.69,78.99
100.0,1452.45,114.73,142.9,225.12,7516.95,1.88,100.0,102.0
44.38,1537.85,145.5,256.54,163.18,4470.66,2.88,98.41,94.82
45.21,1710.8,212.09,215.62,357.76,6094.19,3.03,98.69,95.66
75.88,2217.82,100.46,134.53,224.26,6139.22,2.12,98.43,60.04
68.64,2653.97,3.1,375.67,139.72,3636.18,2.12,100.0,147.34
91.93,2804.92,144.05,278.05,147.76,6238.29,1.29,98.5,58.31
66.68,1461.52,128.34,200.32,167.08,3907.67,1.08,100.0,169.32
47.81,1456.71,83.38,392.09,110.06,5772.31,0.3,98.74,160.55
66.81,2969.08,139.86,264.86,332.05,3878.67,1.53,99.26,105.04
77.17,2500.72,159.3,199.05,191.16,5505.91,0.15,100.0,95.23
71.41,2106.01,72.67,382.52,74.65,5232.6,1.26,99.4,63.92
65.15,2379.34,104.93,252.72,216.47,5201.49,2.63,99.11,97.84
76.33,2027.14,193.84,249.22,309.51,5489.53,1.17,100.0,138.2
78.39,2415.21,83.92,169.09,275.47,4044.82,1.42,97.92,67.63
82.64,1812.75,123.33,203.95,111.62,2900.57,3.69,98.54,153.72
67.97,2236.16,1.0,167.14,80.18,5146.89,2.08,98.98,136.0
51.66,990.62,45.91,315.18,308.46,6985.03,0.27,99.93,90.76
57.93,1566.55,127.88,71.25,33.81,6049.84,1.57,98.85,126.84
79.13,1574.09,181.4,309.27,213.38,5805.05,0.91,99.88,58.5
38.66,1785.93,51.9,129.81,128.83,4080.4,0.46,97.99,90.88
62.37,1399.44,123.73,195.37,298.23,5335.68,2.09,100.0,183.68
47.13,1674.52,101.21,176.38,85.07,3505.11,0.98,99.83,142.76
55.57,987.91,167.65,158.39,108.32,4237.54,2.92,98.45,114.93
80.57,2432.09,59.11,255.18,235.53,5642.78,1.77,99.18,97.76
58.82,1990.24,141.5,199.58,251.6,1730.01,0.22,99.01,92.03
55.93,854.35,87.32,146.58,302.36,8113.17,0.86,99.52,93.85
27.8,1463.62,131.15,212.32,222.56,2598.49,0.63,100.0,64.05
69.93,2283.62,123.45,144.31,211.45,8399.69,0.32,98.72,121.08
67.91,1667.88,107.41,156.98,274.42,3489.98,3.22,99.46,136.78
98.27,1560.14,143.89,80.22,56.65,3472.19,0.95,99.37,84.91
48.84,1995.79,122.18,163.98,100.83,4284.32,1.9,99.29,113.7
59.38,2288.52,113.36,239.54,64.19,4209.04,4.27,100.0,65.89
59.99,1042.55,102.18,202.97,5.0,3910.98,1.57,99.31,92.33
86.55,2433.09,123.88,345.21,255.79,4332.97,0.6,98.35,61.15
53.09,1487.79,131.1,409.03,308.67,5165.09,3.13,99.72,85.92
60.58,2035.45,70.54,162.86,230.04,3384.64,1.14,100.0,99.78
67.16,2023.21,102.53,133.33,214.21,6513.29,1.66,99.3,119.18
58.73,1679.05,67.24,290.39,187.65,7541.99,4.65,100.0,70.5
46.07,1331.44,118.01,226.82,184.96,1499.53,1.34,98.91,114.05
58.88,1848.02,90.38,290.87,332.57,8339.7,0.82,99.49,56.75
76.47,3185.73,158.54,231.91,319.43,6390.57,2.6,98.11,107.68
34.47,1094.83,153.64,184.45,127.35,5463.61,0.29,98.77,183.44
57.66,3232.62,73.86,184.91,279.79,3966.38,4.9,99.32,80.14
41.0,1866.2,119.88,234.62,290.65,5299.91,4.94,99.67,41.65
78.9,2072.76,151.93,183.11,238.54,6615.42,1.73,99.51,130.87
24.54,1287.3,111.23,297.56,214.88,9697.84,0.34,100.0,106.44
43.82,1508.11,83.59,95.81,211.79,8945.48,1.2,98.13,113.33
62.54,1695.96,65.38,297.13,46.62,2248.48,1.1,100.0,145.88
86.31,1316.01,162.71,50.13,38.64,4625.92,0.71,98.7,66.57
53.68,1901.76,165.14,211.61,250.5,5139.54,0.38,98.34,67.75
43.9,1763.09,109.6,173.52,80.97,7418.4,0.61,99.93,116.78
92.62,3343.55,158.31,78.69,54.96,4849.06,1.62,98.42,136.58
26.04,1231.82,1.0,35.2,5.0,3640.55,2.31,100.0,104.49
11.02,2119.88,186.38,112.2,137.19,5096.82,7.78,97.67,92.14
63.8,2221.49,112.15,203.65,213.69,4306.4,0.49,98.67,107.91
44.96,1298.78,127.09,151.83,220.94,6775.72,0.46,99.81,124.34
34.58,2528.78,103.97,116.72,256.55,9297.67,0.25,99.67,37.08
69.17,1769.17,189.79,308.18,144.77,6639.01,5.59,97.36,55.4
59.88,303.33,66.96,101.43,189.66,6711.53,0.96,98.74,91.45
43.72,2509.89,193.72,254.33,256.12,7224.06,5.15,98.0,122.6
29.39,1266.14,139.81,128.88,221.76,5818.17,4.4,99.3,181.86
72.45,1314.56,151.13,110.18,127.36,4282.26,0.09,99.24,90.47
68.0,2529.53,103.54,151.69,206.97,4459.61,0.66,99.03,104.81
53.02,1804.99,54.59,249.59,5.0,6972.8,0.72,99.13,68.4
91.93,2690.44,166.53,90.28,180.01,5520.09,0.65,98.43,121.29
33.6,2895.12,135.57,223.0,124.34,3231.9,1.11,98.69,51.08
24.49,1596.55,188.08,123.14,316.67,7356.42,1.38,99.95,94.54
41.16,2603.28,110.31,137.54,92.05,3606.59,2.84,98.86,57.0
54.09,1519.18,99.04,232.05,190.5,2970.71,0.62,98.8,10.51
59.87,3611.18,189.4,373.88,141.41,3421.59,0.71,100.0,202.75
50.18,1562.93,215.59,127.12,129.76,5551.5,1.83,98.37,127.08
62.04,2766.26,120.47,257.59,213.96,6750.9,0.4,100.0,127.35
29.97,2638.65,82.36,174.98,142.36,5458.46,1.28,100.0,131.36
83.88,2269.26,160.53,162.02,346.68,3997.66,0.58,98.49,152.0
53.36,1578.62,107.3,285.71,5.0,3545.73,0.44,99.84,101.5
77.35,1942.02,149.96,132.52,236.81,6388.02,3.18,97.69,129.73
61.85,540.49,107.04,107.67,172.37,4833.12,2.46,99.27,74.98
64.14,2205.09,198.2,236.81,175.47,5613.81,0.57,98.49,88.11
66.4,2292.73,85.03,327.58,207.19,4747.51,1.07,99.55,33.6
63.95,2141.45,144.03,260.0,269.8,5538.99,0.34,99.42,103.08
67.85,128.0,95.56,87.44,203.86,5702.45,0.11,99.01,73.8
81.58,1162.05,105.92,150.77,270.12,9365.67,1.76,98.43,89.68
58.93,1524.34,99.4,278.37,184.18,5724.48,0.9,99.84,128.17
69.18,2252.16,156.93,326.49,86.93,4302.7,0.46,99.18,107.08
53.21,2250.54,165.92,218.3,171.98,5316.1,0.24,98.7,136.2
83.8,1928.84,147.89,153.67,283.76,3290.66,2.28,98.84,71.37
41.47,2492.67,114.6,331.68,143.04,3274.83,0.63,99.13,110.27
91.02,1329.63,127.01,194.03,82.55,7249.42,4.76,99.13,69.42
54.2,2475.16,164.89,151.54,235.75,5547.49,0.43,99.42,87.96
26.38,2380.32,166.47,138.01,210.3,7014.22,0.56,99.87,82.74
57.56,2312.29,1.0,104.4,110.62,2075.15,3.82,99.93,54.45
41.38,1920.57,106.39,426.69,159.02,3244.05,1.7,99.04,78.49
71.81,3329.52,108.79,313.68,163.65,5536.81,0.23,99.5,118.1
41.95,2393.24,153.46,147.5,180.57,3516.15,1.59,99.06,58.36
46.08,1370.16,116.66,338.55,238.19,2436.85,0.74,100.0,68.44
17.21,2221.81,155.96,242.66,143.53,3057.96,2.67,99.11,144.75
45.95,2574.74,66.07,237.93,242.84,4421.91,0.16,99.28,151.72
6.52,1636.32,133.0,142.57,131.99,5743.58,5.0,99.18,128.28
23.32,2810.49,165.01,158.87,329.97,8087.29,1.3,99.52,163.32
70.21,2315.42,46.28,196.61,331.91,3105.33,2.65,99.64,149.59
70.72,408.27,245.68,42.76,102.92,3198.38,2.44,100.0,91.46
63.51,2257.77,179.54,161.05,69.7,2388.31,0.39,100.0,174.57
35.66,1763.78,120.07,200.36,268.04,6031.61,4.24,99.23,157.38
54.05,2424.03,78.58,304.76,203.21,5224.66,0.53,99.17,92.1
54.93,2708.95,111.25,150.68,229.65,3263.3,0.42,99.04,105.05
31.83,2184.61,124.19,264.97,121.07,3504.52,1.47,99.91,68.53
85.07,3213.68,142.03,35.16,168.08,4776.93,8.34,99.37,91.17
72.55,1922.91,195.03,293.36,148.96,4878.76,0.75,100.0,32.82
50.58,2485.37,96.2,127.97,207.38,3128.58,6.67,99.16,71.54
55.54,2611.46,148.14,210.42,67.89,5318.94,1.14,100.0,126.75
59.17,1979.86,55.38,232.51,171.06,2522.74,3.6,100.0,54.03
14.17,2593.14,99.32,216.81,66.98,5088.22,1.51,100.0,82.47
50.06,1631.73,138.84,191.46,133.6,4680.36,0.46,98.97,117.34
41.36,1752.2,154.56,100.68,171.24,5722.0,4.24,99.14,83.42
34.97,1129.26,82.34,128.84,225.67,7180.3,0.15,99.09,141.06
49.38,2216.99,97.96,279.71,233.13,4332.78,2.3,100.0,142.88
90.95,2275.68,193.03,152.21,248.48,5000.72,3.55,98.88,70.28
67.82,2873.48,178.1,191.74,46.55,1434.78,3.57,98.8,77.52
43.58,2601.8,130.42,80.63,293.77,8549.1,2.13,99.69,96.8
66.45,1848.64,8.17,268.69,121.97,1650.93,0.58,98.27,68.4
82.99,1223.27,245.56,94.44,128.54,4850.84,1.52,99.74,160.35
73.49,2351.0,119.0,273.28,204.19,412.52,1.99,98.4,78.5
56.19,2825.53,104.37,114.98,149.67,3513.81,4.41,98.91,131.43
42.06,2576.63,93.88,281.16,212.56,8123.81,0.35,100.0,35.11
68.96,2807.13,138.82,200.82,229.27,7060.48,1.25,98.81,64.08
62.87,1899.68,139.33,155.3,111.31,6773.02,0.81,99.41,51.59
72.9,1721.37,167.53,328.03,163.46,4653.05,1.12,100.0,45.23
67.7,1532.17,73.7,194.49,166.13,7971.67,0.4,98.4,74.35
75.99,2008.87,104.38,171.06,266.24,5463.25,0.49,99.32,109.7
44.3,1992.99,221.53,272.73,138.14,6241.72,2.94,99.65,156.34
81.35,2192.67,131.23,81.56,134.22,9764.44,1.3,98.21,86.91
58.95,1957.49,111.37,1.0,88.05,6962.58,1.44,98.47,98.27
96.51,1954.46,72.92,292.64,98.14,4882.18,4.56,100.0,108.57
41.22,1504.31,145.3,133.1,58.45,5918.77,0.55,98.4,65.86
89.72,2707.13,171.55,269.17,116.72,7527.44,0.8,98.96,94.05
58.96,2101.56,163.73,203.69,323.42,6120.45,0.74,97.79,178.51
41.97,1925.89,107.06,106.88,242.18,6409.51,2.15,98.65,110.53
45.32,1524.8,138.06,248.58,294.96,7318.28,1.65,99.74,178.5
48.59,1115.66,203.58,167.19,94.49,9554.25,1.28,99.87,95.96
63.48,2963.57,173.54,113.81,5.0,3317.35,2.21,99.76,70.19
65.46,2436.25,80.79,115.9,208.47,6263.74,1.32,99.18,136.74
43.53,911.26,1.0,61.37,346.82,5827.26,3.39,98.45,145.55
54.51,2582.2,134.84,232.24,136.32,4305.76,1.06,99.49,75.14
97.85,2693.74,159.93,125.17,189.16,3834.71,4.43,98.89,109.58
89.55,2135.06,65.54,197.22,38.74,7973.7,0.25,98.07,92.46
63.73,3166.68,119.56,185.46,182.54,3159.97,0.2,99.22,39.77
55.76,2199.7,106.82,124.68,168.75,2463.71,2.13,100.0,42.08
57.4,1056.22,125.21,78.17,5.0,3986.63,0.99,99.98,86.79
67.27,2303.62,92.77,402.7,86.64,1792.58,1.22,100.0,141.0
34.54,2219.43,184.53,196.12,79.49,3477.41,2.38,99.41,129.01
49.85,1625.69,127.4,345.87,37.82,3105.4,0.48,98.55,58.35
21.63,2449.49,76.05,293.19,114.76,5154.88,0.09,99.61,50.1
62.98,880.63,165.87,174.31,225.79,7601.87,1.16,99.31,60.05
67.94,2741.4,56.79,214.48,123.01,3939.34,4.5,99.02,56.69
45.34,1433.31,184.22,212.15,283.36,6557.18,1.2,99.67,59.73
86.48,1358.54,169.55,347.54,147.35,6352.27,1.7,99.52,13.98
30.48,1968.32,189.49,266.39,209.36,1003.15,0.47,98.77,1.0
25.71,2351.08,112.09,135.42,224.77,4006.54,1.25,98.73,1.0
59.49,2162.75,95.19,228.13,318.05,4323.18,1.31,98.39,32.98
75.94,1528.14,124.2,264.35,115.55,5686.62,0.54,99.38,141.66
88.68,1693.74,115.78,105.97,219.81,6026.12,0.36,99.84,239.22
45.82,1254.87,87.36,239.53,94.8,5595.49,0.86,98.79,175.8
76.57,1890.72,92.32,307.64,334.99,3389.01,0.08,98.45,104.95
54.23,2800.51,101.68,131.4,86.43,3860.02,0.36,99.55,63.97
51.55,2045.02,61.5,142.45,214.53,2294.16,2.63,100.0,77.75
72.67,2649.59,153.9,292.84,320.35,5119.49,2.09,100.0,100.62
68.05,3066.78,117.39,171.66,72.31,4339.07,0.75,100.0,177.68
23.47,1636.39,104.58,121.44,233.56,5958.8,1.6,99.17,55.34
84.53,1917.4,64.48,270.58,90.65,6254.38,3.54,98.57,95.12
82.6,3567.84,61.98,246.15,389.55,4399.21,3.65,99.63,98.89
42.49,3059.04,216.8,207.55,9.78,5507.78,2.12,99.15,91.47
62.92,877.32,88.64,289.97,43.44,4611.53,0.26,99.06,14.65
64.88,2319.0,150.53,295.65,79.06,2995.72,0.36,100.0,83.97
60.21,2048.39,128.13,193.37,81.96,3559.71,0.69,100.0,40.91
43.99,2626.52,1.0,357.95,226.88,915.97,2.22,99.65,186.52
41.57,1526.51,209.62,326.67,341.97,4287.66,0.6,99.13,117.84
54.49,1460.27,154.2,41.26,283.96,3931.62,1.25,99.21,139.66
78.45,1574.75,81.62,117.59,201.05,3028.75,3.49,98.12,59.6
65.87,1647.65,118.58,19.58,180.86,6474.52,4.45,99.93,77.03
47.59,2618.73,62.54,174.02,125.43,5947.31,3.65,100.0,176.68
70.43,1221.16,211.31,103.1,215.2,5996.75,0.25,98.66,135.96
1.0,1612.17,74.62,134.85,161.21,6244.92,4.83,98.76,111.86
77.98,795.69,93.85,287.25,197.05,4996.77,2.3,99.88,148.75
20.21,2752.98,83.52,59.61,113.32,4978.26,1.93,98.97,173.45
47.75,2937.72,124.02,210.38,71.84,6494.37,0.57,99.99,155.7
32.61,1819.05,188.52,209.89,182.29,6201.09,5.27,98.65,136.98
29.11,1839.44,209.47,193.41,180.3,6849.35,0.04,98.98,140.83
78.22,2365.26,100.05,210.46,126.37,4921.51,0.17,99.56,81.82
45.65,3080.14,138.91,21.42,111.01,3224.52,0.33,98.97,102.83
61.93,2334.03,124.1,135.24,230.26,5426.79,2.37,98.93,122.23
54.06,1559.72,70.92,323.44,220.95,3959.15,1.95,98.92,107.73
64.54,914.82,241.13,104.25,348.89,6176.36,5.79,99.69,115.12
56.54,1267.41,188.14,333.33,304.28,5518.04,0.86,99.87,89.35
29.34,2099.25,129.46,87.45,72.55,5092.59,0.85,99.54,1.0
74.93,1589.27,199.09,77.84,162.83,4294.35,2.21,98.71,122.06
45.12,2184.48,180.61,123.86,57.17,6801.22,0.38,100.0,99.32
23.87,1660.95,124.09,290.33,14.47,6663.02,1.25,99.38,100.08
46.44,1307.3,136.3,156.31,377.59,3991.12,0.03,99.94,183.04
85.02,1224.08,195.61,227.63,313.23,2788.91,1.79,98.3,109.27
72.0,3141.65,72.69,205.89,123.32,5323.0,3.06,100.0,62.8
48.03,2670.29,203.68,195.64,291.9,7134.62,0.46,98.94,122.52
48.01,3259.36,108.74,301.93,305.25,2728.78,0.73,98.89,98.42
48.57,2425.97,196.23,261.72,7.16,5846.65,0.28,99.48,139.64
96.53,1747.01,119.74,108.57,256.55,3522.25,1.91,97.76,71.13
62.64,2974.34,136.88,177.95,135.75,3169.57,1.66,99.44,62.4
63.6,2024.85,118.28,339.48,214.48,6676.13,3.5,99.01,73.4
75.61,2202.59,93.41,225.56,450.89,6170.61,7.04,100.0,25.83
59.78,2018.02,106.5,79.37,322.68,4725.88,8.23,99.39,77.49
49.82,128.0,188.96,85.04,168.46,6421.1,0.23,98.5,158.59
51.07,3171.31,4.29,271.21,307.95,6230.34,1.61,98.64,65.93
53.57,2391.7,58.05,256.19,7.01,2324.75,3.12,97.48,40.72
54.26,2278.88,83.73,126.29,225.32,5151.69,2.15,100.0,73.88
69.55,2004.76,66.08,259.81,227.47,7543.05,4.55,97.45,103.81
56.04,2162.4,195.5,327.95,243.51,5852.87,1.17,98.82,65.16
69.65,1629.9,182.88,316.63,134.24,291.6,1.11,99.72,97.87
53.39,2479.61,149.6,328.34,214.38,3072.83,0.05,100.0,105.05
56.57,1133.03,88.11,244.44,257.04,6792.39,0.03,100.0,95.07
15.04,2178.25,186.75,185.79,5.0,3997.1,2.36,99.13,91.43
73.33,2441.1,40.59,167.8,151.54,7018.41,1.28,99.55,165.55
61.93,1908.93,227.1,198.61,98.7,8682.98,2.16,98.99,102.07
74.96,2307.61,85.77,129.92,239.59,4571.69,0.54,98.11,63.36
1.0,1354.07,106.9,171.26,304.01,3887.89,3.98,98.47,125.18
96.77,1371.92,98.53,302.01,124.93,3188.93,4.66,98.0,92.6
52.21,2213.7,66.34,71.27,82.02,6364.84,2.17,99.42,97.86
77.16,2522.98,216.26,76.75,190.54,3915.18,0.65,98.96,135.54
34.2,735.59,159.44,266.44,76.21,4275.97,0.49,99.07,148.66
67.26,2413.41,180.77,171.99,159.62,3004.57,1.96,99.67,49.43
33.93,1667.76,58.82,45.95,150.13,4221.38,5.65,99.37,164.28
42.52,1913.04,129.05,195.09,232.21,3727.91,1.73,99.66,92.41
93.28,1110.34,146.05,183.67,208.37,1432.43,3.66,100.0,92.69
51.19,1451.87,133.54,165.51,194.53,3490.38,1.67,98.64,54.6
59.35,2724.29,61.98,254.86,327.32,6343.14,2.25,97.89,124.87
72.4,2071.0,173.78,93.34,204.28,7428.19,1.68,98.79,38.13
64.91,1780.06,126.08,201.04,142.39,4807.99,1.71,99.06,116.54
58.01,1966.46,72.25,183.12,153.43,5060.65,2.69,99.5,161.05
62.3,2390.45,27.24,203.03,111.21,5514.77,1.01,99.71,82.41
100.0,2356.35,150.33,61.43,88.32,8532.7,4.69,98.45,138.27
53.85,1995.48,242.52,158.19,54.96,3182.27,3.98,98.35,98.28
59.02,2813.07,69.24,201.58,282.08,2728.14,2.58,100.0,39.31
76.01,2727.32,128.52,243.29,115.35,4907.13,2.72,99.42,99.79
77.11,2337.36,175.52,347.71,208.43,5709.58,1.07,99.45,87.59
78.74,2086.23,56.52,264.48,153.01,4939.94,3.57,99.39,130.86
67.77,2508.12,96.0,236.89,177.37,2543.82,5.39,99.3,80.47
32.14,2267.99,76.99,301.72,283.84,6592.65,3.17,99.04,114.96
87.67,2790.56,169.23,175.69,195.9,4751.35,0.29,98.7,52.77
32.07,2677.69,186.28,324.31,96.96,5997.88,3.09,98.82,112.18
61.05,1335.22,127.95,289.54,129.23,7795.02,1.25,100.0,95.95
39.91,1287.83,77.91,164.33,257.4,2366.08,1.88,100.0,89.9
53.72,1557.13,97.86,353.92,223.49,1906.95,9.46,99.85,96.24
61.58,2731.3,88.48,235.75,263.02,6018.02,0.89,99.15,83.3
61.43,944.58,71.14,375.44,158.53,1337.94,0.86,99.6,100.66
63.44,2324.33,114.9,224.25,54.36,4280.22,0.61,98.2,87.12
87.27,2301.78,148.74,155.05,225.6,3971.67,0.27,99.9,56.07
64.07,2861.85,144.51,138.6,202.75,5647.73,0.37,99.03,43.15
50.12,2174.24,119.59,171.54,205.11,3801.0,1.44,99.21,75.23
74.28,1107.75,122.85,154.3,55.64,5885.54,4.81,99.27,82.32
78.79,1376.45,115.92,301.71,122.38,3079.42,3.32,99.07,1.0
30.45,1220.6,55.14,197.68,95.55,2764.26,0.4,99.76,95.77
66.95,1671.44,128.01,70.88,215.94,5034.71,1.65,100.0,183.12
69.02,1919.97,90.82,217.04,219.04,5189.51,3.75,99.8,122.6
49.05,1232.19,52.63,210.04,176.09,5531.37,1.55,99.25,88.14
82.51,3077.46,138.54,162.51,267.08,7663.24,4.85,98.45,62.39
52.0,1120.3,89.41,221.41,314.16,7305.1,4.77,99.23,27.08
57.51,2990.27,131.39,196.47,211.78,5812.91,0.86,99.15,130.54
51.54,2877.61,162.38,250.7,240.4,6456.91,4.14,99.78,112.02
55.31,2676.81,72.49,246.0,131.26,5471.85,1.76,98.75,45.6
33.07,1562.36,124.61,229.19,114.71,7123.1,1.31,98.58,133.53
26.2,2287.72,29.48,96.09,270.88,5654.99,2.98,99.41,128.58
86.89,1153.84,196.63,369.52,101.27,4005.96,3.12,99.84,68.15
38.06,2685.63,52.05,75.52,242.74,3645.56,2.25,99.31,83.32
35.17,1996.21,94.26,189.7,334.75,7071.77,3.33,99.88,104.99
11.93,1761.48,186.92,112.45,238.81,4670.45,6.05,98.31,117.11
42.22,1191.38,108.27,231.71,172.72,8450.23,4.13,99.53,51.21
28.54,313.75,60.13,211.07,59.37,3012.01,0.15,98.3,117.68
87.84,1321.02,155.65,186.5,194.7,7252.59,3.79,100.0,97.37
75.2,2826.96,154.53,321.42,270.82,4232.32,3.04,100.0,139.43
41.24,1766.02,88.34,288.68,163.89,5733.08,5.23,99.47,125.51
100.0,1929.47,93.75,173.83,271.93,2656.88,2.69,98.08,97.31
74.64,2506.89,98.23,264.33,212.85,1690.71,4.21,98.24,131.67
48.5,3311.97,109.65,325.17,206.22,7663.97,0.02,100.0,34.62
5.01,2975.5,25.35,288.11,151.49,4210.37,7.62,98.39,80.03
100.0,1367.37,110.93,189.1,48.96,6773.67,0.42,99.55,56.09
27.21,688.2,209.2,72.78,141.74,3818.4,3.99,100.0,72.78
22.09,3699.73,75.2,225.97,141.03,6776.11,5.31,99.27,72.3
75.45,3636.29,90.83,253.49,231.79,4228.48,0.0,98.36,44.49
100.0,2179.92,60.82,138.43,178.63,2821.14,4.9,97.96,133.11
82.69,1158.66,150.61,201.8,277.49,6163.67,3.53,99.47,125.04
66.28,2722.26,180.16,193.37,205.32,6700.28,5.11,98.43,70.72
66.9,1972.41,179.02,311.02,134.61,6152.78,0.39,99.2,2.39
72.07,1968.91,57.6,348.31,106.66,4739.44,3.01,98.45,74.79
70.18,2674.12,144.99,294.02,125.7,1852.06,1.34,98.78,93.06
60.62,2282.06,191.69,193.16,194.47,3075.9,0.6,98.8,149.28
57.08,1217.93,145.48,291.82,146.45,3736.38,2.82,99.02,72.44
53.75,1820.68,143.92,251.9,83.12,4535.13,1.28,98.68,134.13
39.92,2510.81,96.42,194.01,270.6,7035.44,4.6,99.4,74.81
49.39,2405.18,131.01,367.39,193.71,4788.74,2.48,99.9,117.75
21.14,2231.41,181.82,140.96,204.72,1208.08,0.3,98.95,127.3
53.03,2701.4,136.41,248.31,105.96,336.34,0.58,99.38,118.14
35.23,1794.8,57.59,267.16,86.26,3749.44,0.61,98.55,56.71
32.93,2173.07,97.2,177.0,165.4,4076.02,0.84,98.1,80.46
58.6,128.0,180.46,244.73,5.0,5640.17,2.2,99.48,118.49
82.84,1733.24,136.24,275.64,250.18,2385.5,4.49,99.82,31.8
73.37,2582.73,125.95,219.57,116.64,2511.19,1.8,97.86,126.59
23.59,1774.72,92.3,237.8,155.91,5816.46,2.79,99.14,46.49
35.21,1721.64,179.43,208.43,218.42,7401.57,0.76,99.5,40.93
73.82,1318.98,203.12,263.8,159.78,1465.63,1.48,99.4,73.69
35.35,2750.36,183.16,181.68,74.85,3615.91,1.4,98.79,67.6
50.51,2431.92,192.13,175.06,315.51,7000.23,2.42,99.23,102.27
66.0,2625.79,102.06,201.64,42.07,6679.54,1.46,99.85,105.69
35.63,839.65,94.99,294.69,5.0,3333.76,0.81,98.6,97.81
57.11,1935.68,112.18,60.21,258.71,7087.78,0.56,100.0,55.68
28.32,1851.92,121.93,127.25,48.65,5080.83,0.59,98.23,143.36
42.97,1851.6,191.55,382.06,292.75,6188.09,7.91,99.83,97.58
61.4,1616.78,178.29,222.02,213.92,3732.74,0.88,99.24,132.22
23.14,1805.73,146.92,167.44,205.47,5526.35,3.29,98.84,3.26
63.81,2642.75,48.44,263.59,128.79,2901.55,0.15,97.91,116.4
54.61,709.0,35.6,137.2,105.71,4014.78,0.19,100.0,72.08
66.05,3292.11,132.02,31.78,146.14,4465.62,2.32,98.55,125.36
59.48,2386.69,164.01,228.38,101.05,5252.23,1.22,99.18,166.45
82.28,2018.37,116.02,141.54,288.69,9331.75,4.25,99.53,48.27
57.5,2682.78,215.75,208.11,113.15,9607.75,3.96,100.0,129.33
46.41,1031.72,65.88,226.35,225.57,4301.77,2.82,98.95,71.05
57.45,1582.71,59.58,211.37,270.47,7663.28,3.38,99.24,20.14
65.87,1963.25,86.79,63.28,100.69,3003.53,4.09,99.49,132.08
55.98,3003.89,84.89,202.1,213.89,5718.7,3.06,99.28,167.78
55.81,2015.45,146.31,235.57,99.55,3765.83,1.5,98.67,179.45
40.96,2363.04,98.91,88.0,164.38,4188.27,0.62,100.0,107.02
41.74,1635.29,42.61,78.47,138.72,9789.37,3.1,98.88,37.22
26.95,2388.79,164.58,114.48,117.41,4303.43,0.76,99.53,86.71
89.99,3222.07,32.0,259.74,194.2,3830.28,0.56,99.05,90.63
30.12,2744.87,66.44,40.13,70.73,3199.42,0.38,98.78,138.85
41.14,1990.98,38.86,266.38,263.63,3615.32,1.97,99.93,94.02
40.63,2520.84,130.36,231.36,82.66,2440.8,0.56,99.38,11.97
72.9,2452.26,129.3,179.4,65.96,5401.13,0.94,97.67,120.22
49.1,2402.61,215.82,81.55,157.29,5368.76,2.47,99.41,97.88
79.95,2826.37,165.69,136.28,146.47,5607.89,3.16,98.76,131.16
41.53,2821.13,192.08,262.55,212.0,4979.43,0.76,98.09,104.94
60.58,1958.99,134.43,300.54,187.63,3978.72,3.7,99.87,122.56
38.29,2497.32,71.15,117.49,33.54,3817.68,0.12,98.67,95.59
97.9,1779.83,126.41,291.35,268.79,5286.21,8.52,99.38,106.34
31.25,1401.85,149.62,254.87,155.04,4907.27,1.08,99.84,58.14
61.2,1859.35,155.19,199.45,201.73,3855.62,0.79,99.03,109.17
67.68,1994.61,96.38,140.97,378.19,4484.12,5.15,99.38,87.6
63.28,884.89,144.44,153.49,295.78,7771.01,0.28,98.72,114.6
51.29,2650.23,73.35,345.83,198.95,8546.31,0.89,99.97,47.7
52.4,128.0,67.84,214.28,56.42,4603.58,0.89,99.07,150.97
55.88,3948.37,64.21,306.39,57.93,3679.2,1.1,99.58,104.93
52.06,3099.32,121.23,219.32,284.58,4922.42,3.77,100.0,126.73
74.28,1865.29,61.11,163.78,143.84,7044.59,3.79,97.9,95.19
99.21,2054.6,98.76,246.73,164.84,4921.39,1.79,98.72,119.13
43.85,2260.08,165.15,372.63,76.91,5639.16,9.6,99.08,5.19
27.6,1635.59,68.54,148.47,220.13,3816.44,3.72,99.29,90.7
53.23,2182.83,94.78,273.11,282.73,2899.96,2.29,99.63,63.29
100.0,1947.2,123.58,215.24,317.12,6370.8,0.44,100.0,80.6
38.93,1982.01,132.34,84.04,139.67,5350.72,1.6,98.68,135.43
87.78,2175.02,95.04,82.25,238.04,6180.5,0.48,99.06,31.01
88.55,1128.53,159.34,163.84,171.44,1920.57,0.72,99.99,124.59
43.93,2075.7,149.52,227.8,259.23,8298.76,2.32,99.44,113.45
66.38,2162.41,176.99,270.27,179.64,5454.1,0.41,98.01,146.22
87.57,2138.19,115.92,74.33,105.83,1746.98,0.19,97.95,12.05
47.42,1896.92,94.36,252.22,298.81,6776.43,1.52,98.86,118.58
50.93,2844.5,85.87,190.53,188.87,4327.9,0.0,99.59,105.11
43.37,1800.44,135.35,200.27,148.37,5054.91,1.88,99.57,92.87
34.7,2207.13,101.14,247.09,196.0,4140.1,4.63,98.57,152.76
42.01,2956.11,91.54,339.69,113.7,4823.79,0.42,99.66,10.68
30.52,1992.44,97.59,224.29,217.37,4914.46,0.97,99.38,100.01
55.68,2198.12,85.82,91.46,162.33,1993.87,4.96,98.44,135.9
39.6,1980.53,129.95,185.03,108.47,6558.37,2.43,98.78,29.98
59.68,2914.16,49.37,268.17,393.92,5203.16,0.29,97.84,118.78
23.88,1867.59,135.15,270.8,89.34,5803.14,0.96,98.37,108.02
61.62,2946.35,153.83,253.27,211.8,6468.71,2.82,97.88,9.81
71.67,1975.49,90.96,159.2,185.11,5217.55,2.19,98.12,138.87
15.13,1446.38,216.1,90.57,87.7,5595.97,0.34,100.0,59.33
62.48,2523.56,120.88,247.16,149.64,2353.24,0.13,98.92,158.14
79.55,1834.73,41.93,102.86,59.17,3505.33,2.29,97.96,117.96
30.81,2482.35,105.94,255.44,365.98,5153.02,1.88,99.49,106.99
88.45,137.42,123.13,255.46,155.88,5334.27,0.12,99.4,135.51
63.38,2051.64,142.45,162.58,163.55,5721.27,7.36,99.34,130.77
40.9,1726.28,107.13,191.0,355.07,7530.88,0.58,98.59,16.64
53.88,1303.72,69.42,215.89,105.84,4830.42,0.98,99.64,26.8
66.17,1660.73,65.25,150.81,296.5,5653.21,0.39,98.43,89.26
56.52,1646.41,87.32,89.47,233.33,5106.18,3.53,99.76,52.03
65.78,2014.41,92.11,196.86,5.0,4550.5,6.57,99.82,161.39
36.59,1090.87,63.25,205.2,146.6,4620.5,0.48,99.16,55.37
58.39,2269.39,83.36,308.88,219.29,3588.29,0.67,98.17,98.68
26.73,3004.35,152.97,137.44,183.2,4789.38,2.45,99.76,118.32
52.78,2244.65,202.42,285.48,183.44,4606.02,1.5,98.79,192.77
36.92,2614.29,157.77,108.23,125.36,4726.96,0.22,99.39,140.97
40.29,2814.19,185.29,92.43,115.84,1864.58,5.28,99.68,68.55
79.72,2913.54,168.71,175.93,152.24,4821.91,1.89,98.63,115.99
76.83,3357.1,161.66,124.73,356.52,3421.3,0.72,100.0,122.93
67.18,1698.56,103.11,91.31,98.31,4888.67,1.35,99.17,119.88
33.15,1545.06,127.05,355.55,136.6,3029.41,1.39,98.73,55.78
48.67,2596.43,98.97,163.87,182.6,5089.87,1.49,99.9,176.27
79.26,2543.79,109.04,384.9,48.32,4465.46,1.38,100.0,46.03
57.83,2590.97,123.41,120.42,218.88,3872.69,1.65,97.75,122.21
100.0,3370.5,155.68,63.32,64.08,5520.81,1.0,98.23,59.71
62.87,2055.96,141.17,303.3,82.15,5675.86,0.32,98.66,110.63
58.84,2346.31,111.91,141.87,77.83,4911.24,2.18,100.0,87.16
48.82,1361.73,122.78,211.11,32.35,6023.82,3.15,98.86,42.9
57.67,3542.72,141.67,91.55,294.15,4256.07,3.68,100.0,1.0
51.95,1812.42,153.37,196.95,226.94,5719.91,0.04,99.35,130.43
69.16,1832.25,44.05,90.27,263.01,4924.0,1.04,98.18,72.63
74.13,1805.28,66.13,194.09,254.81,3201.2,7.67,99.82,100.57
39.28,1596.57,175.37,162.09,164.87,3557.57,0.13,99.42,167.01
28.38,1537.39,116.96,218.42,177.34,7097.72,3.08,98.6,119.95
18.28,1681.41,98.8,250.06,271.23,7837.41,0.27,98.74,1.0
65.16,1091.94,106.83,219.29,327.46,6283.86,3.48,98.47,46.01
32.93,1498.28,106.81,236.08,66.77,3950.26,2.23,98.76,21.35
11.94,3412.27,147.9,191.28,406.8,7569.9,2.58,99.66,61.65
62.77,2562.96,64.6,165.17,61.59,6102.59,7.57,98.57,84.16
100.0,2696.13,121.24,237.61,138.42,5604.16,5.61,99.26,197.19
54.88,2872.05,132.31,191.08,186.67,8316.16,0.73,99.42,135.26
71.77,3331.89,139.81,194.14,194.93,3452.04,0.94,99.16,109.26
56.64,808.0,131.14,231.82,356.74,6391.37,1.05,98.07,112.75
53.02,1187.08,145.8,117.34,271.07,3533.72,0.4,99.72,114.0
73.38,1485.39,91.37,314.37,217.16,3908.07,0.96,98.38,24.91
49.19,1719.19,72.91,180.05,273.19,9683.71,7.73,98.8,38.62
60.35,1837.6,242.85,209.93,211.12,5904.25,1.34,98.88,113.21
61.43,1735.12,104.94,196.44,119.21,8328.54,6.1,99.18,95.2
41.64,2201.52,110.78,252.22,223.71,5978.45,0.15,99.27,107.09
74.84,2072.71,153.89,227.13,186.08,5724.36,0.08,99.68,159.21
51.5,1542.02,199.8,196.01,104.14,3873.02,1.71,98.98,67.32
39.89,525.12,92.77,315.9,293.65,6759.94,2.67,98.35,80.22
65.73,1352.99,70.06,1.0,175.1,5045.56,0.49,99.96,104.87
37.03,1663.53,57.89,299.41,79.15,5144.86,1.4,98.92,26.92
55.56,1875.04,199.66,273.62,93.36,4529.97,4.13,99.07,36.08
54.82,1257.23,68.09,53.13,228.15,4818.6,2.87,98.5,149.52
76.72,1704.44,118.62,274.34,274.45,5044.87,0.53,98.59,83.23
64.49,1256.31,71.14,284.68,223.35,5221.19,0.81,100.0,75.39
54.5,1959.93,47.58,244.94,223.76,4908.71,0.73,98.24,104.65
71.36,1296.84,105.38,75.27,107.07,2197.67,2.54,98.34,28.22
82.8,1453.77,73.11,254.61,188.36,5975.5,6.9,98.88,82.73
66.16,1131.92,85.42,280.58,150.29,4778.56,0.66,99.42,72.02
55.21,1940.55,220.31,154.22,162.45,100.0,1.77,98.52,109.7
28.76,1441.49,141.24,235.29,169.94,2141.81,8.94,98.1,10.58
33.7,2682.75,166.57,171.74,120.61,4147.78,0.34,98.35,62.95
48.9,2332.1,161.23,270.83,247.65,7301.47,2.15,98.91,76.58
42.81,1999.1,114.96,174.92,89.18,6093.89,0.81,98.5,75.61
51.26,1489.76,98.01,153.59,63.12,3763.13,9.58,100.0,137.06
56.13,2314.36,132.45,196.86,109.33,4656.74,0.23,100.0,63.51
65.59,2531.49,128.42,92.67,259.51,6988.18,1.2,100.0,218.03
53.59,2147.88,91.56,188.91,210.52,3890.6,0.59,99.46,124.88
64.73,3170.59,126.49,228.97,19.51,3045.28,0.06,99.46,75.54
56.29,2369.75,84.68,269.6,233.75,6584.99,6.63,100.0,119.18
15.49,2687.53,111.43,219.92,175.63,7008.92,1.68,99.29,124.06
36.21,2141.5,103.24,85.39,142.44,3911.19,2.41,98.62,82.59
52.12,2520.97,56.56,308.18,158.22,5877.7,1.94,100.0,141.07
30.81,1490.25,2.44,314.89,59.97,4926.92,0.32,99.6,55.97
67.0,1727.12,73.05,209.01,195.59,3936.8,0.37,100.0,118.45
85.62,2292.55,210.21,139.84,65.92,7103.72,1.97,100.0,90.8
79.38,2287.47,104.52,157.47,148.5,3804.85,3.03,97.96,106.58
50.73,2403.33,158.8,183.72,148.62,6360.81,1.89,98.6,104.15
84.81,2818.28,13.78,222.29,249.29,5122.54,1.69,99.06,95.72
57.97,1050.52,69.59,175.64,183.58,4689.51,2.74,99.55,174.06
48.26,1365.88,52.28,131.33,243.54,4000.59,0.56,99.84,71.6
42.73,2208.7,109.88,281.84,72.38,3224.09,2.63,99.16,63.41
48.95,1540.95,241.1,220.58,170.3,4550.18,1.06,100.0,91.46
47.24,4412.44,143.01,115.81,227.73,4077.65,2.24,99.63,147.13
58.41,2409.0,204.78,223.3,291.81,5166.53,0.64,99.62,96.53
58.21,1993.17,107.28,212.95,77.47,2844.59,0.3,99.01,92.14
55.06,1687.17,188.24,142.56,104.31,4726.99,0.06,99.42,72.77
63.74,1711.89,223.66,295.6,225.48,5730.73,3.25,99.42,75.54
78.81,2069.1,114.53,210.79,325.04,3788.11,0.44,99.87,137.78
73.99,2126.39,93.04,182.67,205.73,6333.77,0.9,98.28,92.51
25.3,1728.31,54.11,193.32,80.1,6529.22,2.93,99.69,105.18
3.92,1856.79,104.55,235.51,81.86,2827.13,1.2,98.05,67.08
73.69,2989.0,124.09,194.23,192.14,3634.87,0.49,98.6,126.07
27.66,3017.15,221.55,193.56,212.18,2587.23,0.43,99.63,143.93
50.5,2224.42,55.25,285.28,160.09,5761.54,1.05,98.61,57.9
31.6,1109.12,122.98,86.53,82.88,5230.18,1.67,99.22,58.91
18.96,2424.95,29.28,99.88,279.13,2117.97,1.0,98.56,61.22
65.83,3136.0,98.66,262.16,148.62,3826.32,4.7,99.62,136.43
70.18,3006.85,135.57,393.27,227.43,5554.98,0.01,99.23,56.56
43.47,2562.1,145.63,270.12,20.41,5203.31,1.03,99.18,81.24
3.18,3043.7,149.45,349.14,288.1,7178.28,2.72,99.97,55.62
44.08,2085.37,139.87,165.25,118.37,2926.54,4.43,99.49,162.67
62.84,2487.67,149.02,149.03,301.02,4983.99,0.89,99.55,73.73
25.42,1571.46,122.29,236.52,235.15,3196.83,2.24,99.98,161.53
58.67,2252.59,67.61,276.29,51.41,5198.28,1.74,100.0,93.94
54.69,2978.67,27.42,95.08,202.1,4674.1,0.45,98.53,75.26
66.59,1635.4,92.67,182.94,329.09,5489.16,2.28,99.72,126.96
57.39,1444.99,113.27,197.84,126.19,4263.53,0.57,99.5,93.43
35.54,2116.24,182.7,145.69,329.25,6372.19,3.06,100.0,151.4
78.93,1889.34,114.97,155.02,214.72,3713.58,4.02,98.3,86.34
51.83,2502.4,110.17,267.45,300.63,3172.51,1.3,98.72,76.93
54.45,1730.72,139.28,237.57,194.35,5405.4,0.11,99.06,76.77
36.33,3250.91,106.5,263.88,168.84,8336.97,2.67,100.0,144.71
46.13,1145.23,160.53,226.95,345.34,2261.62,1.26,99.0,105.03
37.3,2925.61,218.97,130.14,244.93,2939.81,0.2,99.17,65.5
51.54,1512.61,229.54,233.85,158.82,5416.8,0.8,98.72,37.58
89.23,790.81,124.85,123.83,218.15,7029.01,0.69,99.75,103.45
27.56,2214.51,136.84,175.06,129.16,5551.58,2.59,99.67,57.47
22.73,1869.77,198.94,117.1,189.71,3905.61,1.1,98.82,24.28
84.42,1271.27,112.5,151.13,287.61,5756.53,1.77,98.47,138.55
50.81,871.04,153.96,207.24,165.43,5929.4,1.39,99.74,45.7
41.62,2042.15,63.24,163.4,101.29,3775.66,2.58,99.56,23.52
75.8,2731.09,104.46,129.35,92.98,6484.72,2.53,98.74,89.5
42.89,2457.47,177.81,291.02,186.63,4937.87,1.19,99.69,83.01
91.52,2087.69,84.09,190.43,107.32,1850.54,0.29,99.65,60.07
68.56,2383.19,113.6,157.77,51.05,4757.31,1.05,100.0,103.76
45.24,2028.95,41.29,113.41,72.13,3975.69,0.35,99.79,83.13
98.15,1047.19,220.29,50.24,285.76,7348.81,6.4,98.96,182.97
42.89,1053.37,183.15,182.24,167.19,2607.89,6.0,98.67,87.29
69.84,1905.78,129.4,89.74,185.2,4130.38,1.22,100.0,44.1
60.99,1935.54,145.38,256.96,93.01,5462.97,0.06,98.84,107.01
81.03,2643.69,139.79,202.36,127.67,9354.27,0.94,97.92,110.32
86.23,2578.11,189.22,324.67,124.76,8518.86,4.51,98.35,81.6
55.64,2471.59,94.06,217.85,155.09,4918.57,0.68,97.78,28.46
39.93,1851.8,156.61,141.87,30.74,5628.73,1.95,100.0,156.86
64.2,1081.54,173.87,49.6,278.07,6083.57,0.41,100.0,44.5
41.45,2336.45,180.77,264.52,178.52,3177.62,3.49,99.37,130.34
95.27,2415.62,7.03,96.08,198.19,5018.26,4.45,98.08,144.31
57.73,376.03,90.04,167.35,262.29,7441.19,1.91,100.0,82.6
47.69,1463.96,69.04,333.93,255.4,5254.9,1.96,99.53,130.18
58.69,1564.26,127.48,248.88,128.24,8509.65,0.95,100.0,133.68
28.06,2130.85,19.2,231.19,234.4,4197.85,2.46,99.61,52.11
35.57,1485.65,17.72,275.55,233.48,4840.43,1.3,98.23,153.84
79.01,2021.31,228.5,272.56,208.44,4854.74,2.74,99.66,108.17
41.86,1900.63,150.88,326.48,275.5,2657.58,6.92,98.11,8.42
34.06,1936.6,126.05,151.83,251.96,6990.75,3.46,98.66,102.93
65.73,1546.52,138.18,169.87,245.46,4399.26,1.46,99.92,72.64
78.71,1600.71,127.32,126.21,302.88,5464.61,7.72,99.89,112.84
69.38,1291.81,169.87,197.38,182.58,3922.92,1.87,98.54,69.4
74.92,2314.05,88.38,189.42,185.2,8105.29,0.13,98.4,69.64
39.86,2447.77,129.33,59.6,253.73,7218.78,2.62,99.22,53.57
26.56,1508.57,131.37,147.69,163.94,5105.03,3.43,100.0,103.99
85.03,3112.45,67.66,315.13,223.34,2796.45,0.29,99.59,115.81
48.55,1827.78,183.85,219.54,129.59,6339.11,2.27,100.0,94.89
49.98,3119.13,97.72,257.23,5.0,6949.36,5.07,99.08,83.24
81.56,1598.51,170.87,190.36,233.81,3330.83,0.58,99.82,98.87
66.12,629.4,125.75,49.03,40.62,4741.89,1.76,98.98,137.28
64.12,2329.54,201.68,189.71,117.08,5138.33,0.64,98.64,53.4
98.3,2221.98,67.93,283.34,253.8,6956.56,2.98,98.53,41.54
42.13,2072.08,65.76,105.15,254.86,4727.58,1.74,99.45,46.97
73.56,1598.44,74.72,259.76,285.77,6731.68,1.12,100.0,29.44
56.14,2023.8,126.66,63.85,5.0,3608.79,0.06,98.97,54.45
60.37,1690.12,197.07,201.62,206.64,3100.23,5.79,100.0,140.65
85.57,1836.36,199.65,243.56,156.81,8296.74,1.38,100.0,27.02
65.16,2637.14,4.5,175.03,268.94,2637.6,3.26,99.81,84.95
65.77,2176.95,132.49,397.8,312.87,3647.78,0.99,99.43,121.66
76.45,2474.97,1.0,160.54,62.2,6412.92,3.78,98.73,95.47
47.7,1885.69,159.75,153.73,181.43,4044.82,0.35,100.0,129.9
38.22,1808.59,175.91,216.36,254.94,3996.84,0.53,98.4,71.79
34.1,1240.56,117.99,139.6,149.58,4644.46,0.81,99.63,75.29
15.67,1788.97,124.2,84.69,337.11,1119.25,0.19,98.3,79.41
96.12,128.0,123.68,112.19,143.87,7017.08,1.17,98.46,117.13
32.94,1634.84,80.78,260.64,152.98,5316.59,1.33,99.16,204.21
50.57,1990.69,141.59,175.6,83.4,3539.41,0.24,99.69,94.7
49.46,2442.57,108.43,336.16,193.85,1910.65,1.11,99.9,85.54
61.15,1859.93,166.51,164.7,5.0,2542.36,0.44,99.2,56.48
71.31,2291.37,114.32,256.84,157.7,2130.25,4.16,98.91,164.61
72.21,522.15,76.95,240.87,294.21,5409.07,1.42,98.65,79.53
43.34,2008.21,43.21,163.51,54.29,5427.04,6.07,99.69,70.28
51.66,872.35,26.8,129.7,34.35,6101.89,0.84,99.66,86.6
60.65,1202.19,185.63,61.46,280.46,6318.66,0.84,99.32,167.9
50.03,1916.98,97.11,244.25,292.65,6130.69,0.83,99.41,72.55
87.15,2941.38,136.93,295.86,57.99,7768.12,0.62,100.0,93.99
64.82,2307.84,209.16,72.81,335.95,7151.43,3.07,99.91,1.0
69.7,2060.76,91.86,170.36,218.92,6725.11,0.66,98.21,134.21
68.26,2034.33,88.63,146.65,274.39,5426.2,0.68,99.82,83.55
78.47,1548.46,113.39,244.11,108.73,6297.33,0.1,100.0,131.48
58.62,1667.21,121.47,173.71,314.02,4260.91,6.73,98.63,120.36
29.06,2347.16,214.38,305.84,155.88,4602.2,4.35,99.86,101.35
62.99,1078.25,198.29,169.25,151.92,8098.55,0.69,100.0,77.0
41.97,2463.14,151.04,101.09,223.41,3997.19,1.47,99.54,97.53
44.43,1776.05,192.47,162.5,144.72,3864.71,1.32,99.04,41.38
66.73,2625.89,111.09,171.31,43.14,4348.27,0.18,99.13,103.99
79.77,2720.77,134.96,242.09,191.86,4011.25,1.52,99.29,117.13
55.43,876.84,104.92,170.12,151.36,4163.81,0.24,98.1,98.28
61.18,1640.89,55.48,235.21,110.89,5436.14,1.14,98.06,96.44
89.04,1449.13,180.19,136.76,291.65,5495.06,0.18,99.39,70.76
59.82,779.09,146.58,176.43,395.31,6639.97,1.78,99.17,88.58
100.0,1325.23,120.9,137.2,97.28,8938.54,0.1,99.66,51.12
66.31,3756.88,119.88,132.27,197.77,4336.99,1.98,99.0,73.18
19.78,2474.66,44.69,301.99,144.14,4881.99,2.46,99.26,177.59
70.07,3390.1,71.13,142.79,385.96,1691.69,1.69,99.87,98.55
62.62,2628.37,136.81,172.19,224.26,2673.85,1.27,97.61,114.42
80.8,1528.71,93.54,283.57,263.43,4736.82,0.13,98.56,93.95
68.46,1780.76,109.11,260.0,286.36,5834.45,0.02,98.83,97.62
52.23,2459.91,114.77,331.3,191.71,5884.49,0.84,99.09,100.38
30.51,2354.25,85.88,238.62,163.23,6110.74,2.95,98.21,85.36
50.82,1643.86,71.6,151.97,316.7,7263.44,2.08,98.56,118.73
37.99,991.0,39.38,364.57,250.01,8070.24,0.27,99.69,66.37
43.39,4349.43,112.67,246.57,103.87,4561.89,2.33,99.53,35.67
66.77,1949.2,150.93,187.62,114.82,3556.17,1.71,97.25,102.87
88.4,1819.98,37.82,204.6,144.93,6178.8,0.36,99.04,139.73
62.89,2127.33,118.8,214.34,284.33,6680.88,2.82,99.1,69.03
31.08,1878.09,134.06,181.06,312.61,5244.5,3.55,98.56,126.37
63.89,2133.91,70.52,89.93,373.66,4677.81,0.53,99.1,121.9
78.93,2948.86,191.11,330.14,116.22,4092.5,2.02,99.47,157.41
42.8,1960.82,100.71,198.25,192.62,4923.98,0.95,99.7,169.55
52.32,1234.1,114.94,214.68,143.98,6242.12,0.12,99.27,118.21
55.29,1934.85,111.94,366.25,163.59,3797.13,3.95,99.65,90.21
39.3,1722.92,31.46,145.34,263.69,3558.28,3.44,99.21,30.34
67.97,3044.73,170.44,252.44,175.87,6079.27,0.77,97.6,134.06
52.58,2867.78,72.22,136.62,298.43,3473.52,1.52,99.11,140.26
63.39,2123.27,108.17,225.68,133.53,5272.09,1.44,98.34,84.7
37.25,1152.88,149.88,216.12,246.73,5176.78,0.39,99.28,109.08
46.25,1189.88,193.05,263.25,140.15,5000.74,0.31,99.05,53.93
69.45,2058.59,66.0,296.65,14.65,3843.22,3.72,99.04,71.07
47.54,2283.43,97.68,153.64,88.07,8121.03,4.04,98.61,42.13
89.54,1785.76,189.12,313.33,191.17,5717.0,2.58,98.92,105.76
47.01,1711.88,143.19,319.0,352.93,4074.07,0.15,99.41,79.01
59.49,1633.04,153.56,180.0,138.64,5595.69,4.8,98.56,144.99
73.65,2031.62,67.44,199.47,164.77,8298.01,7.9,98.77,104.39
26.63,380.07,101.04,160.45,224.07,5161.12,2.99,97.97,109.12
19.78,1277.07,111.61,175.56,126.05,7760.03,0.87,99.4,95.46
24.49,1609.06,77.11,103.72,136.46,2934.04,1.04,98.31,158.19
80.25,2893.25,36.27,262.2,186.49,3467.93,4.07,99.22,153.09
43.96,1478.33,94.48,35.98,140.71,1147.28,0.66,99.69,88.14
100.0,2174.33,187.71,144.23,19.53,8556.37,0.31,100.0,106.94
43.72,2206.58,122.96,196.31,121.48,1936.66,3.46,98.97,151.59
58.69,2956.54,188.71,303.98,235.34,5313.57,0.43,99.64,47.96
85.84,2931.8,128.95,156.38,238.14,8127.75,4.76,99.19,107.08
95.12,2007.75,81.76,234.23,300.26,6748.09,1.81,97.89,81.0
96.23,1715.16,183.88,193.52,293.0,5677.33,1.62,98.16,153.9
79.17,1583.32,130.62,275.61,98.98,7309.62,2.99,99.79,116.22
75.48,1879.26,168.09,230.05,112.91,3796.9,0.03,100.0,25.49
66.85,1744.18,66.58,266.42,116.88,5931.83,2.5,97.72,78.37
70.57,2435.54,171.94,155.95,166.31,4797.23,1.83,99.43,151.15
43.98,2342.22,173.44,118.88,123.91,4760.16,1.48,99.39,130.68
38.64,2462.26,134.49,229.37,164.29,5343.06,0.49,98.64,53.3
54.93,2929.5,79.65,160.98,101.5,7115.58,3.54,98.65,55.85
51.6,3352.01,117.7,202.43,250.6,7819.77,0.58,98.46,98.12
45.94,2135.26,150.56,225.38,94.67,4519.37,1.35,97.86,92.82
68.93,2817.62,131.73,299.35,90.22,3040.35,0.34,98.46,84.73
74.11,1801.84,150.05,262.93,226.82,3524.76,7.28,99.69,78.87
56.77,2877.5,170.61,145.52,245.01,8506.03,0.43,98.95,71.49
84.55,2791.06,87.58,108.4,159.74,7665.4,3.25,99.71,185.22
32.17,2753.89,62.25,336.59,258.21,3035.69,0.61,97.8,80.37
51.13,2113.85,118.12,73.39,251.71,7989.82,0.59,99.51,68.64
40.66,1580.15,103.51,163.8,350.92,3719.01,1.1,99.74,115.24
17.67,1071.83,159.29,251.62,245.96,6196.29,3.74,97.37,90.95
53.35,2019.97,66.28,331.1,333.65,3717.67,2.33,98.83,58.14
52.57,3121.11,171.02,184.83,185.57,8893.17,4.11,99.44,85.0
85.27,1831.11,187.68,202.19,305.97,3973.75,0.1,100.0,92.6
67.62,2597.59,120.02,130.0,307.87,3110.34,6.23,98.23,112.21
34.52,2638.77,123.04,210.13,167.16,4178.26,0.16,100.0,107.52
92.08,1849.42,81.62,107.99,118.03,9728.38,2.55,99.51,54.38
79.42,2969.44,92.87,139.98,133.86,5469.0,0.46,98.5,119.35
66.64,128.0,99.58,261.11,217.36,3149.21,3.68,99.89,130.68
50.47,1192.07,192.15,165.31,76.53,3580.91,3.97,100.0,51.97
35.81,1407.06,116.41,273.38,139.16,1854.18,1.6,98.97,63.93
47.56,1474.2,53.89,187.72,287.75,5972.24,1.03,98.91,87.98
76.77,2283.38,132.77,90.49,240.02,2749.02,3.15,98.53,103.78
92.69,2251.03,161.31,293.47,5.0,6990.19,4.14,100.0,105.3
85.86,2323.79,118.73,94.77,60.06,6422.15,2.68,98.69,93.29
45.22,2465.26,193.46,151.86,374.3,4819.97,4.75,98.52,37.74
32.61,1382.93,158.88,184.02,286.16,7225.02,1.97,98.76,135.48
57.82,1195.28,67.54,280.47,127.54,6666.06,2.22,98.77,55.33
19.63,2325.42,92.43,157.88,46.04,5282.44,1.7,98.8,149.02
61.46,1606.84,131.31,125.86,67.54,3617.33,1.34,98.65,141.7
52.05,948.67,36.69,213.01,225.82,5744.36,2.13,98.7,50.46
45.68,2727.94,136.82,182.88,357.92,5733.86,1.65,99.3,109.1
23.11,3024.57,31.92,162.61,352.19,5884.62,2.63,100.0,149.44
65.27,3138.01,171.17,217.32,38.19,5142.26,5.44,98.51,118.55
44.35,2178.91,165.36,103.71,153.38,5588.88,0.93,98.29,27.09
31.6,2486.15,145.24,62.25,102.87,5543.87,1.06,99.43,93.5
1.0,3006.91,86.21,371.1,192.33,7451.76,0.03,99.57,128.35
54.45,1599.01,128.51,208.33,60.2,2706.62,1.5,100.0,162.24
90.45,2825.47,94.33,213.93,130.88,3197.14,0.28,100.0,89.58
88.23,2240.78,68.46,137.44,101.95,5135.23,2.52,98.09,28.35
45.86,2687.6,103.06,271.82,227.12,3632.02,3.02,97.8,182.53
42.96,2178.27,154.91,157.32,133.66,5379.57,2.57,99.6,90.1
64.38,2955.38,122.19,1.0,146.59,2996.32,1.58,99.58,152.78
35.03,2204.47,192.54,154.64,225.98,3280.32,1.53,100.0,84.68
61.04,1009.21,158.29,177.49,327.83,8708.89,2.08,99.47,116.99
70.32,3064.35,152.93,186.39,370.42,4587.2,1.62,98.81,67.58
79.54,1384.73,39.55,184.08,221.04,2891.77,2.77,99.93,68.36
53.0,2925.14,105.74,148.41,172.03,4793.32,4.5,98.47,167.38
50.93,1984.83,66.78,140.68,298.46,6865.56,1.54,100.0,132.59
37.44,2871.21,110.85,176.16,285.04,7169.95,0.23,99.39,93.88
38.46,2842.34,85.34,68.36,259.36,2370.07,0.28,98.68,132.38
50.47,2349.1,101.12,43.39,37.86,3619.32,0.94,98.58,67.88
62.35,2403.97,173.06,207.84,288.74,5400.87,1.37,99.34,95.06
73.27,2343.84,143.76,209.18,212.24,4938.85,0.51,99.14,99.09
38.94,638.32,170.36,270.35,99.57,2119.99,1.21,99.1,64.66
84.85,2130.83,39.97,179.55,119.53,2411.62,0.29,98.28,59.42
49.58,1266.76,122.9,104.51,232.38,3078.31,0.55,99.09,19.46
54.57,2167.83,168.34,44.83,5.0,1812.4,2.65,99.78,56.3
40.06,1247.94,195.31,128.78,168.71,4174.75,8.48,98.67,168.12
6.52,1218.53,42.6,233.8,121.04,7150.09,0.41,99.38,23.92
72.68,3171.45,102.43,315.32,111.88,3801.48,0.83,99.98,93.62
69.74,2796.61,171.71,204.33,138.85,6948.06,0.86,99.64,101.1
49.37,2045.1,110.39,102.91,46.85,5053.45,0.51,98.35,85.01
56.34,2177.34,74.48,129.61,274.72,4669.91,0.46,99.42,129.97
65.32,1874.46,42.5,132.1,5.0,2001.67,0.28,100.0,84.0
23.75,2446.91,72.56,167.52,195.24,7105.67,4.76,99.55,133.14
44.42,1574.76,35.55,289.67,103.72,5209.57,2.1,100.0,116.96
70.89,2743.62,122.92,295.91,358.52,2120.19,0.69,99.89,40.87
29.91,1870.84,164.82,186.22,182.04,5687.34,0.6,98.4,141.46
60.87,1754.11,56.95,214.65,5.0,3941.9,1.78,100.0,82.45
27.87,2063.2,132.89,136.2,229.21,5110.38,2.39,100.0,23.36
64.33,1634.2,162.26,63.21,81.67,5432.24,0.58,99.0,113.85
54.29,2278.08,119.86,343.07,268.64,7188.32,0.85,100.0,83.52
22.7,1671.85,39.47,14.2,235.6,2970.9,0.69,99.11,160.15
78.29,2375.97,139.31,53.13,312.53,6029.39,0.18,99.14,138.82
40.31,2899.2,117.27,343.71,196.83,7390.94,0.98,98.57,58.91
38.79,1544.47,112.17,201.33,253.72,9536.88,1.53,98.48,132.96
59.01,1956.6,92.66,109.93,183.85,6889.21,2.13,99.3,67.16
77.97,2370.93,124.34,254.62,126.93,5650.53,1.08,99.02,28.72
34.68,1742.9,145.49,261.84,275.92,5495.04,8.19,98.16,70.42
56.23,2373.02,239.53,93.39,69.26,7793.78,1.97,99.45,41.84
63.58,2436.78,125.62,157.37,176.73,4484.41,4.35,99.56,94.45
68.86,2806.28,195.56,270.1,128.83,6432.62,4.95,99.41,172.22
58.53,1623.81,137.89,134.65,255.79,8949.38,3.45,99.4,98.15
47.66,1388.06,115.02,222.57,94.8,4803.13,0.63,99.49,113.46
38.45,1832.7,127.43,313.98,143.21,1374.89,1.13,99.32,54.87
56.72,1370.57,58.91,8.6,183.95,3450.54,0.0,99.44,73.39
33.56,2443.15,135.29,172.7,313.9,5528.2,1.2,99.55,116.81
1.0,1234.77,20.4,220.93,132.07,3493.49,0.7,98.79,92.26
63.73,3681.11,76.87,56.64,143.92,4375.01,0.24,98.31,66.17
73.08,2955.15,125.49,157.63,58.66,4468.92,3.65,99.42,135.11
7.74,2056.8,179.7,283.56,91.53,6009.71,2.24,99.31,100.62
34.81,2655.18,191.53,143.65,217.17,3297.26,14.03,99.52,177.2
67.38,902.24,108.17,81.25,182.89,3949.22,1.38,100.0,121.37
96.15,3814.36,127.79,290.47,184.33,7532.68,0.8,99.18,49.61
55.42,1634.85,169.22,235.56,336.71,4132.47,0.61,99.11,99.63
40.44,1963.65,53.53,194.49,29.49,6306.41,1.14,99.53,46.84
51.34,748.85,140.24,192.13,388.6,5025.09,0.74,98.49,175.2
82.5,2388.4,78.61,282.26,286.04,4958.39,9.37,99.23,55.44
42.08,1273.56,111.41,223.56,150.68,6328.65,0.4,99.13,139.57
39.02,2119.16,97.05,251.65,215.21,1647.57,0.04,99.81,133.17
45.35,1667.01,141.77,144.59,118.54,5798.02,0.28,98.88,67.7
35.93,1293.58,147.52,46.61,208.73,5994.97,4.44,99.26,108.14
57.45,1484.95,164.55,249.75,373.49,6527.2,2.37,99.09,105.23
87.49,2206.05,137.41,288.07,121.83,4324.15,3.06,97.46,128.31
61.46,1150.96,128.58,182.04,159.12,5000.95,0.77,98.83,102.08
49.95,1523.83,212.7,271.02,111.89,585.44,1.95,99.19,68.28
49.16,2512.29,43.78,173.18,126.35,3794.29,2.46,98.58,117.43
23.74,3869.74,204.78,192.74,143.76,5316.05,0.79,99.11,117.57
72.66,2382.31,105.51,340.19,81.46,7647.19,2.58,100.0,57.76
53.44,1405.92,148.54,176.68,156.27,8322.4,1.99,99.87,2.78
51.39,1791.02,103.72,171.95,184.88,4383.59,0.7,97.89,118.66
100.0,2070.11,84.87,50.4,143.72,6573.26,0.11,99.73,109.93
60.98,1803.4,144.23,255.21,5.0,4735.03,0.54,99.59,112.27
39.96,2680.14,172.11,143.21,166.11,2091.27,1.93,99.13,147.76
46.47,2200.23,143.65,211.78,175.75,6089.1,1.83,97.56,130.04
77.97,2683.5,92.89,174.8,350.78,8296.31,1.42,99.75,146.73
57.27,1827.89,300.57,164.34,182.41,4313.41,0.58,98.9,126.32
26.23,2975.85,179.93,190.58,264.2,3366.94,1.18,99.35,100.76
73.38,1931.46,166.67,196.73,141.69,5121.26,0.31,98.52,45.82
41.64,1368.17,102.35,294.09,296.84,4778.98,2.17,98.68,156.65
92.47,3572.12,88.74,321.62,94.99,9698.08,4.07,99.86,86.62
76.6,770.52,106.01,252.06,225.45,6810.55,1.25,100.0,70.76
46.05,1530.88,174.07,301.72,255.63,5232.9,0.48,98.9,120.48
80.62,1609.08,70.47,268.33,242.42,100.0,3.52,100.0,21.57
56.36,3803.81,66.59,239.57,374.77,4742.06,0.75,98.9,65.44
72.06,3312.8,146.98,316.41,127.41,8334.01,1.8,98.89,69.83
64.69,3093.75,135.96,95.32,307.24,5144.09,0.16,98.21,68.69
38.07,1816.54,81.48,145.24,284.01,6479.33,2.53,99.55,172.41
42.13,3746.32,65.44,134.33,184.45,5705.53,1.23,99.06,91.71
75.6,2305.85,191.89,175.89,345.53,4124.01,1.1,99.1,69.44
48.3,2732.08,137.85,254.87,166.81,8044.37,5.46,98.93,93.07
46.93,2173.79,51.82,110.79,182.01,5340.03,1.35,98.51,129.15
35.9,2013.37,55.32,240.22,179.51,3727.63,0.03,99.64,18.75
63.47,1871.75,101.92,153.04,65.41,5038.75,6.43,99.16,99.58
96.25,1901.25,156.64,172.23,248.54,7569.58,0.02,99.77,76.88
33.65,2473.94,149.75,216.03,234.49,2336.99,1.54,98.54,105.78
55.48,2305.04,176.58,334.5,170.58,5486.48,2.01,99.37,49.17
83.24,2025.97,45.48,143.01,338.63,5132.54,4.5,100.0,87.81
53.41,3104.67,131.19,193.59,140.65,2227.8,2.27,98.7,89.54
64.05,128.0,191.3,113.74,24.32,6380.18,3.33,98.86,44.18
33.75,2404.92,186.64,142.24,351.2,5461.61,2.94,98.85,169.57
63.57,2550.42,137.95,113.01,271.0,6581.35,0.48,98.47,111.6
51.26,2850.87,237.4,219.58,236.34,7048.54,2.41,100.0,131.85
74.71,2002.59,150.46,234.02,149.45,4899.99,2.03,97.59,80.84
78.75,2193.54,172.14,254.96,210.79,3999.91,0.56,98.34,103.59
100.0,2738.16,122.22,139.71,66.57,2435.85,0.27,99.53,46.93
66.59,3091.82,80.95,240.64,159.74,3840.19,2.79,98.69,69.4
61.52,1837.62,76.24,209.05,98.67,5019.71,7.09,99.18,59.05
58.89,2234.88,129.08,195.38,203.57,3265.56,2.68,99.18,106.86
47.94,3223.0,109.42,100.69,263.11,6050.21,2.77,99.55,163.28
61.77,561.18,31.57,212.26,85.71,3373.83,0.36,99.26,131.14
49.09,1564.99,68.71,214.8,245.24,1826.93,0.57,98.93,167.47
58.37,3074.09,104.08,208.14,197.98,3959.72,1.76,99.29,126.75
81.35,2812.78,156.36,232.0,241.55,5331.61,0.06,99.08,111.81
34.87,2413.71,119.2,255.57,158.2,2733.0,2.2,100.0,58.1
77.8,1733.98,116.4,112.16,243.36,3401.13,0.31,98.8,107.93
81.34,1430.73,70.65,182.66,117.38,3865.69,1.07,99.59,76.03
52.64,1634.15,121.16,241.26,28.6,4102.02,0.77,99.84,128.28
12.56,3131.61,185.96,178.53,49.15,5536.19,0.23,98.27,40.63
42.84,1608.09,127.78,276.75,134.75,6148.22,1.73,98.42,90.68
80.94,2119.0,44.63,207.21,34.87,4146.02,0.9,100.0,95.7
54.54,1520.4,57.42,43.61,319.53,3129.91,0.09,98.73,166.46
35.01,2637.94,149.44,267.15,172.55,5246.12,1.18,99.21,54.07
44.9,1670.89,108.78,190.63,262.73,5931.9,1.78,99.08,141.73
71.81,1979.68,116.27,58.42,250.84,7904.79,0.28,99.17,127.94
65.93,869.63,89.36,179.82,180.58,7063.11,1.76,98.94,84.77
50.22,918.64,145.17,98.53,498.29,2734.07,0.72,99.28,111.39
47.66,2053.37,104.95,260.25,443.49,4746.21,0.6,98.63,85.01
47.16,1120.39,110.67,197.13,305.27,5821.09,3.17,99.04,95.58
36.55,3521.56,77.44,126.1,98.53,3469.65,1.26,97.82,125.12
87.31,604.93,166.08,264.87,308.97,4368.73,0.95,99.12,196.79
48.55,1487.88,108.94,236.68,22.63,6213.13,3.35,99.43,133.57
79.34,2059.69,150.39,181.14,305.71,5449.95,4.82,99.87,104.9
85.43,1792.41,60.32,100.35,5.0,5003.11,0.76,100.0,151.95
74.97,1275.1,206.69,132.6,151.29,3823.61,0.1,98.94,38.18
46.37,1377.45,183.87,131.4,288.82,2397.91,1.56,99.79,78.82
63.07,1354.54,24.51,259.72,214.67,4437.62,2.51,98.39,97.69
54.52,1847.29,79.9,65.53,46.93,4835.79,1.77,98.84,53.46
36.93,3414.35,143.88,196.22,195.33,2356.83,2.33,100.0,73.36
61.49,2102.56,54.01,179.98,214.71,5086.35,2.08,99.33,28.76
31.42,2876.03,113.42,282.84,198.43,5705.68,6.25,99.36,43.85
78.75,2402.88,141.33,218.62,143.34,3754.41,4.02,99.08,85.2
45.71,2827.7,110.76,242.82,256.96,5726.2,0.28,100.0,57.38
59.02,128.0,146.94,157.97,283.04,5496.27,1.21,99.57,111.83
60.67,1834.88,85.33,101.52,166.12,4451.84,1.21,100.0,105.71
49.82,2962.99,7.79,173.96,316.77,4251.25,1.22,98.79,109.28
66.73,1647.78,169.11,262.17,165.94,4402.05,5.34,98.52,74.82
45.5,3281.73,168.79,261.99,135.92,3458.84,0.79,98.66,138.29
72.43,3086.72,245.18,165.55,302.12,5620.36,1.91,99.64,115.03
28.08,1719.61,9.64,131.14,298.84,3478.51,4.53,100.0,103.98
57.53,1695.79,157.54,115.47,124.19,3594.05,0.1,99.72,104.31
93.78,1338.48,21.57,189.07,111.13,5895.08,4.22,99.81,86.7
34.99,1607.28,207.82,210.92,338.79,4564.27,2.9,99.32,147.74
41.45,1185.19,144.39,317.86,170.76,5111.05,0.47,98.31,140.67
65.28,2348.17,72.4,209.87,180.3,1919.09,0.79,100.0,80.39
58.59,1028.77,159.01,249.1,157.3,4058.05,0.74,99.67,101.6
62.01,2470.61,92.35,137.56,298.94,8025.39,0.5,99.57,79.14
64.78,2487.66,135.02,203.34,372.98,1794.55,2.04,99.81,193.62
67.69,885.16,130.3,211.21,186.3,8149.33,8.13,98.0,84.79
77.19,3132.87,207.21,188.76,397.59,5470.18,0.36,98.85,142.81
63.2,2407.53,210.75,198.25,130.09,4040.62,0.53,99.64,202.17
50.17,2572.79,90.14,210.1,154.55,4632.04,0.69,99.1,107.68
68.45,1516.93,172.91,238.48,240.58,7214.92,5.55,99.15,25.32
93.0,2483.67,137.74,293.53,106.47,900.51,1.97,100.0,155.41
52.35,2836.48,49.37,18.76,239.42,7547.77,0.48,99.28,74.53
35.51,1978.97,85.19,289.1,133.34,5478.16,3.26,100.0,67.52
77.14,3449.35,236.81,63.14,41.03,6822.04,5.12,99.17,166.17
52.59,2078.85,137.89,224.7,23.17,1853.02,1.03,99.76,42.94
11.55,2846.55,169.99,388.45,150.86,4590.56,0.38,99.54,152.39
71.95,2253.11,109.4,196.6,217.59,808.97,0.74,98.8,86.05
44.29,2457.87,93.0,214.4,57.49,7155.65,0.49,98.48,20.88
53.19,878.07,121.36,175.18,196.07,3231.12,0.45,99.23,130.36
61.64,2307.74,106.69,253.38,196.33,3204.67,0.37,100.0,4.93
58.81,1533.52,45.34,228.98,164.91,1518.03,4.18,98.92,93.17
69.19,1455.52,69.83,145.92,96.64,5799.87,0.18,99.56,29.62
46.29,3268.87,155.39,190.85,201.62,5129.4,1.07,99.02,81.88
65.26,1898.36,100.97,110.53,167.19,3653.83,0.03,99.36,122.88
49.81,1345.69,121.29,190.48,268.36,5473.59,0.69,100.0,111.9
69.78,1796.61,131.75,166.45,63.65,3596.12,2.45,99.28,103.32
67.31,1137.68,135.65,210.92,190.26,1833.28,0.45,98.77,135.37
36.29,3051.72,177.33,143.21,65.53,4345.16,13.34,100.0,95.0
76.72,1561.02,65.07,182.85,158.66,7960.49,0.1,98.78,86.35
44.28,2418.51,148.51,200.7,81.44,6749.0,0.29,99.67,106.41
71.16,2997.27,157.75,206.27,97.44,5819.67,3.09,98.16,68.54
62.35,1697.89,169.29,221.94,179.65,5439.24,7.46,100.0,129.51
91.76,2420.42,49.35,186.07,129.09,4346.0,6.16,100.0,97.83
50.53,1326.94,132.74,137.06,312.0,6324.76,3.2,99.18,123.63
48.01,3760.04,205.8,206.57,286.12,6017.58,7.22,98.48,87.91
54.61,2703.47,115.04,185.69,252.43,4850.4,3.68,99.74,114.96
48.94,1913.18,144.17,281.97,250.65,5358.34,0.12,99.26,121.6
71.0,1507.02,159.02,292.06,191.72,2109.45,3.74,100.0,14.22
22.67,1968.2,68.73,90.23,297.43,4135.46,1.32,98.78,36.56
33.93,1810.01,211.69,249.37,153.54,2852.41,1.22,98.26,72.67
33.64,3415.06,144.98,265.42,370.74,2818.08,0.01,99.41,89.75
74.01,1190.13,145.98,92.33,95.2,5846.49,1.94,99.61,146.01
89.21,2142.36,36.9,246.36,78.41,2723.7,2.23,98.66,113.16
52.91,2035.16,159.73,271.68,54.45,6382.56,3.13,99.87,115.93
51.62,1965.81,145.32,124.03,70.12,6857.6,0.79,99.24,156.67
56.4,1971.97,201.21,181.09,33.36,4888.93,0.27,99.01,150.04
78.24,1966.75,104.44,214.91,199.27,3910.07,1.16,99.58,54.66
36.45,2659.15,70.62,245.64,256.84,6855.84,0.9,99.0,144.32
59.77,2474.29,85.89,120.92,183.07,5994.26,2.8,98.69,99.19
74.5,2341.24,94.75,292.56,55.32,7151.32,0.52,98.07,74.39
65.02,128.0,64.06,37.65,137.73,3053.28,0.3,98.77,83.26
58.79,2257.86,184.51,305.9,255.73,4531.37,1.16,100.0,69.98
75.02,889.05,186.38,244.02,149.23,4606.58,1.98,99.23,100.65
1.0,2500.42,110.21,150.26,108.15,5376.96,0.66,98.49,91.68
68.56,3080.15,100.36,269.15,43.76,6124.8,0.24,100.0,144.44
41.92,1399.63,29.23,116.18,141.95,5248.1,1.16,99.17,172.32
18.39,1864.75,154.8,209.19,116.77,7403.72,6.53,99.4,78.79
65.22,1628.45,202.67,219.08,172.23,4325.46,6.84,99.39,43.17
82.47,2912.8,88.14,218.89,222.87,3111.78,2.47,100.0,121.71
52.25,2114.52,114.16,132.82,154.58,3801.8,3.0,98.27,132.67
74.06,3257.83,141.71,160.31,196.63,3577.86,0.46,100.0,110.22
87.25,2337.63,206.22,210.14,222.48,4179.33,0.94,99.72,33.45
81.3,2217.72,129.99,141.86,69.32,4515.46,1.86,99.25,63.31
87.8,2095.74,129.77,221.72,349.74,4591.8,2.78,98.6,100.89
69.84,2620.59,128.97,150.87,113.27,5417.47,0.36,99.03,70.36
56.51,831.62,48.75,280.0,226.49,4170.03,1.22,99.23,55.09
22.96,2107.74,47.66,325.01,77.76,6887.84,0.36,100.0,180.78
50.08,1998.97,79.6,176.2,189.91,1511.25,2.01,100.0,55.01
38.14,2555.79,170.64,273.62,193.21,991.66,2.96,98.93,143.26
98.42,1916.61,103.23,183.02,329.32,6802.36,3.58,100.0,111.51
51.48,1320.89,93.52,125.09,159.06,6660.92,2.64,99.87,119.33
57.46,2053.15,92.64,165.94,296.95,7230.24,0.35,99.53,140.52
66.03,1290.01,113.12,206.85,206.14,6146.11,3.53,99.0,67.44
55.87,700.32,205.11,57.04,346.69,5004.55,0.81,98.8,83.01
88.9,2556.99,112.44,250.05,19.79,4534.83,3.61,99.58,113.9
42.55,2453.34,80.69,206.88,223.4,2116.16,0.58,99.47,21.03
58.89,2374.96,121.26,280.04,5.0,5265.81,1.29,98.93,160.99
40.15,2960.05,207.75,248.65,174.77,2413.76,1.72,99.98,99.64
28.6,1582.48,94.86,209.6,271.89,9439.01,0.07,99.31,57.32
42.76,1046.22,60.95,171.53,310.11,3142.31,4.68,99.49,138.75
54.26,1998.98,94.95,321.83,246.48,4864.22,1.43,99.95,98.66
46.41,1804.75,126.44,373.59,153.85,7711.54,0.43,99.78,66.14
41.15,1458.39,154.41,172.87,229.06,4341.15,0.35,98.07,132.83
26.87,1992.11,170.34,283.38,406.47,4353.29,2.32,99.73,1.98
53.34,1619.88,67.71,143.46,186.78,343.79,0.17,99.22,111.78
24.91,762.8,72.46,152.99,266.49,2642.4,1.16,98.89,147.41
70.2,1739.18,103.84,169.1,141.36,6010.77,1.55,99.24,61.68
56.65,1252.54,154.22,254.77,276.34,8011.1,0.53,98.99,43.73
25.85,2210.15,57.0,114.01,261.55,3395.93,0.28,99.29,111.93
48.82,1588.78,89.63,324.0,125.05,5354.13,1.35,99.19,67.93
39.96,2826.14,90.36,275.03,249.96,9875.22,0.83,99.68,184.92
61.38,3170.71,167.09,252.92,254.23,6020.24,0.3,98.13,73.8
81.81,2523.57,146.41,176.49,246.59,6756.93,0.47,99.33,87.22
17.5,962.28,165.19,266.36,176.3,3621.07,1.27,99.18,115.86
57.3,3101.64,186.93,1.0,290.62,7794.27,0.29,100.0,22.27
51.8,3151.0,104.72,235.27,95.86,3753.84,5.5,97.83,97.39
68.43,2061.15,60.63,212.81,180.88,3437.59,2.99,99.85,139.78
59.26,2974.05,60.95,49.1,190.03,7662.88,0.79,99.5,91.76
39.96,1661.83,28.09,232.5,285.42,3853.51,0.6,99.74,49.08
48.62,741.63,97.06,247.27,93.02,4993.39,4.15,98.89,77.63
39.08,1515.8,100.79,51.7,201.7,7927.13,1.11,99.42,18.41
76.52,3258.51,159.38,105.06,135.69,3354.58,3.97,99.3,83.36
55.43,1004.24,120.85,365.15,189.85,4573.74,2.71,100.0,139.4
93.02,2047.66,95.48,185.09,215.31,3901.62,0.19,98.98,70.03
53.79,2071.9,114.2,278.05,64.94,4408.29,3.36,98.65,122.97
40.83,1688.92,68.05,290.14,293.77,5070.64,1.55,100.0,35.71
24.73,1737.53,171.27,231.51,218.5,7412.18,2.26,99.44,170.18
18.94,2098.57,80.7,281.38,102.73,7956.12,0.49,99.56,140.25
23.32,1654.49,63.0,30.97,149.29,5280.51,0.0,99.99,75.31
60.34,1052.56,160.89,181.56,314.48,3692.15,0.81,99.25,42.08
65.17,2198.52,148.71,1.0,217.43,6220.47,0.42,98.91,74.67
23.38,2799.36,33.82,60.31,93.16,5009.48,1.14,99.29,106.28
72.9,2656.7,162.75,156.32,109.48,5068.22,0.19,98.61,138.44
45.34,1481.19,82.92,146.77,236.23,3142.72,4.51,98.18,10.59
57.94,1172.14,101.29,203.31,247.03,2089.25,0.25,98.61,143.22
87.24,1849.07,129.35,198.35,212.66,4965.94,2.89,97.55,105.27
72.94,3145.45,149.33,210.7,153.77,3074.97,5.6,98.94,48.46
49.63,2499.92,142.27,213.98,252.87,4045.52,0.32,98.85,1.0
37.18,2540.78,117.51,226.63,151.93,7668.79,0.85,99.62,100.5
11.96,2670.9,98.77,123.28,103.08,4873.72,2.63,99.29,103.8
40.62,2342.54,140.61,142.02,322.8,6992.77,2.51,99.1,70.35
50.78,2132.43,114.08,197.05,223.99,5533.06,0.08,100.0,131.48
35.26,2511.61,210.27,198.29,109.37,6050.91,0.15,98.91,176.36
52.37,1665.68,149.32,113.45,192.08,4009.93,0.26,98.42,79.02
56.54,1057.88,73.83,286.52,182.46,7075.24,1.68,97.43,65.13
50.5,2554.1,96.12,257.98,148.51,5559.49,0.11,99.22,163.67
42.0,2914.42,122.41,131.22,201.02,4524.08,1.78,99.16,86.17
58.37,1265.24,184.97,183.33,96.43,5558.54,0.84,100.0,121.37
63.84,2623.35,190.56,360.76,258.63,3712.56,2.21,98.59,70.71
33.19,3224.54,100.19,212.85,179.45,4471.37,3.05,99.73,140.61
83.22,2046.43,73.32,231.65,35.15,4900.51,3.13,97.46,45.22
53.03,1475.4,66.93,151.29,159.47,4053.76,0.08,98.29,100.8
55.38,2134.11,132.62,174.95,124.57,7805.7,5.88,99.47,106.84
69.16,1662.63,235.19,320.91,5.0,4252.67,1.77,99.68,87.7
59.66,1616.29,146.95,209.06,165.98,8748.54,4.52,98.04,69.55
74.06,2351.23,40.3,194.33,273.31,5121.08,1.91,98.64,166.72
60.74,925.39,83.7,200.61,170.3,4578.21,1.32,99.23,127.35
42.75,1037.25,88.8,403.63,243.73,4092.03,2.62,99.13,60.39
62.23,2061.5,78.9,203.18,180.76,5760.34,0.5,99.58,19.65
32.13,2032.38,100.61,133.59,138.93,6609.55,0.22,99.84,154.14
57.17,2288.49,138.47,147.57,114.16,431.71,0.19,98.31,57.96
54.34,3360.66,154.1,262.46,64.55,5008.79,3.78,99.51,97.47
50.84,2121.16,174.59,85.72,263.32,1421.43,4.87,98.7,98.67
52.43,2466.72,146.21,236.05,245.77,6767.29,3.37,99.43,106.44
17.36,1365.13,22.29,142.09,154.95,6799.44,4.7,98.87,27.46
44.03,2585.56,67.13,51.3,5.0,5073.75,8.37,99.95,81.04
56.86,1679.53,112.1,121.59,222.49,5375.11,1.49,99.61,94.37
58.2,2097.99,127.36,202.2,98.57,2426.42,0.33,98.51,92.78
34.45,1971.81,163.07,311.61,192.95,4014.88,1.87,98.02,123.59
80.31,2771.08,122.16,273.07,41.29,3898.08,0.87,100.0,101.6
37.68,1131.02,122.54,176.5,188.28,4191.79,0.85,98.71,112.81
74.39,449.73,131.89,277.77,168.18,6569.91,2.6,98.78,71.05
63.54,1898.6,107.25,171.46,5.0,7307.07,0.19,99.72,163.28
42.08,2375.97,124.34,82.68,325.62,6099.03,0.08,98.48,83.43
90.51,2154.59,176.29,201.69,150.69,4417.87,2.38,99.34,108.17
31.13,2910.54,115.8,79.53,156.67,3656.91,0.6,99.21,99.57
73.38,2354.16,118.49,263.31,228.12,5162.94,0.97,99.14,113.04
75.01,1653.31,118.32,264.47,175.44,5533.74,0.74,100.0,143.02
41.59,420.21,184.89,129.6,212.76,4602.23,1.91,99.53,61.37
82.85,1881.88,64.6,211.65,77.01,3813.68,0.34,99.89,128.03
50.0,2767.57,208.79,210.88,167.2,6107.46,2.55,99.03,124.49
60.77,1773.57,61.18,269.76,8.16,6284.34,5.18,98.69,101.93
60.21,2067.82,87.29,100.39,158.61,2638.52,3.62,99.93,104.07
52.31,2342.95,157.24,247.96,310.06,4309.28,4.75,98.8,48.78
71.22,1337.3,171.52,94.66,44.46,6400.22,5.53,99.29,81.41
70.87,2484.27,49.83,262.18,148.43,6779.45,0.93,99.5,18.71
20.03,3193.99,65.36,285.02,5.0,5116.22,3.18,98.66,82.75
81.09,1927.03,133.89,146.43,180.72,5657.6,1.37,98.66,92.47
21.75,1257.65,237.22,297.53,221.96,5454.57,0.63,99.01,39.05
75.65,2001.38,182.31,74.08,214.51,6717.76,2.75,99.72,106.96
77.53,490.93,107.6,287.97,125.83,3003.42,0.56,99.44,143.29
33.18,2283.83,1.0,315.08,5.0,5481.69,0.23,98.25,103.62
46.78,2364.59,124.08,227.67,68.26,3400.05,2.44,100.0,94.78
32.89,3220.95,138.11,184.36,293.08,6958.55,0.68,99.47,73.98
50.7,1912.2,100.87,224.99,259.11,3094.98,0.73,98.9,109.86
48.84,2333.94,77.46,151.7,171.78,5735.28,4.26,99.09,54.35
70.59,1445.1,127.96,409.97,194.61,3409.7,0.29,99.03,1.0
81.21,1798.5,72.89,153.08,87.51,6354.36,2.9,98.94,158.18
82.91,980.37,213.62,305.39,296.16,5790.72,0.98,100.0,133.43
43.76,1911.65,195.84,140.7,115.28,5431.39,4.47,100.0,51.03
50.82,1834.28,152.9,327.74,219.35,8529.68,1.16,98.84,37.16
21.33,2257.44,124.49,360.99,60.49,3735.45,1.05,98.88,99.26
38.88,1611.48,86.99,230.88,163.96,6666.93,1.12,99.14,97.58
74.3,2106.34,118.96,222.93,292.36,7109.62,3.64,98.24,127.65
87.31,1814.63,201.96,123.47,94.78,6667.44,0.02,99.57,81.6
30.31,1815.95,163.43,113.95,247.44,3780.77,2.44,99.33,141.2
43.15,2104.25,130.18,223.83,82.73,4577.72,0.46,99.3,86.33
54.47,2076.37,166.2,316.66,98.83,3909.27,4.28,97.9,143.52
60.6,2580.82,147.28,156.14,179.19,4464.86,0.94,97.62,87.74
38.81,1963.55,139.81,376.63,267.45,3485.89,0.83,98.94,60.43
63.48,1803.08,169.03,151.19,153.16,4346.16,2.49,99.66,80.02
45.52,1921.43,145.85,218.35,235.67,7641.73,2.56,97.96,121.17
54.71,1547.74,162.93,218.56,282.97,4425.37,2.01,99.83,109.15
65.93,1796.06,128.07,191.88,110.6,5190.51,0.8,98.99,97.1
55.13,3469.81,107.29,36.49,42.74,3694.22,1.89,98.62,53.25
46.27,1409.12,92.59,150.47,148.0,4973.01,0.11,99.26,92.6
52.81,1852.94,86.63,215.97,294.58,6488.01,6.21,98.29,68.88
53.23,1776.76,39.74,192.32,106.86,5881.01,1.21,97.42,67.85
47.6,1874.98,74.4,250.9,271.35,7552.93,0.73,100.0,134.81
49.82,1816.13,72.96,260.55,156.37,2822.35,3.94,99.17,64.35
86.97,2243.47,94.63,180.79,338.06,3638.54,0.78,98.7,62.07
66.22,850.88,198.11,123.01,382.09,4256.78,11.74,98.8,107.56
49.09,2774.02,112.12,323.87,272.83,7744.85,2.35,98.66,58.35
68.94,2490.81,132.09,91.56,31.81,5537.81,2.1,98.95,72.83
48.32,1177.99,133.67,152.38,5.0,2449.29,0.33,99.12,172.02
78.46,459.65,199.38,132.0,185.51,6966.03,1.88,99.68,88.31
62.39,1364.05,91.22,259.72,261.6,5197.27,0.34,98.71,122.03
52.85,1878.13,108.87,305.36,225.09,6602.58,3.06,98.46,195.61
63.95,3854.2,114.69,186.1,114.88,7850.39,0.3,98.82,102.98
23.58,2428.28,176.83,218.38,46.26,3240.32,0.89,100.0,115.99
32.46,782.69,187.21,234.3,263.68,7849.82,1.3,99.31,107.5
31.12,1565.24,143.73,344.32,347.27,4866.44,3.27,99.48,81.99
57.86,2010.75,181.65,58.11,119.69,4254.94,2.0,99.02,100.04
89.65,2225.58,128.88,259.54,254.27,5278.39,2.76,100.0,87.85
99.63,1127.68,111.37,230.12,414.26,2853.5,0.56,99.8,58.56
67.76,1953.51,178.94,170.33,162.93,4964.13,0.54,98.47,128.32
65.02,1545.65,144.38,226.1,164.75,4563.15,0.96,99.31,22.62
18.98,1275.37,83.22,259.27,230.38,3311.33,0.04,98.93,95.31
44.15,2229.72,169.87,246.65,154.41,3836.5,3.55,99.49,83.83
39.24,2589.71,109.58,372.68,300.53,7048.62,0.92,99.9,53.55
42.58,2636.73,103.46,210.2,143.64,4680.18,0.14,98.34,119.91
51.64,2450.07,164.65,202.15,177.21,3234.68,4.11,99.45,54.13
45.56,1699.84,115.56,185.5,50.18,5806.69,6.87,98.63,78.69
15.41,2548.18,139.45,244.24,158.8,6379.98,2.08,100.0,124.11
69.96,2264.34,153.1,197.44,89.32,4996.4,0.88,99.88,17.99
33.55,2141.76,80.85,201.06,211.15,2778.57,1.07,97.81,138.1
59.78,1619.81,139.24,201.43,30.22,416.28,0.59,98.41,93.54
96.48,1700.19,187.47,189.23,268.19,3378.48,2.48,98.26,82.64
36.61,2099.72,72.18,151.31,101.59,6897.67,0.88,99.16,39.83
4.39,3755.91,142.5,233.45,340.57,6733.12,0.07,99.41,98.62
49.28,2258.87,78.53,177.2,303.37,3567.12,0.09,99.75,95.99
77.02,1620.17,171.07,249.09,228.21,4575.35,1.91,99.03,116.86
94.17,1465.33,170.6,208.86,41.58,6256.05,0.69,99.0,76.22
30.41,1703.76,102.28,169.07,123.49,4750.78,0.37,99.4,55.99
64.93,3572.11,230.48,325.19,99.33,6685.38,1.61,100.0,107.55
45.69,1768.52,175.33,191.81,110.6,4824.99,0.65,98.14,71.9
52.88,2682.81,155.35,249.83,321.91,5866.88,0.15,97.88,115.18
100.0,1784.85,152.53,144.0,166.26,4419.0,0.43,98.82,53.75
24.94,2230.83,169.2,37.96,120.79,3588.93,3.01,98.7,126.76
60.07,2602.22,70.22,154.64,112.69,7098.26,3.82,98.68,154.6
64.35,1647.67,129.73,29.0,132.13,2296.46,4.11,99.19,88.34
76.72,1599.22,139.16,181.05,227.94,3920.55,1.53,98.38,148.95
56.96,3209.21,99.99,317.49,33.56,4830.18,6.03,98.78,125.14
61.16,2737.22,143.24,127.58,188.84,6545.59,0.33,98.99,108.46
47.17,2601.47,181.58,31.52,218.12,3418.01,2.27,99.01,94.46
60.38,2599.09,98.91,320.02,23.82,5228.32,2.44,99.1,73.23
48.14,2369.7,117.28,161.97,52.42,2504.26,0.11,99.1,142.91
67.43,3460.44,78.97,198.74,175.71,5792.69,0.66,98.63,134.84
47.61,2078.74,30.65,263.06,309.69,8282.68,5.95,99.02,53.19
62.54,2452.08,158.95,241.85,288.25,1472.78,2.85,99.2,99.6
54.41,1032.36,118.71,260.04,125.24,3690.7,0.11,99.87,62.44
77.52,1470.53,122.38,272.03,306.84,6506.48,1.56,98.16,114.0
53.97,1207.43,70.66,60.31,151.23,10298.57,2.09,99.22,124.96
19.54,2939.84,110.72,86.85,150.46,6058.52,7.23,99.32,32.46
80.24,261.22,174.83,293.69,188.46,3687.01,2.52,99.33,91.66
36.89,1766.38,120.04,137.46,255.55,4732.56,2.04,99.36,111.98
41.92,128.0,121.46,146.19,125.19,2791.66,4.78,98.28,98.65
43.09,1466.1,130.38,98.97,144.18,6449.24,2.16,99.31,166.34
82.49,1704.34,58.18,167.6,67.66,6882.99,5.38,99.27,32.08
12.29,3017.41,151.25,172.05,211.59,7531.3,1.36,99.58,149.21
100.0,2325.64,57.24,125.0,264.0,4405.86,2.54,99.08,59.66
76.12,1464.8,73.02,115.75,269.52,3546.45,2.0,98.82,9.27
59.46,2794.17,67.54,225.49,57.01,7690.94,1.61,99.9,107.81
53.9,2060.48,111.24,135.39,145.54,7485.48,0.78,98.35,89.98
60.71,2074.3,102.38,151.5,292.09,3221.83,4.68,98.24,98.69
65.42,1206.13,119.94,25.1,200.9,4323.98,0.63,98.33,115.86
67.9,1354.99,74.74,355.06,183.07,6421.14,0.35,99.44,116.99
66.11,1470.43,170.27,275.35,180.95,4545.97,2.49,98.69,73.77
56.79,2080.52,161.7,160.42,228.73,5056.96,1.58,99.12,127.47
51.05,2102.52,111.31,128.07,205.73,2355.61,0.61,100.0,14.33
51.97,3128.86,96.08,200.87,128.22,2979.82,4.09,98.38,91.22
51.1,2317.54,91.03,198.68,259.3,4835.42,0.67,98.01,140.17
77.68,152.7,104.49,97.92,71.74,3742.2,0.13,99.78,106.43
66.87,2231.85,49.99,1.0,298.99,2933.57,0.03,98.62,97.0
1.0,1032.99,72.02,157.91,99.36,4434.54,5.12,98.38,81.24
68.12,1371.82,163.01,74.93,229.31,3420.42,1.03,99.12,108.89
58.89,1479.48,135.09,213.71,165.17,5050.52,0.48,99.07,83.78
54.63,1583.66,201.71,214.25,137.13,6786.49,1.67,98.59,120.08
47.23,1085.4,105.04,122.14,302.18,4457.72,1.34,99.59,74.23
77.48,2190.44,101.92,157.23,246.86,4233.05,17.51,98.65,156.03
73.95,1060.44,99.61,341.04,174.69,6932.66,4.39,98.62,116.88
39.54,2297.67,104.04,262.01,337.07,6320.34,0.63,97.89,167.51
63.14,3613.88,87.0,163.82,268.18,6436.41,2.39,97.48,79.49
35.57,1117.45,133.55,383.36,107.51,462.73,0.98,99.37,143.98
27.41,1848.84,121.46,104.25,5.0,4193.05,0.91,98.28,44.39
42.47,281.58,94.5,134.98,189.62,3970.87,0.91,99.09,123.88
72.25,1837.35,182.56,191.16,304.51,3513.95,2.04,100.0,90.37
74.06,2497.9,214.83,77.52,234.96,6896.46,1.54,99.53,99.76
65.26,2552.45,178.33,343.22,321.66,4021.78,2.81,99.22,124.17
69.5,2102.15,147.91,214.65,126.15,2497.3,0.33,99.5,124.73
65.32,2670.48,158.09,136.8,169.45,5443.1,1.11,100.0,128.54
42.17,3830.24,212.82,235.82,171.64,4986.29,3.94,97.88,109.07
63.64,3246.61,158.02,211.68,201.71,3339.63,0.01,99.1,116.67
71.01,1682.24,90.74,175.63,249.07,6832.18,1.95,100.0,86.13
70.09,1032.23,139.61,103.32,326.91,5955.59,3.08,99.42,69.23
78.78,1763.69,151.31,85.1,345.84,5949.78,0.97,100.0,101.67
69.17,1385.11,70.26,374.94,329.99,5871.14,4.3,98.76,9.19
62.03,2363.94,105.75,91.78,240.22,6961.27,2.66,98.32,111.76
76.4,1221.16,175.02,335.84,149.2,4720.27,1.86,100.0,129.79
54.47,1997.02,28.83,132.42,200.33,2765.2,0.44,99.25,119.8
37.36,2634.61,57.48,263.2,238.97,4627.0,2.22,99.78,70.55
51.74,1977.51,111.18,237.23,192.16,2019.88,3.59,99.82,13.21
40.1,1385.58,137.68,253.23,97.76,3088.3,2.62,100.0,121.25
41.5,2870.37,52.12,258.56,138.39,7914.34,1.71,99.41,63.45
52.11,732.71,113.66,71.07,258.12,3018.95,2.51,99.44,43.5
39.15,1818.54,177.69,145.89,157.81,2886.89,7.53,99.55,132.93
48.84,2018.84,123.43,90.56,182.18,6205.32,0.02,98.75,40.79
17.13,2059.14,166.95,215.14,172.94,6553.78,2.18,99.94,88.14
59.27,2174.35,90.39,94.13,99.7,2000.64,3.15,98.8,166.1
55.02,2475.31,79.5,41.52,164.59,5447.81,2.04,99.97,68.31
38.66,2023.21,162.44,181.0,138.8,4012.89,0.64,99.76,52.37
68.18,1790.36,138.46,23.27,117.74,5595.04,3.46,97.66,115.29
73.75,1762.69,60.72,220.7,84.75,4455.19,4.89,99.76,108.08
22.85,1619.94,79.96,99.39,170.95,2541.92,2.3,99.36,28.71
39.75,2599.28,198.23,132.75,235.64,4133.56,1.43,100.0,97.1
39.62,1595.43,73.77,17.57,280.85,6126.42,0.91,100.0,142.13
36.2,2640.74,166.72,332.01,54.53,8498.67,0.8,99.28,151.0
71.59,2061.3,96.09,82.97,324.58,5701.73,2.57,99.45,84.58
51.12,1683.12,119.84,170.88,206.37,4296.33,1.87,98.3,114.83
49.71,2480.89,134.73,56.66,78.57,2876.63,0.34,99.08,116.68
14.92,1538.78,14.95,133.15,143.67,4714.79,0.3,100.0,135.33
67.71,2494.73,46.86,340.15,11.04,4318.8,0.15,99.2,91.37
30.21,2196.91,124.32,223.8,34.04,5550.4,2.3,99.85,146.81
56.2,1630.57,83.78,142.11,334.93,4892.67,0.75,99.18,65.81
60.55,2418.04,169.83,197.27,117.06,5863.24,0.04,99.12,126.21
82.21,2430.61,39.69,155.16,228.32,4352.53,0.82,99.6,54.92
28.82,2858.26,148.26,192.61,169.99,8076.41,3.57,97.16,23.39
1.0,2724.3,51.19,259.51,181.6,6050.88,0.57,99.46,119.49
58.68,2391.89,102.39,173.51,213.12,3727.95,2.01,97.63,213.21
91.01,1258.69,66.78,217.6,5.0,6802.0,1.16,99.14,107.82
79.78,3762.01,215.12,218.92,298.67,2919.18,1.59,98.62,86.63
59.19,1065.47,53.03,173.91,171.12,3461.58,1.81,98.39,144.68
45.17,2712.48,113.9,141.13,134.61,3558.22,1.21,100.0,77.21
71.14,2349.9,33.66,157.99,222.12,7391.08,0.12,99.98,24.41
35.53,1226.1,199.98,255.93,115.1,4678.25,1.68,98.95,132.71
64.53,1960.99,140.06,262.59,198.74,3868.37,1.01,100.0,157.19
65.11,1992.87,126.85,108.98,165.11,5295.39,0.45,99.9,100.16
76.2,2961.91,193.72,179.12,243.99,5975.72,4.54,99.09,107.5
100.0,1548.68,127.37,139.77,160.74,7860.53,2.66,97.88,70.65
62.85,1864.64,130.98,264.0,87.3,2305.41,0.67,99.13,88.5
44.82,412.75,126.59,162.3,212.61,7273.96,1.55,98.76,103.89
54.49,3262.33,148.18,376.07,155.64,1278.78,6.6,98.88,96.8
19.62,1298.67,95.38,217.43,16.11,6631.32,0.56,99.49,96.43
41.11,2276.84,109.29,294.56,197.79,7093.91,5.89,98.76,1.0
46.81,1977.01,160.52,118.83,131.63,7187.13,2.3,100.0,101.6
44.52,1979.4,133.87,200.94,211.12,6023.91,1.56,98.83,41.9
58.05,2614.9,114.29,249.29,103.05,3082.81,8.17,98.48,114.03
38.55,3217.88,49.97,117.34,71.43,6344.74,0.81,99.65,137.3
77.42,2224.05,194.9,201.63,286.21,3078.49,0.65,99.18,117.41
55.0,2506.55,86.93,284.15,255.88,3310.34,0.83,99.8,49.08
54.81,2278.22,169.36,173.8,179.41,4178.72,2.78,99.32,61.63
48.44,2760.27,128.79,131.86,219.4,4340.93,0.82,98.23,92.33
58.1,1723.96,55.33,344.24,252.94,5433.27,0.22,99.41,129.14
71.5,2800.77,182.61,106.26,179.08,3748.28,2.07,98.56,134.78
37.66,2825.35,132.73,212.47,71.23,5593.45,0.5,99.3,109.43
41.84,2805.78,186.77,143.34,206.95,2529.83,0.01,98.78,56.43
48.93,1585.9,110.88,125.05,270.2,5069.86,0.44,99.06,141.96
28.08,1930.16,155.2,259.33,233.39,4509.58,3.42,99.23,93.97
38.61,2215.63,31.87,183.56,185.34,6824.89,5.64,99.71,79.09
45.48,1088.41,94.99,232.47,230.88,7006.05,2.17,98.81,75.53
72.49,3164.44,56.35,19.59,159.91,4694.07,0.74,97.25,34.12
60.25,2039.41,101.26,240.25,273.98,1472.92,1.15,98.53,138.99
58.87,2246.75,143.59,142.35,301.25,2346.31,0.43,99.29,89.99
72.02,1644.1,89.77,49.69,63.34,7022.74,4.25,100.0,67.31
52.25,1119.19,163.19,350.78,280.43,4741.96,2.19,99.41,119.29
62.81,1625.18,77.17,248.08,381.36,8148.48,0.18,99.9,126.49
52.94,2201.44,164.26,218.18,227.3,6614.05,0.91,99.31,25.7
60.31,2519.4,185.49,299.95,268.54,5459.31,1.54,99.35,157.03
43.34,2161.25,170.68,219.81,121.76,5231.39,3.19,99.03,183.85
6.22,2290.71,102.79,136.11,134.67,2932.0,5.06,99.93,99.08
52.31,1812.08,13.73,186.0,161.14,3863.63,0.28,100.0,104.57
83.45,2395.37,149.11,145.73,143.78,5749.3,3.6,98.52,190.74
73.52,3085.98,113.74,159.97,61.94,4378.85,0.14,99.36,51.29
74.31,2541.35,71.08,99.38,164.46,5842.9,0.55,98.37,74.13
79.72,2614.68,92.19,122.4,255.27,6852.63,0.04,100.0,118.25
56.77,2253.81,191.72,271.57,63.13,4676.62,0.13,99.32,140.91
58.95,995.79,63.13,226.57,196.12,4223.22,0.07,99.19,96.52
42.65,1316.73,143.42,159.76,193.36,3386.65,0.32,98.4,62.46
48.68,2366.41,130.9,117.76,152.88,6502.79,4.18,99.04,146.52
67.32,2040.34,102.13,167.57,224.69,6356.3,0.67,99.15,94.69
79.08,2355.89,152.23,65.29,216.24,8936.74,1.31,98.45,95.06
52.21,3221.5,201.61,210.13,146.48,5318.35,1.34,99.31,132.19
46.0,2556.23,105.2,275.64,275.48,4826.05,10.7,98.6,155.23
55.01,2929.22,107.84,389.36,230.45,5841.19,0.91,99.5,104.59
67.02,2114.28,151.1,111.74,321.61,4481.68,0.62,98.51,114.13
26.12,1482.95,165.91,272.3,174.02,3406.43,6.61,99.31,136.85
9.08,2007.49,113.61,143.42,151.04,5159.8,1.8,99.06,85.94
43.99,1484.67,104.73,109.72,161.24,5824.06,0.68,99.41,73.06
30.59,3138.81,9.12,109.69,286.05,5943.37,0.68,99.32,80.29
44.84,2601.27,81.1,211.26,166.62,5799.32,0.18,99.27,58.19
52.04,2412.36,63.03,125.54,172.11,6915.0,1.63,98.68,51.49
45.94,2913.16,154.23,151.45,356.49,5936.94,2.57,99.59,183.84
84.05,633.96,107.8,164.77,59.0,5487.08,1.29,99.4,59.21
61.53,2459.7,105.85,140.8,212.11,2721.95,4.32,99.65,105.86
61.01,1130.55,119.55,134.99,174.47,5442.58,1.32,99.18,91.57
67.44,2042.92,76.49,5.67,157.45,4692.47,0.85,99.07,136.95
32.22,1829.8,197.66,206.96,94.2,2981.09,0.58,98.49,99.65
75.78,2511.22,184.91,205.41,120.25,5901.57,0.56,98.74,150.48
53.48,2207.73,200.91,136.21,143.27,5932.75,0.76,98.87,89.83
68.41,2989.58,154.17,228.83,224.62,5765.73,9.65,99.87,104.81
33.56,1626.67,118.53,311.75,256.72,6000.07,0.9,98.33,125.03
23.92,2544.38,200.74,201.89,19.91,5223.04,1.49,98.26,102.97
71.36,2161.56,85.95,306.42,71.86,4555.89,0.64,99.15,116.08
62.53,903.3,76.44,379.05,229.31,8186.08,0.31,98.66,106.35
36.96,1404.97,89.92,402.44,236.9,5266.82,2.08,98.93,38.45
37.61,1943.09,146.14,104.94,48.27,423.35,1.58,98.89,125.62
77.51,2826.6,81.89,105.35,258.69,630.12,0.14,98.76,142.1
31.21,2372.61,112.23,164.45,178.74,7168.9,4.29,98.67,89.82
87.85,1230.75,39.91,210.3,247.24,1698.81,1.42,98.55,86.79
36.99,1949.78,144.05,326.93,103.34,4020.19,0.82,98.94,106.73
67.77,3460.46,44.14,250.18,54.9,2811.55,3.02,98.18,172.83
48.43,2125.86,73.39,103.74,152.22,4455.37,0.24,99.62,83.62
67.06,1818.87,180.86,151.07,156.22,5695.0,1.28,98.58,119.9
44.12,2392.22,179.02,196.64,151.18,3803.62,1.59,99.52,88.0
51.74,2582.38,138.72,80.87,144.88,3531.91,2.98,98.74,118.9
55.82,1728.68,133.78,201.09,332.36,6312.71,0.92,99.93,43.97
34.96,2399.8,93.45,104.93,27.02,9737.38,3.86,99.23,166.83
69.82,1817.78,81.35,67.94,103.96,5972.77,2.39,98.45,109.7
44.74,2551.53,101.89,124.24,142.33,3354.76,2.95,100.0,83.85
50.43,2166.79,44.32,232.88,182.16,6568.05,6.95,98.91,84.93
35.11,2385.38,132.62,232.33,243.99,8139.45,3.73,98.81,106.13
3.75,1516.57,122.44,207.73,257.88,6914.02,0.85,98.86,175.11
51.18,1473.1,73.33,279.33,276.89,2221.32,2.08,99.48,156.86
100.0,2709.85,198.43,270.85,223.33,5951.21,4.06,98.18,84.25
70.69,1992.42,150.35,216.35,24.3,4173.73,1.49,99.3,98.77
54.61,2247.52,154.59,205.31,30.21,5094.53,2.3,98.02,100.78
49.74,1833.52,95.63,210.36,283.26,4326.53,0.38,99.15,16.93
55.45,2677.11,119.93,188.19,277.44,6336.95,3.38,99.99,85.78
65.94,1622.53,151.37,26.05,237.24,4364.69,2.83,98.81,103.41
31.38,1953.08,127.64,290.84,106.18,7552.1,4.39,99.82,58.69
77.29,2598.19,200.1,231.8,150.97,4994.65,2.48,98.03,164.08
69.31,2869.08,109.81,102.69,144.1,4597.74,4.19,98.76,49.97
69.36,1681.37,94.77,314.23,87.77,6029.19,0.35,98.34,54.39
63.77,3419.78,151.71,152.8,203.31,5642.98,3.36,100.0,122.66
55.39,2267.27,56.77,191.38,373.99,6080.75,6.11,98.91,106.15
68.46,1317.95,166.21,281.89,135.39,4760.17,3.38,98.74,76.91
66.84,2306.34,54.96,217.61,296.71,7402.09,1.91,99.02,135.29
47.92,1779.9,151.93,306.83,100.32,6782.48,5.22,99.2,104.75
43.53,2351.85,87.59,171.83,41.7,4977.91,0.2,98.94,168.97
57.04,2018.0,143.83,335.29,268.87,6480.82,0.03,98.37,23.86
85.98,2099.99,165.37,137.78,160.31,4526.59,6.72,100.0,74.13
30.22,1409.88,127.67,305.41,294.41,6026.48,2.3,99.96,161.17
25.65,2741.04,60.02,18.79,312.38,6485.57,0.24,99.43,114.22
58.3,1238.71,75.16,111.98,154.94,5449.49,0.83,99.4,90.79
56.02,1271.86,83.57,223.84,300.87,3523.77,2.76,99.35,78.86
58.47,2305.15,25.25,167.96,101.16,2851.81,2.78,98.88,108.99
59.88,3169.99,176.37,194.02,99.74,5528.29,0.37,98.8,49.21
50.54,1801.18,125.51,203.33,276.5,3697.04,1.27,100.0,37.62
84.8,2538.68,63.22,104.73,40.7,6897.78,3.29,99.64,117.53
22.98,2799.34,192.78,110.73,179.86,2284.22,6.81,98.27,129.21
38.43,2618.28,84.93,218.57,292.47,7371.03,1.95,98.88,132.63
52.93,1830.15,132.53,146.69,298.51,5091.74,2.03,99.54,77.83
22.14,1284.27,78.74,307.28,141.06,3462.3,1.27,99.46,76.24
51.48,502.72,19.09,184.64,270.83,4187.58,1.55,99.57,94.87
88.23,1864.01,51.78,257.5,78.94,4633.56,0.21,98.16,55.26
55.42,2872.66,97.58,235.43,119.94,5869.45,0.86,99.42,121.56
59.61,1261.08,164.91,151.91,200.74,2794.55,1.42,99.98,83.16
29.8,2538.15,137.33,41.57,214.0,3273.63,0.64,98.15,92.34
42.67,1382.89,127.01,294.8,85.7,4416.33,0.89,100.0,87.98
47.5,2122.25,19.5,121.69,347.6,4944.69,7.09,99.43,115.56
48.65,2543.45,183.5,167.7,11.03,6289.69,0.01,99.28,106.45
80.63,1586.35,131.18,187.93,184.88,5484.62,0.72,98.53,171.25
66.15,2167.34,114.03,195.92,197.63,4298.93,1.75,98.75,79.63
32.77,1757.44,176.62,276.96,22.77,5425.61,0.65,98.94,166.71
59.93,2541.6,182.37,200.47,299.17,5297.87,2.26,98.2,22.53
64.96,2212.72,177.73,189.81,113.36,4546.89,0.71,98.98,114.58
77.8,2087.56,107.65,281.48,188.86,5209.27,2.03,98.58,31.58
86.61,3138.84,69.83,248.05,209.52,1127.24,3.79,99.68,54.04
34.7,2511.61,169.45,141.15,49.12,6680.27,2.15,97.07,56.01
38.78,1564.75,51.75,108.23,83.51,5986.31,0.1,99.03,52.9
29.85,1987.9,217.36,134.1,320.67,7696.37,3.17,98.52,70.68
50.32,1994.87,121.4,196.06,174.08,3540.29,0.48,99.2,183.02
64.33,2104.22,66.96,100.32,5.0,6028.7,2.01,100.0,59.88
74.75,3815.16,58.41,207.26,152.83,1571.03,2.08,100.0,30.45
53.48,2307.6,56.12,189.66,177.04,1821.86,3.26,98.85,114.75
48.6,622.87,127.02,1.0,199.74,4573.49,1.41,99.07,104.69
58.04,1668.04,119.68,87.51,5.0,3958.4,0.94,98.61,183.65
38.3,695.34,58.2,1.0,177.36,6885.21,1.46,99.09,93.37
96.79,1817.14,102.18,172.49,105.06,7121.02,1.58,99.72,3.5
22.85,656.88,51.6,285.92,199.89,7310.54,3.45,98.28,77.9
58.69,1437.89,149.47,48.75,225.57,6076.2,0.46,100.0,77.11
95.47,983.49,117.27,94.22,216.0,6153.82,3.75,99.84,45.69
55.14,2316.91,101.08,186.9,306.36,2692.94,0.91,99.81,72.5
51.2,2048.38,55.59,114.9,377.15,7519.46,2.72,99.47,89.02
47.85,2260.07,104.99,114.51,77.98,7253.41,0.82,98.57,92.57
51.39,1974.81,99.26,243.33,145.62,2516.11,2.47,99.91,39.78
82.46,1071.99,135.89,160.41,246.88,5842.48,3.21,98.98,119.37
10.76,2407.46,128.35,81.06,168.59,4015.91,1.63,98.02,160.44
85.67,3393.56,159.6,32.98,5.0,8329.31,1.93,99.26,106.22
26.52,2334.45,95.77,376.67,162.67,3244.98,2.46,98.39,139.25
49.67,1749.85,26.98,290.26,291.07,5166.66,2.33,98.78,102.25
46.42,1048.35,169.55,163.87,54.47,5334.74,2.6,99.69,53.14
66.77,1412.35,73.2,207.03,199.85,4903.96,3.79,99.12,105.84
23.04,2365.13,64.65,160.92,8.34,8867.04,0.5,99.17,74.9
64.24,2799.18,117.84,240.84,258.3,8043.9,0.48,100.0,50.62
95.49,2230.61,135.11,131.66,201.74,2052.32,7.06,97.62,91.88
27.74,2607.92,93.46,156.55,128.87,5876.82,3.81,99.99,127.81
58.79,2543.37,93.07,236.43,142.38,4979.57,1.79,99.3,81.38
41.76,2402.57,100.45,316.31,45.08,6501.73,0.02,99.15,172.6
63.52,1587.07,190.83,259.31,270.69,5383.21,3.86,99.17,133.04
55.38,2169.75,119.87,298.71,108.06,3537.31,2.79,99.65,73.09
42.17,1454.14,71.6,175.01,225.03,3132.51,6.26,99.92,71.87
64.76,2060.2,72.11,150.16,93.43,4276.57,0.03,99.03,180.79
91.09,2279.6,107.46,44.93,377.86,4783.03,0.06,99.11,81.55
51.18,3223.15,131.89,205.78,320.37,5349.03,1.46,99.63,109.57
69.4,1131.19,144.2,230.32,366.64,3973.0,3.88,97.73,111.87
29.13,2385.06,126.21,176.0,377.15,8070.75,9.49,99.13,26.04
35.87,3084.87,77.91,137.86,122.89,5963.46,0.77,99.55,26.57
64.45,2579.19,98.8,299.47,100.43,6573.12,0.07,98.85,129.25
84.68,2631.06,156.7,250.54,362.35,4750.29,0.44,98.64,53.11
62.11,2459.39,62.7,305.03,167.3,3132.45,4.19,99.09,95.47
48.74,2956.83,96.71,123.71,254.99,6590.01,1.26,98.79,34.6
54.99,1286.77,149.87,143.34,124.14,3211.76,3.84,99.03,81.86
29.99,1077.85,163.76,296.25,125.62,1358.93,1.17,98.87,103.55
67.09,2043.57,110.35,196.21,254.7,6018.12,0.11,100.0,12.59
72.65,535.19,99.44,154.47,5.0,3639.9,1.92,98.4,97.16
45.96,2909.45,53.89,160.04,250.49,4398.33,1.14,99.78,99.37
45.6,2902.5,146.28,199.11,227.2,6249.18,1.35,98.79,76.26
60.32,1744.65,185.94,280.24,132.29,3325.32,5.95,99.43,50.98
46.27,1788.46,248.26,187.16,182.18,2116.03,1.22,99.65,79.94
53.68,1997.36,139.32,263.24,196.28,7194.96,3.18,100.0,79.99
96.99,2084.41,117.46,237.39,201.33,4895.04,0.12,99.48,172.0
50.06,2137.02,74.01,129.73,242.11,7263.22,1.3,98.92,90.17
47.83,2438.76,26.06,129.67,106.65,6127.04,1.77,99.25,76.43
42.05,1927.16,128.85,163.98,422.8,6180.16,0.24,100.0,90.09
69.88,2708.24,237.52,93.05,161.5,5294.18,0.72,99.31,111.95
51.38,2360.16,183.54,158.87,168.24,5292.69,2.69,98.28,110.47
42.01,1623.13,175.83,321.07,355.02,7042.12,0.41,98.93,112.99
81.43,2982.58,132.28,197.49,15.39,6466.05,0.27,98.91,119.12
83.39,1097.22,137.98,138.68,354.08,3939.76,0.71,99.71,36.59
42.99,1983.48,1.0,353.26,188.41,5887.4,3.92,98.34,115.66
17.67,2724.84,158.13,125.55,132.28,3885.18,2.88,98.84,102.37
75.15,1541.85,91.03,123.05,79.23,4437.31,3.0,99.35,70.08
41.31,2264.69,84.91,298.36,65.78,6023.09,0.78,99.0,99.26
70.81,2428.34,103.84,252.91,149.24,3858.01,0.21,99.26,90.6
15.6,1445.63,102.15,189.6,205.02,5265.7,0.06,99.3,94.17
72.85,1997.27,84.12,266.55,236.02,5684.18,1.76,99.35,101.97
30.78,1938.45,120.69,224.05,203.94,4389.2,2.42,98.55,27.87
69.62,1661.78,92.09,105.1,134.08,6295.43,0.95,99.76,105.52
55.29,3659.17,125.02,8.19,300.56,4208.96,1.51,98.83,121.02
35.92,1513.83,45.64,154.61,420.64,6696.73,0.65,99.19,104.75
46.86,2751.45,109.3,286.79,314.52,5235.25,0.91,98.35,66.0
68.73,1773.04,65.19,165.72,147.66,5311.12,2.62,99.23,60.47
57.12,1287.35,87.93,236.81,225.19,3382.24,2.53,99.33,102.29
66.69,2119.97,127.17,214.76,230.96,4577.68,0.06,99.23,127.12
94.53,2502.37,39.8,64.52,324.33,5350.74,5.77,98.65,147.35
23.72,2692.36,78.88,167.49,149.56,6843.96,0.63,99.99,125.59
87.34,3141.59,148.45,228.71,93.16,4420.97,4.76,99.61,115.47
57.09,4109.67,49.34,137.03,282.05,6837.28,1.43,99.1,1.0
37.02,2223.36,208.89,171.0,216.57,3639.88,1.38,99.1,70.45
28.39,1583.84,180.22,231.34,80.21,5601.49,1.2,98.68,107.52
51.22,2365.01,95.27,205.81,243.5,4087.8,5.11,98.76,67.8
73.43,1861.65,80.64,283.75,345.44,7779.5,0.47,100.0,57.79
52.45,2696.18,130.1,230.69,117.56,7454.62,1.89,98.95,52.5
85.22,1139.98,47.63,123.53,99.81,5514.27,0.76,100.0,165.59
25.98,3705.83,19.89,161.8,182.71,4036.87,4.94,98.39,43.0
54.76,2647.23,97.03,201.62,241.23,2269.45,0.37,99.46,86.51
29.95,869.2,113.3,307.07,173.26,5680.92,2.26,99.36,65.88
62.27,1551.68,124.72,162.12,282.1,5373.57,1.1,99.23,60.45
72.74,2619.26,89.26,61.39,203.46,6544.69,2.16,98.09,111.46
46.58,2871.44,183.7,235.25,271.05,2360.55,0.34,98.24,127.92
2.92,1157.43,45.24,139.55,115.13,5254.73,1.0,99.34,47.92
58.98,2547.12,63.09,97.18,69.51,5772.17,0.23,98.48,97.1
63.73,684.86,144.33,201.5,149.4,3376.45,6.93,100.0,90.46
63.09,1985.46,61.92,277.83,58.82,5209.75,0.48,99.04,76.91
79.72,2826.43,59.98,154.09,216.84,3691.49,9.99,99.38,57.65
33.58,1661.94,126.17,239.73,5.0,3514.36,1.08,99.17,139.34
68.6,993.15,67.32,254.55,139.25,4044.91,0.15,99.15,53.64
78.85,2150.35,113.35,263.34,154.26,4521.02,0.04,100.0,42.89
19.43,1624.7,85.01,141.42,85.8,7229.72,1.83,99.96,138.95
61.39,2488.69,76.92,110.31,152.43,4420.81,1.91,99.31,103.0
44.92,1428.27,14.88,121.22,180.38,3477.47,1.49,99.67,47.76
53.37,1507.15,126.98,263.28,294.23,6463.2,0.14,100.0,91.92
61.95,633.3,57.64,253.39,86.33,6849.84,0.81,98.78,70.04
45.26,2166.96,111.59,123.43,212.16,6475.01,0.89,98.11,154.55
41.49,1935.37,94.39,370.61,230.02,7464.68,2.44,99.59,85.34
55.68,1216.13,109.67,113.89,178.09,5346.07,1.09,100.0,116.26
33.26,2183.66,112.52,279.96,135.18,5280.09,1.7,98.0,94.08
33.28,2766.95,129.68,321.57,77.49,3733.03,0.67,98.78,152.48
68.59,1897.1,83.61,208.78,350.87,7518.23,2.59,99.03,103.14
32.02,2235.72,182.13,138.42,186.54,4834.1,0.1,98.51,141.3
68.33,2239.32,27.63,140.17,151.6,4453.57,8.93,99.1,116.66
64.25,1204.97,108.67,179.03,370.94,4292.59,2.05,98.42,72.88
20.48,3487.61,161.81,286.47,200.01,6145.83,0.32,98.98,95.07
41.45,1718.41,143.84,104.01,408.91,5150.38,2.53,99.69,86.49
78.88,2507.28,71.26,52.9,52.53,5341.1,3.09,97.75,72.06
35.38,2586.45,79.59,228.96,158.66,4415.84,3.11,98.46,51.92
45.71,1950.28,69.66,246.53,56.7,4643.06,0.63,100.0,149.38
64.24,2472.76,149.96,357.44,169.01,4733.48,6.37,98.62,12.55
70.67,2220.07,83.0,89.41,168.58,7558.83,0.04,97.38,148.26
49.97,1055.65,132.76,189.22,138.78,1757.78,0.96,99.32,41.49
43.05,1815.41,133.22,292.95,184.85,5806.74,0.22,99.15,116.73
83.45,1619.21,238.42,209.67,143.16,6958.69,0.97,99.3,71.58
89.78,1724.78,135.66,184.36,170.07,1690.65,0.12,99.24,28.33
74.58,1135.2,79.44,263.19,111.98,4871.34,2.07,100.0,140.81
56.71,2836.5,46.99,152.05,309.85,6767.8,0.13,98.71,1.0
38.83,3169.39,106.21,268.11,80.21,3644.66,1.91,99.13,126.85
38.39,2732.6,114.05,99.71,199.11,5483.37,0.53,98.9,100.2
65.45,2937.37,9.47,78.45,72.66,3322.44,0.39,99.67,137.04
63.37,1806.76,84.31,178.11,104.85,5059.55,0.85,99.74,120.05
83.03,1602.62,134.87,1.0,114.46,7299.66,2.05,99.46,119.52
68.01,1502.99,93.38,206.78,168.14,8052.1,1.73,100.0,130.92
24.94,2498.85,168.43,61.4,195.79,5459.43,2.28,99.59,128.5
76.04,2206.94,42.08,222.59,80.39,2697.86,5.03,100.0,113.03
35.04,1993.94,153.84,214.84,142.78,4441.15,0.45,98.58,81.62
47.32,2954.6,165.69,194.56,90.8,1736.3,1.07,98.71,85.83
60.0,2331.46,167.82,234.91,86.82,4470.82,0.62,100.0,99.27
94.91,1460.94,41.71,216.34,282.02,6736.46,1.77,98.25,84.35
100.0,1571.36,135.73,176.56,54.72,2546.81,0.67,99.74,182.44
67.13,2525.4,86.56,346.48,186.72,4627.27,1.63,100.0,91.54
51.34,2777.21,49.69,231.46,332.83,3530.86,3.47,100.0,49.01
65.69,2434.18,99.31,261.75,288.55,8228.64,1.6,98.08,90.18
72.75,3375.82,74.75,285.85,218.28,5717.64,3.64,98.95,61.46
48.59,3192.51,166.04,253.45,178.54,6530.67,1.89,99.64,173.31
90.9,2356.73,145.65,365.03,246.3,5526.67,4.09,99.72,98.91
59.6,1460.99,62.38,213.28,213.25,6369.77,5.33,99.19,120.39
64.95,1131.01,83.79,199.44,308.04,6945.15,1.42,98.71,115.61
68.32,1776.83,100.97,148.03,167.97,5068.94,3.13,99.01,132.83
63.43,2575.25,116.38,179.5,270.1,4043.86,1.27,98.77,104.54
71.78,3326.65,170.32,141.5,150.68,3316.56,2.44,98.33,79.05
42.65,2340.21,154.54,254.18,350.41,8165.72,0.08,98.99,96.89
43.83,2866.11,122.57,127.01,165.43,6477.22,6.82,100.0,45.94
33.0,1876.28,106.97,205.9,34.3,998.24,4.49,99.0,89.01
63.79,2483.94,31.33,244.76,186.99,4559.68,4.48,98.14,166.76
70.58,2624.35,184.6,212.03,248.81,5748.95,0.66,98.95,124.41
64.16,662.28,97.65,128.33,326.58,8010.06,0.67,100.0,90.75
88.49,1758.59,197.74,255.92,90.35,3015.18,1.03,98.08,175.47
54.89,2712.79,129.81,193.17,23.0,5767.43,4.24,99.2,70.62
68.37,2240.13,221.26,1.0,224.7,4280.49,3.91,99.72,108.71
33.17,1210.44,150.32,121.33,221.92,2845.52,0.68,98.4,82.88
47.26,346.91,48.4,312.09,53.0,7421.77,1.56,99.33,86.82
68.91,1791.95,89.28,318.75,150.34,3264.49,1.29,98.56,110.76
71.98,1997.89,111.54,242.09,154.37,6747.41,2.1,98.34,118.04
49.12,1429.25,76.31,262.73,254.08,2129.75,0.48,99.64,86.89
53.57,2148.16,101.15,137.74,142.77,4117.98,0.18,100.0,61.56
24.64,2402.47,51.65,179.19,140.8,6029.66,0.06,98.93,168.29
47.86,2517.48,120.29,298.83,190.32,6290.2,0.96,99.61,99.06
72.81,398.86,131.87,234.07,55.97,5786.39,5.86,99.54,53.52
66.5,1128.0,69.79,205.2,351.07,6773.75,2.31,99.32,54.11
65.01,1834.76,217.01,185.06,264.07,4480.52,2.77,98.72,174.64
56.0,2448.52,123.18,293.96,116.84,7506.3,5.81,98.49,193.56
55.14,2390.46,79.16,289.76,79.41,5641.91,1.1,98.64,108.47
41.79,2378.31,38.52,251.97,86.39,6322.65,1.29,99.07,70.44
68.98,1779.61,123.0,205.3,232.81,5654.47,0.89,98.91,108.3
63.42,1818.66,106.98,171.46,89.07,5884.58,0.4,98.4,82.77
64.84,1538.17,159.15,255.44,157.56,3197.94,2.91,99.06,117.94
44.48,2585.74,112.83,111.85,27.83,3305.02,4.74,98.76,109.0
11.93,1403.66,60.31,128.43,228.71,4025.87,3.36,99.59,93.7
76.94,2643.03,203.54,83.91,232.09,5925.77,0.1,98.93,91.62
45.42,2193.5,141.78,298.82,163.39,3940.5,0.71,99.79,86.2
37.74,2016.47,107.29,142.35,197.42,4467.06,1.79,99.36,132.94
68.87,1588.3,128.23,232.32,251.62,4869.25,0.79,98.85,87.29
47.16,1099.12,143.7,189.96,195.0,7552.17,0.33,99.09,177.22
76.2,1594.64,48.56,431.8,250.28,6085.01,1.55,99.11,180.95
67.34,1817.0,127.88,235.35,74.88,2369.65,1.47,99.32,79.87
68.67,389.68,97.49,51.03,214.08,5287.44,2.48,99.45,80.57
27.68,1909.85,145.36,294.03,197.41,4453.84,17.85,98.88,93.04
79.24,2695.05,82.99,169.03,288.18,4589.01,2.09,99.03,69.33
60.23,2445.05,89.76,183.93,182.73,5001.16,0.76,99.28,129.05
47.61,1700.66,203.14,146.2,171.24,7026.51,6.26,97.13,142.38
57.87,2080.86,181.55,215.65,129.86,3535.69,1.69,99.59,146.34
19.48,1658.68,1.0,214.6,314.21,5366.99,2.08,98.53,86.68
63.17,2152.13,177.84,148.36,5.0,5523.14,0.88,99.0,86.18
34.41,3126.08,116.32,159.35,226.01,4601.52,1.2,98.73,15.36
27.95,2725.95,84.59,208.1,178.17,3851.02,1.08,99.72,68.72
24.55,2412.56,69.64,12.58,163.47,3640.39,5.5,99.92,57.72
77.25,1702.98,72.54,84.68,150.36,4242.85,3.32,99.12,50.71
42.41,2572.96,86.0,333.6,174.97,6327.72,0.19,99.13,75.52
85.67,867.19,63.64,226.23,223.07,4354.99,0.75,99.17,82.71
44.28,1871.35,52.27,158.01,108.45,4821.55,0.11,99.19,94.01
20.85,2456.6,67.98,64.31,192.15,2917.45,1.45,99.9,149.38
32.67,2566.29,136.17,195.49,211.57,4146.17,0.66,100.0,141.62
79.72,2516.92,122.5,278.82,94.16,5412.84,0.15,99.08,50.01
51.88,2254.38,147.79,411.14,225.35,1999.0,2.96,99.6,112.12
44.03,1910.99,116.68,351.36,212.3,6880.81,0.19,98.61,63.01
58.2,2424.58,54.67,129.04,108.09,3932.85,0.63,98.67,100.92
65.04,1381.0,144.72,160.34,73.07,8173.38,2.95,98.49,147.44
77.35,1456.73,69.77,82.28,106.91,5755.97,1.43,100.0,75.55
83.97,2091.21,152.33,132.67,192.18,1697.27,3.4,99.69,55.51
47.8,2169.24,61.7,182.97,173.17,5499.55,1.07,98.93,97.06
28.48,770.07,85.63,170.63,305.45,4427.56,3.37,99.35,147.81
46.73,2366.6,101.93,364.37,146.96,5521.97,1.55,99.74,175.21
60.21,2588.91,153.72,94.77,99.98,7910.12,0.18,100.0,70.36
35.72,1993.9,128.8,196.39,239.13,6268.95,1.28,99.49,100.26
35.86,3710.13,121.0,34.92,91.8,4593.69,1.61,99.26,106.02
61.88,1569.95,214.28,226.47,108.82,2485.62,1.89,100.0,38.14
54.03,1795.24,28.15,92.66,110.0,6571.0,5.26,98.43,35.96
55.66,1771.45,68.08,288.21,5.0,5917.52,0.41,97.85,107.98
39.83,1994.67,65.94,176.72,231.02,7084.22,1.86,100.0,79.97
50.39,1817.89,31.47,87.84,264.6,4742.85,2.79,98.89,38.95
36.52,1063.23,84.02,31.78,262.5,5531.2,4.41,100.0,122.48
72.8,1665.42,154.39,121.71,349.69,4556.73,1.49,100.0,97.44
75.7,1979.67,90.42,219.15,315.63,5156.33,0.48,100.0,95.46
18.08,2908.0,103.35,233.72,149.94,2273.86,3.4,97.09,51.19
36.41,3589.57,33.87,160.12,279.83,5572.88,4.71,99.76,26.74
25.07,2982.83,80.17,274.06,171.21,5688.31,0.22,98.84,71.08
42.0,1505.23,96.92,109.14,141.66,4093.07,0.52,98.74,96.95
53.33,1560.93,152.12,1.0,112.0,6091.98,4.1,99.46,66.65
26.01,1936.47,36.25,222.6,155.91,6570.61,1.32,98.76,51.11
36.56,3297.19,97.25,303.21,209.61,7520.3,0.37,99.72,80.12
34.92,1932.2,174.34,303.95,322.3,3163.91,2.07,100.0,96.4
59.15,1118.74,97.75,96.02,245.58,6204.89,1.23,99.06,151.59
56.39,1697.18,14.22,156.42,110.58,7408.22,6.88,99.45,101.01
40.57,2577.94,183.96,257.91,86.03,4368.57,0.5,98.88,36.32
58.54,2530.96,156.74,149.83,231.17,7510.85,0.9,99.53,14.11
44.07,1907.85,163.47,208.43,261.21,3693.37,0.36,100.0,1.0
49.57,2526.39,32.81,142.68,290.47,5125.48,0.1,99.49,108.59
88.47,456.78,195.62,112.85,155.81,1891.34,0.64,99.12,52.91
81.81,2120.68,81.34,128.29,222.26,1638.93,3.43,100.0,114.91
29.01,2650.48,94.53,276.46,257.02,2203.93,0.62,98.92,142.2
71.59,1465.0,84.86,201.1,58.4,7553.72,2.38,98.93,118.62
71.23,1462.56,167.35,301.75,205.0,3603.94,1.49,98.74,85.92
32.03,741.49,111.01,241.63,261.39,3608.51,1.47,98.1,168.94
71.38,3160.93,144.09,328.52,225.94,5734.85,3.04,98.6,76.56
85.76,1543.89,123.8,265.45,172.74,3661.6,1.92,99.24,58.87
32.55,2216.73,115.25,260.75,414.9,7168.98,0.35,99.36,108.35
36.65,2470.74,72.66,190.36,353.75,8354.56,0.5,98.52,125.94
75.35,3106.45,210.61,440.74,180.85,1001.01,1.57,98.84,1.0
60.43,1940.27,46.83,209.02,162.92,5936.47,3.73,97.88,139.42
66.03,1670.4,140.61,42.13,243.03,1291.13,0.33,100.0,30.0
61.81,2169.15,138.83,221.44,174.82,2551.77,0.23,100.0,12.92
62.81,2946.86,177.72,121.42,294.44,5859.77,1.46,98.7,81.23
28.47,1928.88,189.4,281.36,65.95,3301.34,0.42,99.3,52.49
75.95,1379.59,113.13,258.07,158.34,5469.66,10.31,98.58,111.63
78.39,969.47,146.52,184.68,241.67,5055.91,0.01,99.92,109.25
50.41,1193.09,208.24,128.97,270.34,2033.49,1.19,99.65,107.34
54.13,2653.07,116.74,211.71,46.72,6183.34,0.35,98.28,143.97
24.38,1823.56,66.68,148.7,94.13,5538.2,2.29,98.52,82.38
65.29,1622.74,100.78,263.02,29.14,5069.89,1.99,99.15,109.69
66.44,1546.82,54.77,244.48,101.41,3833.51,3.29,100.0,28.23
53.76,2107.53,138.59,434.88,65.05,5701.41,1.66,98.93,133.42
77.49,1880.38,173.22,164.39,228.52,2670.99,0.42,100.0,74.95
48.32,1856.81,113.95,175.73,200.61,3185.55,0.11,99.42,83.64
66.29,2992.53,38.95,187.62,166.16,5577.67,2.56,98.62,81.3
34.61,3124.61,171.08,191.12,182.35,6854.27,1.16,98.91,91.02
54.53,920.98,31.19,282.17,287.48,4141.17,0.5,99.64,80.23
51.51,2277.31,42.7,177.89,86.2,5822.62,0.58,99.79,8.41
59.51,1504.2,111.08,357.79,6.28,5368.92,0.32,99.85,144.61
47.61,1874.22,132.59,246.58,243.95,5745.75,0.67,99.35,68.99
52.37,2264.49,141.11,161.14,144.81,3754.79,3.14,99.51,80.03
71.52,1899.1,116.69,140.7,88.34,4731.36,1.94,100.0,87.28
46.26,2209.32,208.0,283.27,229.86,4931.18,8.75,100.0,115.98
22.87,2519.08,123.26,202.28,5.0,7697.1,1.49,99.23,75.28
89.99,2254.2,171.73,200.72,102.82,3011.91,1.47,97.96,137.64
82.63,1595.21,159.35,152.12,5.0,2473.18,0.42,99.29,169.98
29.15,1607.56,55.36,195.08,203.32,10398.9,1.77,99.28,160.44
68.79,1040.21,111.51,148.88,321.63,5556.15,1.87,98.32,105.13
44.94,1450.26,226.17,308.94,128.41,5987.31,0.46,99.29,71.94
60.27,3421.45,94.78,257.36,108.76,6155.9,0.18,98.47,70.87
60.88,1493.6,86.27,186.02,340.61,6389.39,0.92,99.46,80.21
50.31,1212.63,128.53,184.84,236.47,6618.2,0.38,99.62,60.96
39.32,2271.95,96.57,207.37,394.24,6397.62,1.4,99.57,111.63
41.19,1970.74,80.31,199.56,194.47,7028.64,1.49,99.89,85.94
36.68,1911.08,95.84,123.45,200.4,5301.3,1.87,99.53,94.35
38.36,3034.33,191.6,47.94,310.03,6930.0,1.85,99.75,82.68
53.66,2432.39,113.17,136.18,166.62,8405.58,2.25,100.0,113.05
40.68,1677.0,53.6,189.72,202.25,5352.65,0.52,98.89,105.24
68.64,1750.87,44.41,140.97,5.0,5865.41,2.62,99.1,80.86
84.74,1696.19,230.34,265.55,336.39,3956.34,1.49,98.95,89.07
43.4,2660.32,108.83,181.67,215.18,4703.31,1.15,98.68,89.02
59.79,1832.3,141.73,349.89,170.34,5635.14,2.09,98.99,121.83
64.99,792.79,81.43,155.08,261.66,4299.38,1.39,99.78,63.88
64.44,2014.18,136.05,211.26,73.67,5166.46,1.49,99.71,76.38
56.52,972.08,192.97,176.89,130.38,5614.39,0.05,98.01,19.0
69.85,3576.96,87.39,235.18,229.8,7737.12,3.24,100.0,52.0
64.64,1372.03,142.93,285.26,183.96,3445.17,1.1,99.79,85.55
30.25,1934.69,49.71,248.66,220.2,5756.29,1.46,99.36,77.52
72.38,2228.74,221.14,37.54,202.44,3912.5,0.99,98.23,16.5
72.75,1845.94,133.43,239.99,236.75,6378.87,1.6,98.37,116.0
39.73,1844.98,99.36,119.13,61.13,6521.9,0.11,100.0,59.78
55.76,2343.28,105.11,175.22,295.03,8019.43,0.97,99.9,30.19
68.67,3116.35,94.5,255.15,136.45,4233.76,2.21,99.99,109.57
50.81,2585.26,97.05,110.42,185.2,5262.01,5.58,99.11,128.36
76.46,3082.96,1.0,292.48,125.93,6447.31,3.78,100.0,1.0
100.0,1315.37,115.1,171.73,154.13,6185.55,6.58,98.24,122.3
39.28,2270.15,113.01,373.67,200.62,521.96,3.04,98.34,86.37
27.38,2156.67,144.43,205.49,246.17,3762.6,2.0,99.91,84.77
61.08,2293.76,93.84,336.43,261.11,6026.21,1.1,98.56,50.21
69.43,3011.36,81.45,295.81,218.93,4622.37,0.26,99.17,88.79
50.38,1893.45,119.61,151.11,126.38,6460.61,0.58,97.96,91.35
84.07,1764.15,39.38,95.86,213.25,6875.73,0.63,97.21,185.14
28.23,2421.79,127.17,209.09,201.63,4615.72,1.12,98.48,115.88
68.86,803.26,26.91,153.39,185.32,6081.48,1.88,98.93,94.9
42.88,1882.2,176.04,326.38,228.08,7621.06,1.93,98.55,142.28
89.39,1954.06,154.21,180.25,65.18,6833.31,1.22,99.63,130.4
94.85,1403.75,73.69,175.97,5.0,3612.84,0.64,99.91,36.84
39.67,2787.94,153.06,88.33,287.1,4666.76,0.12,99.63,121.46
44.01,1304.43,125.58,233.54,168.18,5049.47,8.99,98.39,98.91
72.19,1952.89,69.55,106.06,217.43,3316.59,5.61,99.57,66.98
47.26,2253.21,18.86,235.39,101.92,6925.99,0.4,98.34,53.64
54.09,2995.42,135.82,246.41,293.6,3839.08,1.86,100.0,89.13
55.51,2040.61,80.29,140.03,211.51,4817.44,0.7,99.23,94.59
16.61,2703.31,174.75,276.53,163.84,6929.31,0.43,98.6,140.94
54.72,2538.42,120.7,178.01,205.72,4188.21,2.31,99.24,4.91
41.21,2134.42,85.02,82.3,23.25,4394.11,3.09,99.32,44.65
45.14,1285.34,209.89,323.62,213.58,5608.49,1.04,99.7,102.83
83.87,1043.79,148.82,126.12,313.81,4263.96,0.12,97.88,89.46
29.87,2122.55,1.0,240.57,208.38,7758.7,1.03,98.71,99.42
71.26,1668.11,95.68,234.06,196.75,3352.2,1.52,99.54,76.66
49.42,2691.48,50.8,231.13,151.47,869.34,4.47,99.75,104.95
49.4,2570.1,80.01,229.75,277.45,6517.39,2.14,100.0,31.43
70.81,1918.77,112.76,122.38,290.79,4356.38,2.48,100.0,178.91
61.8,1237.6,137.7,335.31,141.13,3546.26,0.45,98.72,111.71
66.41,2405.51,133.07,276.5,212.28,5691.05,2.55,100.0,113.29
74.36,1335.44,173.89,238.0,200.9,5754.9,1.39,99.61,52.36
48.37,1517.08,151.83,93.36,216.16,3628.61,3.43,100.0,71.45
42.76,1362.41,148.74,121.73,110.45,7136.4,0.49,99.53,115.45
33.3,1951.05,130.07,252.6,282.85,6551.38,1.45,100.0,80.99
38.49,2867.13,184.34,39.71,230.87,8554.23,0.47,99.96,105.72
100.0,2044.47,104.19,227.1,288.22,4174.46,0.67,99.59,63.82
79.89,1737.75,105.48,93.51,79.62,5281.28,3.57,98.89,41.48
27.98,980.07,24.72,130.56,84.91,5420.0,2.33,98.89,139.43
28.55,2434.49,172.81,87.11,365.35,4411.49,2.61,98.54,59.14
64.64,1501.72,116.15,219.69,283.24,5725.79,0.14,99.15,131.39
65.95,2130.26,266.68,289.31,106.64,5861.16,2.61,99.98,61.46
65.98,1800.05,99.72,227.84,258.13,5861.98,1.35,99.61,88.66
49.9,2634.72,124.43,236.63,138.08,4412.31,1.23,98.66,79.52
52.49,1937.93,147.33,213.44,27.12,4623.22,1.06,99.88,86.59
61.56,2006.75,64.91,254.62,5.0,3979.23,3.82,98.38,125.32
56.72,2388.02,137.93,237.37,178.02,3648.52,0.39,99.43,160.28
10.61,3522.86,121.73,1.0,320.47,4884.89,3.37,100.0,87.33
50.4,2669.91,104.82,272.5,316.92,7729.76,5.27,98.38,99.85
37.97,1985.98,178.63,264.09,293.41,8670.29,0.37,99.32,84.22
58.5,2050.24,74.81,171.01,254.7,7364.94,15.63,98.71,98.46
100.0,1680.6,133.75,42.06,208.56,4165.02,9.32,100.0,66.29
62.35,1383.0,192.73,219.4,283.68,5733.81,1.94,100.0,53.58
48.73,1661.07,84.67,226.13,5.0,1315.56,0.63,99.59,108.0
73.44,1507.5,105.16,164.76,269.08,4720.99,1.12,99.81,103.93
64.65,2505.36,237.27,214.94,79.11,4300.6,0.37,100.0,140.44
63.4,1298.16,143.72,285.75,97.85,8373.81,0.26,99.74,96.97
67.14,2981.25,94.69,391.8,242.63,5468.74,2.43,98.62,93.11
96.13,2574.43,160.13,211.75,263.59,5091.3,1.73,98.89,115.71
32.38,2062.35,91.6,226.71,125.13,4876.82,1.66,98.88,134.39
64.47,2048.22,41.75,134.1,238.16,4476.45,0.57,97.99,88.66
36.47,1657.9,188.62,159.89,230.66,5956.8,0.54,99.88,1.0
66.11,2237.06,64.85,189.12,152.04,3807.68,9.16,98.32,52.99
36.63,2809.66,242.59,294.22,193.85,5989.76,1.98,99.78,137.81
46.65,1555.79,95.53,265.52,367.28,7577.16,3.42,98.69,163.22
49.1,974.63,226.66,354.35,154.66,5202.75,0.95,99.04,148.34
74.52,2540.25,51.57,80.78,157.76,4434.2,3.71,99.59,77.45
73.37,2275.06,171.27,94.1,193.5,4864.42,2.56,100.0,81.86
30.09,1263.86,144.99,288.17,163.53,7161.23,0.86,99.81,124.59
56.1,1534.63,161.89,315.91,251.15,5250.59,2.53,99.12,119.01
40.81,1446.63,168.4,202.65,312.23,3903.2,5.2,99.18,1.0
29.83,1540.83,95.11,1.0,157.8,6455.58,0.48,98.38,96.73
50.66,1821.42,54.56,140.52,102.89,3720.76,1.59,99.65,92.84
48.83,1861.42,117.45,226.84,357.74,4579.83,6.8,99.14,48.91
100.0,1592.44,131.15,128.05,190.78,5412.49,3.45,98.55,71.11
63.66,1517.29,96.41,214.81,26.59,3547.35,1.94,99.74,105.56
27.45,1887.85,133.88,351.88,347.6,1784.46,0.14,100.0,86.29
43.7,2165.38,136.48,314.09,281.36,5809.0,1.04,99.08,132.28
75.43,1826.59,74.5,264.71,324.12,1054.69,2.1,98.81,165.42
96.77,2859.07,139.75,194.84,309.08,3332.19,1.05,98.8,132.81
23.28,2403.66,106.64,160.43,418.05,6400.73,11.67,99.48,112.88
17.4,934.41,85.0,260.62,86.68,5754.56,2.8,98.37,89.05
92.42,2414.61,159.37,202.03,108.39,4715.73,0.41,99.25,126.85
62.79,2471.88,81.15,204.78,135.7,3388.11,1.35,98.92,70.09
37.63,1743.69,97.17,75.9,133.12,4224.17,0.97,99.55,73.12
65.69,1001.36,123.6,142.84,191.07,6037.68,1.8,99.61,45.74
2.29,2053.65,188.72,260.15,135.91,4761.74,1.18,98.41,32.99
55.07,2042.6,129.64,111.91,72.94,2776.71,0.54,99.67,146.23
61.56,1262.85,146.41,221.26,101.3,3416.13,2.58,99.52,105.8
73.49,1032.15,105.12,233.0,153.56,4217.68,0.23,99.07,116.25
34.72,1986.71,116.08,237.67,282.99,5660.57,1.52,98.9,89.94
56.71,1884.85,117.56,244.82,128.22,5188.21,0.74,98.9,170.59
36.49,1755.91,134.67,250.22,252.9,2756.38,6.79,99.08,165.35
60.11,1989.61,105.2,150.1,61.08,7424.7,0.72,98.55,94.33
37.09,1276.06,187.0,82.59,5.0,3662.78,0.83,98.72,93.87
46.84,1743.63,101.34,130.12,168.01,5793.88,2.46,99.34,86.2
35.08,2421.33,34.64,258.39,125.1,3294.75,0.28,98.8,50.41
68.02,1803.02,257.14,103.93,100.64,9467.48,0.78,99.81,78.62
72.17,877.62,103.63,116.75,90.1,7385.03,2.38,99.11,82.39
50.31,1717.12,185.66,116.31,116.32,3606.06,0.06,98.87,6.32
55.76,1298.89,190.24,52.32,91.14,5159.23,0.75,99.43,3.87
26.03,2235.0,167.26,108.24,99.29,3147.39,0.02,98.92,92.43
49.01,2271.19,110.1,280.03,57.7,4359.22,0.33,98.65,128.3
54.0,886.86,134.33,142.66,5.0,5761.3,1.85,98.96,64.19
100.0,2579.31,56.27,60.08,5.0,6521.09,1.22,97.77,164.99
32.76,1269.47,219.51,159.07,401.5,2770.9,0.34,97.82,83.75
84.28,3139.43,77.41,240.84,174.31,3652.6,0.16,98.56,61.12
74.94,2013.86,107.3,53.54,317.21,6695.18,0.12,98.36,38.05
60.61,1175.52,124.95,276.26,164.02,7383.04,0.18,99.66,98.9
90.17,1248.61,114.63,84.72,167.02,3608.37,0.2,100.0,14.59
62.44,2291.67,87.16,168.36,207.6,6722.34,0.18,99.43,65.01
62.78,1774.09,189.72,167.34,237.61,2775.93,0.11,97.87,96.79
53.94,1980.34,167.51,155.08,67.8,4464.5,2.39,98.21,39.1
79.47,3176.95,136.1,194.82,145.82,2940.07,5.67,99.45,74.09
76.93,1558.53,100.02,262.28,207.43,4269.68,3.88,99.08,95.99
42.49,2089.97,173.21,196.74,5.98,8436.69,0.62,97.9,46.3
28.62,3041.89,96.78,151.55,296.76,4901.18,0.46,98.6,121.03
50.94,2237.36,198.52,236.59,275.65,4492.52,0.1,98.45,132.67
39.0,923.38,125.56,216.58,5.0,3983.41,0.34,100.0,54.57
53.73,2401.77,181.49,146.44,100.89,4460.33,1.68,99.69,86.99
79.75,1233.9,114.31,203.38,189.44,3544.69,12.56,99.0,90.02
45.85,3032.77,123.58,139.81,255.77,5246.25,3.92,99.36,108.87
54.14,1471.99,181.27,130.74,317.35,4941.33,1.45,99.3,83.09
56.16,4126.66,229.7,264.46,122.64,4176.67,1.1,99.26,66.11
71.97,3075.16,198.02,235.76,390.44,4018.52,0.32,100.0,52.73
10.06,1490.37,163.86,261.63,175.61,5329.11,1.08,100.0,128.46
42.87,2062.01,149.46,250.81,159.83,3687.21,1.81,100.0,71.84
59.23,2575.55,94.65,129.02,230.56,4567.76,1.81,99.43,63.94
79.0,2596.56,134.76,280.1,207.97,4187.81,1.63,98.96,136.89
45.16,2357.64,74.35,176.19,202.94,1029.03,3.47,98.33,100.78
17.47,2924.51,138.79,274.34,359.65,6548.17,1.43,98.5,54.11
67.39,1961.92,142.0,189.99,202.26,1701.23,1.28,99.91,87.19
42.29,1791.3,21.96,225.05,91.42,1817.09,0.73,98.31,56.21
31.21,1805.2,121.94,227.46,104.42,6611.61,0.4,99.07,47.77
42.51,2648.86,140.74,265.06,312.54,3004.76,0.0,98.23,73.19
51.31,2303.63,115.81,69.24,241.54,1262.33,0.78,99.13,86.81
42.91,2251.9,137.9,73.89,39.93,7407.28,2.01,98.46,70.31
10.89,2604.66,52.91,253.74,35.5,3851.57,1.64,99.66,116.67
72.94,612.26,81.21,228.51,182.25,7186.52,1.51,99.03,121.05
80.5,2265.05,171.75,137.95,235.48,3352.51,2.96,98.63,66.68
68.03,2201.0,120.03,229.14,118.98,2041.73,0.53,98.53,87.98
32.25,3216.17,136.99,87.36,28.78,4421.04,2.27,99.29,76.17
50.97,977.99,92.67,461.14,78.73,2825.59,1.87,99.24,55.42
54.87,3138.03,120.97,304.93,328.12,5727.66,0.83,98.81,101.29
66.98,2100.79,4.9,249.78,224.73,6217.08,0.49,98.98,19.8
68.37,2390.29,162.3,206.05,270.01,6673.47,1.65,98.86,56.63
40.32,3221.14,210.4,150.5,284.85,4439.09,5.81,97.67,48.47
56.64,2440.53,66.75,95.19,123.66,7484.61,0.16,99.17,58.86
64.15,2328.26,72.98,190.89,146.43,3330.18,6.11,98.11,51.57
84.12,2217.6,142.04,131.22,164.88,5241.38,1.25,98.58,30.35
69.09,1709.57,193.69,135.88,217.5,4750.95,2.48,99.42,83.33
70.78,2028.06,119.9,86.66,278.06,8550.73,3.25,99.03,80.15
56.68,1547.14,58.53,219.97,348.29,7174.03,0.33,100.0,94.59
83.21,2016.8,109.57,169.84,253.29,5057.88,0.09,98.64,104.43
63.2,412.85,68.5,242.81,253.94,5357.2,0.28,98.91,111.23
37.78,2348.33,86.56,236.57,353.4,7764.04,0.83,99.31,62.82
83.07,1962.78,104.8,218.36,161.54,3647.14,6.27,99.17,97.47
68.96,1812.66,73.53,412.76,287.01,1340.48,0.09,99.93,84.52
46.14,2201.83,81.1,265.9,232.05,3258.23,5.05,99.65,90.69
45.41,1044.51,123.73,99.15,235.35,4253.9,1.65,100.0,76.7
60.93,3398.49,130.75,236.7,160.69,7449.37,0.22,98.07,62.91
64.26,1976.06,48.8,195.68,54.52,6864.39,0.33,99.75,85.19
58.95,1945.91,139.82,92.68,211.04,4921.05,2.34,98.51,75.95
61.23,1372.22,100.9,86.27,211.42,5839.84,1.88,99.51,106.97
89.0,2064.76,156.01,236.26,128.21,3723.97,0.37,99.03,132.81
76.43,3018.87,159.02,255.8,171.29,8759.35,4.69,98.72,57.38
58.81,2773.14,92.77,116.3,100.63,7183.55,0.29,100.0,73.51
73.83,2646.11,150.71,277.61,101.39,5096.39,1.43,98.03,187.75
34.35,2430.48,78.15,222.79,136.71,4867.51,1.5,100.0,22.17
62.96,1797.02,186.19,295.67,60.44,6262.71,4.09,99.64,30.59
91.19,1032.89,80.04,287.17,127.49,4897.09,0.04,99.32,137.13
50.64,1907.27,137.64,187.33,244.24,1721.52,0.29,99.1,171.53
38.05,1882.89,110.62,330.85,311.05,7759.87,0.37,98.94,153.11
41.96,2782.16,69.16,110.07,366.79,7103.55,0.13,99.53,107.56
33.21,2264.57,165.05,391.22,143.99,5669.61,2.0,98.22,77.76
39.3,3176.62,89.29,129.7,288.01,4244.71,0.52,97.05,84.02
47.59,2886.24,35.0,196.16,210.26,5017.67,1.72,99.26,111.04
26.89,1728.45,1.0,154.62,158.64,241.01,3.05,98.68,132.41
55.31,791.41,76.25,169.86,216.2,3006.7,1.05,98.56,116.47
73.05,3017.9,188.8,433.88,279.19,8180.78,2.93,98.1,14.41
36.84,2999.57,182.89,162.98,135.15,5931.09,3.01,100.0,47.94
85.39,1091.65,84.07,268.09,133.08,1492.34,0.61,100.0,106.11
65.22,3104.47,101.28,181.17,143.12,3510.1,0.03,99.16,39.64
75.61,2315.48,96.75,274.92,123.59,1534.48,0.22,99.09,18.83
41.84,2160.48,53.33,156.47,287.9,3595.17,3.47,99.5,129.97
72.09,3178.35,72.56,220.49,111.25,4702.71,1.04,99.45,105.31
33.16,2989.28,169.06,250.3,127.11,7882.89,3.65,98.84,156.94
72.8,2503.93,145.19,142.26,208.01,6413.2,1.59,100.0,133.86
58.44,2379.25,133.65,420.62,200.73,4456.14,0.44,99.99,70.09
66.07,2479.48,53.24,254.48,143.11,4544.56,2.49,99.72,104.87
31.49,1767.96,125.04,181.92,331.53,3559.04,1.63,100.0,63.34
37.1,2009.43,4.81,144.22,123.24,6962.58,0.87,99.74,30.47
66.94,1416.38,162.14,207.34,164.6,7177.18,0.18,98.74,142.82
36.03,1814.87,132.93,102.72,6.59,2591.12,0.22,99.26,87.23
64.26,1791.36,52.74,342.58,152.55,1902.82,0.42,99.86,148.91
27.66,1603.29,200.82,234.5,60.93,4426.67,2.24,98.46,99.34
71.96,2143.72,30.19,192.96,97.54,4647.36,2.6,99.01,106.12
30.35,1821.21,146.52,283.68,5.0,5465.6,1.99,98.09,118.07
66.05,2399.56,147.76,142.28,99.67,1985.54,0.82,100.0,87.65
67.51,912.38,58.02,107.52,173.24,3711.89,1.16,99.49,85.5
41.06,1968.65,118.11,189.59,158.02,4851.67,2.47,99.62,104.69
66.64,2140.09,38.16,210.2,142.67,3598.16,2.16,98.14,144.84
60.21,1830.56,1.0,242.45,150.76,6544.15,2.97,99.98,115.19
44.22,1927.33,66.61,81.9,134.55,8363.36,0.55,99.42,95.68
34.83,938.33,89.17,163.49,176.89,4030.45,0.01,97.94,78.57
15.75,2297.53,152.21,1.0,170.08,6600.56,0.62,99.52,90.27
61.99,2501.32,123.37,105.41,204.75,4357.09,0.86,98.52,60.45
23.7,2393.48,124.68,257.22,161.91,3325.69,6.46,99.24,55.71
56.91,2775.11,69.28,276.88,140.97,3717.97,0.49,99.73,85.49
49.73,2189.07,93.5,108.64,250.04,6383.53,3.5,99.34,95.24
68.58,2383.08,73.5,174.03,234.26,3845.08,1.95,97.91,124.09
48.96,2157.26,58.75,202.05,177.08,4197.1,0.37,99.39,49.83
48.41,2529.29,90.32,286.25,287.56,2941.1,1.03,99.8,95.42
69.64,943.94,123.73,322.33,187.44,6141.07,1.43,99.06,112.08
61.7,1422.49,91.37,212.25,165.49,5824.69,0.84,99.56,55.75
61.32,3158.83,103.82,179.15,173.83,7619.05,0.51,99.57,76.6
64.39,325.69,154.75,84.5,194.86,6073.34,0.58,97.79,125.38
24.29,1949.88,94.96,208.65,97.45,5743.24,1.76,100.0,92.64
70.14,2868.59,53.3,365.99,11.37,6049.9,2.33,98.81,14.32
67.25,1982.72,148.17,303.22,205.33,4539.32,1.27,98.69,125.97
34.67,1764.49,133.29,213.99,255.06,5198.21,5.69,98.71,98.56
50.12,2138.6,136.43,224.27,89.91,6676.15,2.61,100.0,30.76
54.21,1800.82,151.29,144.92,276.58,3523.61,4.45,100.0,59.88
52.31,2069.59,142.83,171.43,31.82,8063.03,1.29,99.53,89.95
61.68,1569.63,121.44,211.81,129.71,6148.37,0.03,98.86,107.49
83.63,2824.07,239.57,212.05,333.54,8638.09,1.79,100.0,136.14
76.64,3044.29,55.75,280.86,212.03,2884.18,3.41,99.19,58.95
28.76,1954.63,90.68,276.97,152.78,2883.96,1.54,98.74,76.95
67.44,1077.46,168.37,241.65,202.71,5669.62,1.68,99.92,130.35
81.58,1681.31,127.13,120.07,287.67,5222.41,7.38,99.12,136.8
62.74,1919.21,157.9,123.09,49.94,4177.29,0.91,100.0,82.07
76.82,2401.88,128.49,128.97,298.61,2715.15,3.24,98.61,73.69
95.25,1342.39,188.7,218.84,135.9,4518.05,1.41,99.07,115.0
75.47,1509.59,69.62,37.89,243.75,5390.83,1.25,100.0,12.15
59.99,2405.47,187.12,199.5,124.72,2644.71,0.31,99.54,94.46
75.9,2705.24,178.55,312.69,331.54,4261.32,2.76,98.99,93.92
57.9,1612.88,59.49,253.35,177.2,5688.38,3.47,98.55,76.28
55.48,1114.75,151.53,171.94,60.41,6417.85,1.13,98.4,113.86
47.97,4346.88,117.85,144.14,222.31,4484.78,2.88,98.29,138.67
86.27,2596.31,89.67,264.46,297.11,3558.11,1.74,99.88,55.96
38.63,1861.1,25.57,224.48,286.94,5207.39,0.6,99.75,65.88
85.65,2656.32,69.46,180.29,188.42,4627.82,5.15,99.56,121.64
65.0,1960.88,155.41,152.88,253.09,2362.91,2.39,98.43,36.91
27.01,2655.01,160.69,206.11,142.06,4189.08,4.21,99.0,73.7
62.35,2159.58,109.46,175.76,233.19,3938.39,0.66,99.43,181.73
13.0,2111.89,160.85,262.75,212.65,5041.01,4.96,100.0,102.57
67.51,1968.49,167.26,299.29,5.0,3679.31,0.91,99.45,83.64
72.7,1034.83,127.73,90.62,89.95,4012.8,0.02,99.29,26.03
43.15,3404.67,83.88,101.93,198.71,4672.08,0.16,98.55,1.0
57.47,1388.93,142.05,307.84,194.85,6149.1,0.19,99.83,137.53
94.08,1095.98,144.35,213.27,177.38,5167.06,0.46,99.01,48.46
44.89,1899.0,153.7,109.47,188.04,9796.81,0.41,98.21,96.82
33.82,1374.97,163.27,278.66,288.69,2723.2,0.12,98.58,145.98
84.63,2011.8,51.89,227.33,211.87,6641.04,4.52,99.68,75.08
94.25,2529.43,94.5,376.26,5.0,4859.46,3.52,99.7,76.61
55.07,2744.71,25.07,181.18,355.29,2490.4,2.88,97.32,122.84
75.23,2618.31,157.35,288.7,8.41,4318.89,1.3,99.14,149.19
81.83,1834.06,109.38,84.09,266.23,2275.75,1.11,98.3,128.88
40.15,2082.71,141.54,311.68,39.21,5148.76,1.11,99.48,153.81
45.29,2333.52,46.22,275.53,308.11,4451.02,0.61,99.61,2.7
79.62,817.55,190.05,328.35,154.98,3766.72,1.87,98.45,111.85
88.7,2447.41,60.28,288.85,214.58,3091.78,0.12,99.21,146.37
66.26,1027.89,158.73,192.08,5.0,6830.07,2.15,99.79,113.01
37.4,3476.24,125.9,106.31,245.66,4712.54,1.44,99.92,89.24
94.74,1764.84,110.53,151.84,217.47,5377.1,3.39,98.61,46.0
44.38,1918.59,106.49,59.11,235.56,5318.36,7.2,99.96,65.66
48.3,1509.21,88.1,126.33,265.47,5194.53,4.18,99.38,154.98
61.85,1607.02,184.76,234.07,196.07,4412.22,2.55,98.85,93.55
86.08,3639.87,120.63,196.18,161.04,7731.7,1.13,99.14,69.79
72.08,2706.26,56.54,182.11,107.02,9025.38,0.48,99.76,32.96
63.3,963.56,100.8,136.55,140.12,7606.22,2.19,99.75,113.64
64.27,3100.95,126.42,58.21,288.58,5038.6,0.45,99.84,62.78
55.87,2883.27,164.89,214.57,104.6,4914.52,0.04,98.73,93.72
66.16,1851.15,89.77,230.33,14.12,6966.96,1.7,99.36,164.02
4.41,2262.69,93.11,120.67,91.12,3636.26,1.0,99.03,126.87
49.07,2037.54,121.17,157.32,234.54,8078.57,4.18,99.35,147.39
59.83,3428.81,163.67,323.37,152.74,6424.56,2.08,98.85,100.75
31.98,1490.6,51.56,292.76,234.4,4496.48,2.08,100.0,123.52
62.73,2150.21,145.27,81.25,5.0,5507.43,3.1,99.19,148.2
50.91,1748.3,96.8,193.23,5.0,6128.39,0.82,99.1,61.84
90.11,1044.87,103.78,316.4,203.77,4230.46,6.35,99.51,93.53
86.46,3582.15,220.08,182.69,270.42,6861.86,0.5,99.98,67.43
45.68,1220.9,110.18,178.48,26.01,7291.09,4.11,99.23,70.65
51.98,2202.09,157.73,287.42,227.34,4527.25,4.83,98.98,89.08
53.52,829.51,155.95,278.97,287.12,4143.83,0.08,99.82,56.85
45.97,1768.65,61.0,274.82,179.61,4810.26,2.0,100.0,80.19
58.9,2343.38,27.73,179.04,261.1,2917.71,2.77,100.0,122.44
39.83,1470.69,161.05,253.03,197.14,1998.36,6.15,98.51,91.14
32.39,2458.76,65.82,319.58,156.34,4220.13,0.58,99.74,63.97
67.45,1859.67,36.79,196.01,253.89,3272.08,1.65,99.15,126.45
67.59,2860.06,171.31,167.73,352.15,8187.29,2.97,100.0,58.35
38.91,3001.23,69.03,298.41,129.79,4178.82,0.32,100.0,50.82
72.91,1637.28,81.37,363.64,172.1,5820.27,3.83,97.54,143.04
42.37,2101.71,218.72,369.2,90.84,3869.23,1.03,99.21,128.81
60.06,2176.42,37.01,170.04,193.97,8208.02,2.04,98.88,81.39
71.41,2481.54,57.19,178.08,165.92,4650.97,0.09,98.7,170.82
54.33,2058.07,97.02,117.67,284.26,2761.42,0.5,98.55,72.38
64.09,2181.15,107.99,209.44,307.78,6206.46,1.3,98.89,122.28
44.67,1877.62,75.31,114.07,250.92,5467.0,0.68,99.0,31.78
51.07,2128.67,62.07,157.87,274.21,7165.52,6.33,98.95,54.4
50.88,2956.56,195.5,256.09,116.56,4722.59,3.17,97.78,136.16
40.07,2500.26,133.15,231.2,94.06,5194.18,4.0,99.29,151.83
51.46,2538.88,149.26,55.14,219.31,2286.69,1.26,99.94,88.99
24.03,2554.15,113.14,325.62,181.8,6503.88,1.28,98.81,186.19
45.18,1940.33,134.47,113.04,359.93,5112.88,3.27,98.05,147.36
49.3,2271.18,166.65,123.13,7.05,4776.44,0.98,99.27,67.15
49.88,1288.38,70.19,100.89,235.76,4587.28,1.31,99.94,79.87
50.17,2936.17,133.24,147.1,234.27,4491.9,1.5,99.31,39.55
53.76,128.0,154.8,128.26,111.42,6528.24,1.87,98.69,77.29
64.59,1987.0,197.24,130.21,92.92,3333.94,2.1,98.47,104.57
72.49,2846.63,217.39,2.86,149.47,6338.29,2.28,99.69,96.61
42.0,1093.29,123.49,210.39,32.26,2110.38,1.17,99.04,96.23
30.94,2327.85,176.93,218.57,311.16,1550.2,0.7,98.84,134.89
34.16,1571.46,1.0,379.55,423.07,7539.31,5.06,98.77,101.67
45.26,1789.84,197.61,238.91,149.28,3158.81,3.51,99.35,122.4
47.96,2710.16,83.71,160.27,122.46,5190.43,0.01,99.28,112.87
39.6,2186.64,107.95,103.94,62.02,4517.59,1.44,99.24,106.48
29.08,623.95,142.06,192.3,81.35,5619.51,0.64,98.52,131.87
45.88,1364.5,112.33,235.9,126.95,5092.52,2.06,98.48,127.08
58.63,2730.74,129.82,159.73,288.79,6877.42,1.4,98.74,49.95
66.9,2362.26,199.38,204.88,467.37,2427.44,0.04,99.4,167.76
43.85,3271.69,100.79,351.79,114.95,6207.68,2.6,99.58,99.82
46.74,3225.85,65.65,169.27,98.82,4907.65,0.64,100.0,56.97
36.47,1808.43,210.67,49.06,74.88,2241.93,0.6,98.61,92.4
54.37,3800.27,146.34,269.88,220.57,4046.18,0.06,99.71,105.43
38.03,2065.14,216.11,225.15,210.98,2113.0,3.52,98.0,118.51
66.46,1374.13,163.18,63.28,189.08,1988.19,1.73,99.45,133.42
19.28,1604.45,53.82,234.21,140.01,4214.06,1.33,98.14,125.72
47.81,468.29,152.27,120.17,302.33,7135.41,2.25,98.34,168.53
61.02,3172.91,70.8,235.31,248.78,5562.72,0.85,99.73,99.23
58.68,3164.33,120.37,352.58,244.88,7338.88,1.69,99.31,88.64
100.0,1337.14,116.21,185.84,213.32,5136.71,0.57,98.98,36.3
62.0,1888.48,39.12,286.66,162.96,7789.58,0.13,98.22,133.8
34.92,2114.93,79.36,101.72,115.63,7603.87,1.65,99.46,119.38
53.09,1375.75,230.26,78.45,226.79,3290.0,0.5,99.26,72.37
19.48,819.43,131.92,361.39,218.08,5127.8,2.77,99.71,104.71
53.39,1900.75,111.22,224.63,231.05,3699.63,1.2,97.98,94.59
38.34,1823.24,210.64,250.93,39.2,4739.33,0.58,99.63,102.01
73.31,1776.11,100.19,292.16,210.54,7984.78,1.87,98.82,84.03
44.01,2203.9,115.43,157.77,152.22,3845.1,0.25,99.4,99.52
52.66,3048.66,169.54,266.01,100.93,2864.91,2.87,99.16,34.24
42.29,1835.84,99.96,253.88,245.56,2984.0,1.2,98.6,78.77
89.78,2167.31,82.67,96.42,195.95,4288.16,3.35,98.91,107.32
48.58,2556.81,7.31,321.04,391.87,11741.68,0.3,98.59,66.79
91.65,2435.9,73.18,304.55,223.6,7651.08,0.96,98.83,110.56
71.28,1617.9,72.7,97.3,153.25,100.0,0.4,98.56,177.61
64.64,2115.46,127.93,216.02,170.25,4935.55,0.13,99.48,48.82
62.37,2431.28,89.48,181.51,74.53,3867.87,6.22,98.6,21.69
62.88,1258.15,227.9,313.46,290.78,6775.38,2.59,99.59,143.24
16.45,2932.48,67.12,87.15,208.35,2877.79,0.79,100.0,178.72
49.42,3050.11,190.03,488.19,209.89,3134.41,0.57,99.02,109.85
71.9,1542.05,130.99,186.04,84.22,3971.32,0.46,98.09,95.25
54.02,2183.57,160.34,259.08,250.11,3754.93,0.09,100.0,69.18
26.9,2497.59,157.3,311.0,95.81,6172.78,0.22,99.44,116.57
53.95,1666.07,9.09,184.32,130.15,4397.81,0.22,99.11,94.38
89.08,2385.13,119.42,190.8,191.29,6805.85,2.19,98.94,128.98
79.94,2162.28,106.89,159.77,127.71,3541.38,1.81,98.46,26.49
53.76,1020.46,63.35,129.16,108.69,6558.37,1.68,98.96,108.08
74.03,2369.41,142.98,221.75,175.49,2917.31,2.65,98.65,61.63
47.67,1277.9,205.83,189.18,270.9,6106.56,0.58,98.66,132.89
20.92,2705.44,1.0,159.25,260.56,4100.21,0.84,99.61,49.2
36.51,1578.15,93.28,163.92,243.67,6604.94,0.27,99.88,120.18
86.26,1935.1,57.71,246.1,223.76,606.34,1.77,99.04,71.72
49.52,3008.6,123.59,136.19,137.2,3590.14,5.4,99.55,77.61
50.13,2395.47,103.72,180.24,280.88,7102.99,3.98,100.0,128.99
49.0,1292.37,89.72,271.89,23.77,4636.68,1.62,98.61,63.15
93.08,1337.56,154.48,219.78,219.04,1937.74,2.07,98.06,34.96
87.52,1628.49,201.81,116.04,255.72,3727.42,9.74,99.78,97.91
99.38,2324.25,253.07,198.09,171.87,5690.45,1.46,98.69,68.56
51.82,2298.81,83.02,234.96,114.99,3540.36,4.09,98.83,40.18
60.91,1457.83,28.96,279.14,176.66,7089.89,1.39,99.29,109.0
24.67,1230.95,147.96,139.57,111.82,6953.18,0.1,100.0,106.6
84.54,2245.11,200.52,155.32,226.28,6201.89,5.46,99.29,99.67
31.64,1920.7,160.68,144.39,265.12,6855.51,0.24,97.72,115.31
59.34,3558.05,200.32,148.36,220.2,4072.68,2.44,99.45,15.2
33.05,2073.62,108.73,232.4,214.84,7676.82,0.54,99.36,64.48
43.22,3317.98,89.52,247.56,248.43,6936.14,4.63,98.6,106.1
38.25,1228.73,125.77,284.07,258.83,4768.02,0.45,98.01,136.44
42.84,946.75,103.47,192.71,109.96,2072.39,0.3,98.93,104.6
44.22,1263.94,153.15,87.57,41.58,739.87,1.16,97.59,141.73
44.03,2880.39,168.49,253.56,205.01,6781.41,1.37,97.95,67.91
71.67,3277.27,172.4,212.73,263.19,2100.08,3.42,98.25,70.42
32.9,1500.47,145.53,204.8,37.72,3341.66,2.87,98.32,80.13
59.41,1725.6,132.29,97.33,186.19,5858.75,0.8,99.82,91.69
79.36,1229.71,159.72,184.33,281.55,2660.43,0.97,99.09,24.0
44.74,779.85,21.85,104.51,169.52,9381.8,1.72,99.44,94.16
40.64,2550.89,130.53,238.56,316.9,5427.41,1.6,99.35,93.63
50.39,2204.11,122.62,165.61,300.05,7660.57,3.96,98.12,70.48
78.59,2055.34,130.65,158.44,163.56,6876.66,1.28,98.81,64.25
58.88,1067.96,115.62,77.03,146.9,431.66,4.48,99.04,105.86
44.38,3195.97,141.59,282.17,148.56,6340.02,0.46,99.11,118.57
64.68,1695.65,91.27,179.31,192.14,4970.96,4.04,99.54,100.78
32.95,2421.54,176.48,206.96,74.38,4887.56,0.73,99.85,100.71
68.63,1029.81,143.68,141.16,57.75,4954.28,3.11,99.46,93.54
63.17,1914.63,127.53,67.95,5.0,6898.49,1.67,100.0,95.61
48.84,2251.96,85.12,157.47,178.1,7961.66,4.17,99.51,122.23
38.23,2276.95,160.77,170.28,363.5,2854.18,0.53,98.83,159.85
37.27,2156.25,130.33,223.42,5.0,5139.14,2.42,100.0,154.71
65.7,2394.17,82.23,171.6,163.43,7523.46,3.78,98.35,51.65
79.58,1256.64,117.17,142.53,160.72,4626.66,3.0,99.57,10.56
42.25,2186.16,151.45,79.73,166.31,5365.37,1.67,99.09,116.22
64.17,2127.63,147.58,203.88,293.11,5391.11,2.25,98.6,95.85
13.26,2210.17,144.35,136.28,100.04,8806.59,0.44,99.35,92.59
43.31,2098.64,124.63,305.66,5.0,6347.05,0.49,99.0,110.24
54.38,1156.75,171.29,212.01,131.91,8727.12,0.62,97.91,85.22
36.81,1125.54,181.89,244.97,119.89,8138.48,3.52,99.33,30.22
36.27,498.01,156.87,180.1,5.0,4591.33,0.37,98.48,49.33
41.64,2620.27,90.63,216.1,202.09,5541.41,0.71,99.29,51.77
60.84,2627.36,67.1,128.74,73.26,8693.88,5.06,99.11,121.67
51.25,2638.49,92.8,105.74,172.52,2944.89,2.81,99.5,170.43
10.24,2262.75,217.68,201.21,147.34,6370.0,2.64,97.61,76.21
12.59,554.82,134.08,245.63,83.34,6388.11,1.21,98.51,199.05
42.86,1329.3,226.32,44.34,260.16,4502.48,2.42,99.28,19.14
64.15,2167.29,113.99,160.07,154.67,4315.23,1.67,100.0,74.69
1.0,2142.86,107.06,347.37,184.88,4562.22,0.15,99.3,102.33
45.01,1892.08,116.3,238.34,232.78,6264.4,1.72,98.89,1.0
44.48,2306.24,115.39,323.01,205.97,7651.34,1.2,99.81,155.88
82.77,2056.16,81.32,149.28,193.05,6330.23,0.24,98.79,67.32
47.3,2132.54,62.56,163.37,105.82,2736.01,0.84,99.5,96.35
62.66,1600.65,145.07,277.34,79.9,7710.54,4.5,99.24,112.93
57.83,2735.41,172.75,249.88,194.21,7147.27,3.26,99.95,31.36
12.39,1746.46,242.25,192.45,93.43,4557.92,4.9,99.66,192.29
70.36,1116.55,98.31,99.0,251.5,3821.94,2.53,98.86,100.35
59.31,1508.3,102.37,292.55,168.34,3365.27,2.0,98.15,81.38
65.17,1804.07,81.44,400.82,238.38,6933.81,0.3,98.45,50.56
100.0,2743.8,176.29,74.25,91.28,1617.11,0.23,99.41,103.19
13.32,2018.41,160.75,312.29,77.29,6977.97,0.57,99.16,31.96
89.49,1917.7,76.15,162.54,331.1,4187.61,0.75,99.22,100.57
49.25,1173.94,74.89,173.32,166.55,5512.83,1.87,99.38,150.87
60.75,2597.84,167.63,221.57,262.19,100.0,4.2,98.63,141.61
54.09,1591.63,139.16,103.56,52.93,1807.99,4.43,99.13,72.78
46.52,1977.98,157.92,197.03,154.53,3777.13,2.29,99.19,83.87
43.6,3084.13,75.86,71.1,297.21,3357.69,1.71,98.19,116.66
61.59,2404.13,26.11,238.09,39.18,6365.16,0.56,98.77,142.28
24.66,908.22,76.25,378.7,384.78,5545.76,5.56,99.47,156.32
70.01,809.34,154.39,148.84,198.23,8481.31,2.22,99.69,160.18
46.68,2002.98,225.55,186.5,106.3,5924.0,1.52,98.63,57.68
32.4,1199.08,98.53,190.44,211.68,3829.85,0.22,99.55,125.13
46.0,2501.98,233.79,278.92,279.82,7202.02,3.5,98.77,39.66
80.14,2077.58,161.49,232.45,105.7,4166.49,0.86,98.58,76.47
44.29,2163.77,50.35,273.63,118.62,4063.12,4.62,100.0,48.03
62.17,1553.28,130.7,159.5,202.42,5003.82,0.37,98.91,48.87
40.38,3266.97,163.2,234.69,221.67,7914.55,0.1,98.17,104.68
70.16,4037.82,1.0,1.0,162.14,6891.89,1.14,98.89,67.32
68.71,1852.99,152.22,253.4,216.21,6835.78,0.16,99.01,106.46
91.97,2295.13,178.64,102.58,256.82,8528.92,0.13,99.84,46.65
51.49,2116.19,139.94,173.79,195.6,6793.12,2.5,98.95,114.36
68.37,1866.22,116.91,259.62,117.77,2788.78,0.6,99.46,77.79
56.96,1465.55,111.35,77.11,178.12,5968.98,2.04,99.94,83.33
80.92,1288.52,108.43,287.15,338.06,7921.68,1.69,98.79,42.98
40.62,1253.08,61.2,190.06,209.98,2267.19,0.3,99.4,135.76
69.9,2331.67,85.62,316.25,291.62,4972.33,0.97,99.16,100.62
51.11,1684.23,99.17,127.77,133.71,3077.87,0.14,99.36,116.59
53.72,243.2,125.67,54.98,203.64,5231.25,1.1,99.27,43.94
56.84,2359.4,92.16,197.68,251.49,7043.42,0.4,99.3,122.03
60.04,2021.22,76.54,246.97,314.8,7416.93,0.2,99.0,96.65
52.68,2990.67,157.99,253.67,290.48,4668.46,0.76,99.22,75.16
59.29,2309.19,138.53,109.16,79.27,6190.5,0.01,99.01,150.08
86.56,1012.93,93.04,70.03,283.67,2292.69,2.84,100.0,111.35
74.71,487.23,145.31,175.01,331.74,1852.79,0.34,99.62,113.1
72.38,1544.37,97.34,241.32,128.26,7015.27,1.97,99.2,16.41
45.89,1610.42,123.15,237.26,99.5,100.0,3.57,98.96,138.25
37.22,2708.21,168.75,325.77,177.8,3762.81,4.98,99.89,112.9
74.11,2041.79,89.81,170.12,196.15,6218.43,1.63,98.63,144.51
72.52,2841.58,61.38,52.41,148.49,5397.12,3.11,98.3,71.29
84.45,1120.62,112.74,295.73,73.19,100.0,1.21,98.25,66.47
42.92,2723.69,51.83,215.62,312.52,5946.18,1.35,100.0,159.6
50.41,2552.69,106.13,222.58,102.6,3449.68,1.58,100.0,133.34
22.21,635.24,105.97,261.37,134.38,5217.47,2.22,99.31,37.86
47.15,2973.83,1.0,301.09,189.82,3876.8,2.22,98.81,95.65
74.93,2113.42,146.53,198.16,47.48,3754.06,3.08,98.82,135.91
45.67,2322.43,110.87,294.12,40.6,1760.67,1.92,100.0,102.12
67.81,1442.57,179.09,244.17,141.15,4353.75,4.28,99.14,73.01
51.19,2940.67,130.78,147.55,254.31,7225.14,2.47,99.44,68.25
61.48,1217.9,156.78,181.34,196.92,4239.26,5.29,98.89,97.57
32.05,2630.46,179.5,249.34,5.0,4321.06,2.78,99.26,135.85
56.7,2622.43,113.41,143.29,305.05,3731.88,2.68,99.46,55.19
1.0,1366.08,119.96,270.92,251.77,2684.99,3.94,100.0,9.63
51.26,3436.36,41.32,212.65,197.19,3203.99,2.13,99.14,78.78
22.39,2210.07,181.98,230.53,194.78,5398.84,0.4,99.56,113.01
79.12,2505.72,112.72,315.24,240.61,9426.64,0.17,98.95,121.87
70.55,979.02,69.71,228.53,389.37,6755.97,0.76,99.33,54.45
64.33,3530.41,156.99,205.71,259.25,6116.07,3.37,99.44,105.79
85.42,1190.81,11.01,193.39,206.66,8584.69,0.04,99.06,69.46
36.02,2765.42,98.54,189.23,69.56,5842.27,0.33,99.37,124.42
89.95,1351.66,165.42,224.98,194.81,6934.33,0.22,98.7,89.72
73.64,1614.71,98.11,309.07,249.6,5385.06,0.08,99.55,128.54
50.27,2600.13,84.1,151.06,169.63,5813.64,3.32,99.24,97.69
77.71,2767.29,99.19,145.0,132.95,2464.69,0.66,98.81,115.0
32.87,1158.1,19.5,302.8,229.83,4442.05,2.61,99.12,77.29
38.51,2811.33,155.77,154.71,91.07,3988.54,0.31,100.0,66.6
42.83,2779.49,113.86,217.29,258.12,3893.06,1.05,99.13,83.62
44.42,1391.43,106.38,152.66,140.8,3787.41,0.25,99.5,119.66
33.87,3167.05,106.57,65.64,5.0,7575.82,0.0,99.5,195.96
79.46,1028.2,120.7,215.86,139.07,4336.63,1.9,99.61,145.41
49.82,1610.66,152.67,289.21,174.86,4739.97,1.31,98.43,155.8
62.05,2383.3,117.4,195.04,229.72,9076.53,1.08,98.48,90.81
43.59,1450.5,51.92,81.47,219.33,6395.82,0.16,98.68,73.53
18.59,2232.67,148.78,208.73,63.86,5014.33,1.77,99.62,6.85
60.4,2216.75,144.93,139.52,190.99,6905.1,3.03,99.38,71.08
16.75,1917.05,130.28,1.0,131.94,3795.6,0.14,99.35,39.82
53.63,2630.68,173.76,193.53,147.58,4235.61,1.07,99.12,125.74
27.63,1888.15,121.52,241.41,90.16,4349.01,0.75,98.27,87.13
94.75,2210.08,175.57,294.22,175.42,5449.2,4.45,98.78,42.21
73.23,2850.53,190.36,340.55,461.92,5840.08,0.61,99.35,116.87
57.12,2601.48,149.12,252.07,347.08,3291.41,5.77,99.08,107.68
80.27,2598.21,82.6,274.69,90.12,5732.58,3.53,99.33,49.65
38.07,1243.57,113.46,97.23,185.93,6088.02,0.21,98.11,155.53
65.87,2415.35,181.94,329.75,151.74,4158.14,1.31,99.19,64.89
59.0,1433.05,45.12,301.39,192.78,4702.05,2.09,97.74,118.86
60.28,1151.01,100.4,170.63,262.47,2953.49,1.8,98.29,90.0
80.45,1997.81,102.85,254.53,168.36,2283.95,2.27,98.52,160.89
69.65,1414.99,76.74,246.49,115.9,2935.18,1.11,97.91,131.85
60.77,2601.43,163.64,317.62,284.08,6297.15,4.7,98.64,51.07
21.9,2618.17,138.84,187.91,68.94,5941.43,0.63,99.39,167.79
35.8,716.16,84.45,140.3,197.04,8469.58,0.2,100.0,44.33
52.55,1468.19,150.28,160.8,46.25,5068.9,7.63,98.83,52.63
56.87,1026.15,112.08,271.74,87.65,5093.08,2.11,98.74,159.94
32.4,1724.16,75.49,46.41,247.03,5606.86,2.15,99.12,93.9
100.0,2366.62,84.35,1.0,118.85,3079.47,3.4,99.01,107.49
85.33,1878.4,141.8,271.54,11.11,6626.13,1.09,98.49,111.92
67.04,1635.17,166.95,221.98,114.96,5687.75,0.98,99.58,51.93
56.44,2958.12,95.66,201.48,105.32,3294.75,5.96,98.99,170.22
50.76,434.6,147.22,95.56,66.39,5669.01,0.98,98.74,182.78
35.96,2913.81,199.09,63.21,229.51,6365.23,0.16,98.8,20.26
56.55,1667.0,57.06,149.24,40.79,2603.38,0.74,100.0,77.01
60.16,1993.32,137.78,228.94,127.09,6903.15,4.14,99.74,122.19
30.16,1678.85,161.53,153.14,192.01,4189.56,0.2,98.96,90.53
61.68,3128.02,115.24,272.01,149.15,100.0,2.52,97.49,73.27
51.89,1186.32,181.91,123.68,143.62,6749.53,0.62,98.01,117.47
16.84,2056.22,229.94,158.45,114.96,7416.92,2.74,99.26,121.39
37.79,2417.21,137.17,256.26,70.31,2977.62,1.45,99.0,162.68
46.73,920.3,108.32,169.85,122.69,1992.18,2.02,98.39,25.63
92.75,1404.07,168.85,173.81,239.18,7390.15,0.56,99.11,54.66
66.13,1944.28,162.1,148.52,140.94,3888.75,0.37,98.68,64.84
28.29,1427.33,1.0,133.68,195.02,7420.79,0.13,98.75,190.87
64.72,1477.09,119.86,228.33,280.54,1774.47,3.49,99.08,155.4
24.05,1803.1,100.27,238.7,233.98,7529.28,2.48,98.49,106.0
76.65,2502.71,139.84,218.17,65.13,6932.03,0.69,98.23,91.63
45.58,1808.1,110.32,150.71,220.32,5973.01,3.63,98.25,112.63
53.13,2802.9,115.74,183.88,274.29,1392.34,3.59,98.92,141.99
81.52,1349.57,76.84,327.67,127.6,4347.67,0.3,98.09,84.87
29.26,1171.65,156.73,86.31,37.29,6813.52,2.5,100.0,105.95
27.06,3396.44,202.75,350.87,140.34,1963.4,0.69,99.85,81.53
43.33,1587.43,77.62,207.98,196.93,4059.77,1.26,99.7,39.19
75.77,1130.36,50.15,185.59,233.32,5713.61,1.12,98.58,23.42
24.61,828.56,121.0,276.27,133.13,2913.85,1.83,98.61,67.36
1.0,2800.57,118.57,34.62,5.0,7340.9,0.85,98.21,80.1
45.98,1809.09,178.55,310.43,65.12,6984.69,0.15,100.0,112.47
66.03,1870.4,58.54,348.62,212.39,5435.94,2.23,100.0,105.74
79.01,1936.56,93.1,287.04,359.16,5781.25,6.47,99.67,39.36
45.74,2757.06,12.61,31.82,178.02,4027.15,2.2,99.12,95.38
46.77,1922.33,188.75,261.13,298.16,6061.47,1.55,98.93,73.16
78.08,3688.84,132.53,331.68,84.87,3924.1,0.36,99.55,85.02
17.61,2141.63,96.83,323.42,121.71,4645.79,1.96,100.0,98.21
47.23,2791.25,53.89,87.35,5.0,4113.66,1.89,99.65,146.24
58.81,2611.67,58.48,281.31,213.27,7583.95,1.93,98.42,76.6
63.98,2022.49,140.71,343.65,99.57,7172.71,4.46,98.66,162.13
44.8,1637.12,64.63,202.36,233.92,3193.8,2.52,99.53,43.0
55.69,2280.37,125.2,83.78,134.79,7407.72,3.06,98.6,59.9
5.23,2405.07,222.15,266.29,361.96,3563.57,0.75,98.87,91.15
41.84,1647.19,102.62,284.31,341.39,8335.17,0.63,100.0,48.24
64.07,2164.44,71.93,188.86,5.0,7827.71,0.46,98.98,42.22
35.35,2913.34,139.1,104.74,233.21,8946.99,3.01,98.1,97.94
56.18,3496.96,58.71,278.55,113.1,5527.3,2.4,100.0,42.02
63.94,2646.06,206.0,138.5,238.22,4495.12,0.84,99.96,56.62
48.15,3351.93,190.18,231.79,59.06,4455.03,0.3,99.16,91.7
58.41,1607.44,111.79,324.65,309.71,5675.33,3.75,99.19,163.12
35.75,2539.32,75.14,67.3,272.76,3174.77,0.97,97.71,87.32
50.87,2984.96,98.71,272.62,52.76,662.66,0.42,98.92,100.22
67.2,1420.57,105.22,183.47,163.68,4280.6,0.31,98.68,49.01
58.14,1708.09,139.18,185.55,194.62,5073.67,5.04,99.27,53.07
43.27,3264.53,171.98,241.15,244.74,5999.95,0.28,100.0,3.31
59.48,1365.43,68.17,138.29,178.92,5715.0,0.89,99.51,55.65
69.29,1109.21,170.55,106.0,250.77,5253.49,2.0,100.0,125.6
14.0,3117.59,150.88,57.26,173.63,7105.05,1.05,98.22,72.0
78.18,2885.73,94.61,298.54,235.06,3429.28,1.3,98.12,101.04
48.27,2350.48,65.66,170.27,56.89,3790.36,3.25,100.0,103.93
63.51,2016.0,125.81,245.6,177.66,8796.51,14.35,99.27,124.44
78.94,1741.03,67.02,161.2,283.51,100.0,1.26,99.53,161.38
27.57,2245.36,171.18,107.06,307.0,7014.26,0.95,99.18,119.28
40.81,3153.86,63.81,252.19,195.57,6014.14,1.04,99.34,85.47
49.23,2215.0,147.39,226.24,171.08,4997.51,0.92,99.68,126.87
39.32,3564.87,115.97,181.05,303.12,6613.11,1.28,99.38,107.16
89.7,1419.44,91.97,224.15,170.92,6293.29,0.81,98.8,5.47
37.86,2034.22,114.86,123.16,283.01,2373.26,1.24,100.0,47.02
43.89,1786.86,174.0,284.85,170.4,3246.94,5.82,99.27,86.0
59.09,1288.4,60.39,303.39,183.6,4134.77,0.67,99.06,71.59
30.96,1940.84,99.39,260.74,80.58,1181.74,2.11,98.96,90.08
47.09,2340.13,82.41,170.24,67.56,4984.45,1.33,99.44,1.0
61.35,2414.96,118.07,204.75,268.03,6147.52,2.64,99.03,128.65
48.34,3567.32,85.77,325.51,335.05,7098.32,1.28,97.78,93.0
53.13,2373.13,31.6,302.49,189.51,5140.35,0.35,99.02,143.65
44.41,2853.1,67.24,359.51,165.04,3650.77,4.12,98.44,96.03
24.71,2094.27,201.89,137.56,272.04,5403.21,2.25,99.39,103.04
61.43,3222.64,132.34,130.38,210.36,4858.29,1.49,99.18,53.57
90.1,3726.91,130.62,210.75,5.0,6413.15,3.56,98.74,46.79
55.37,2419.76,105.87,232.55,269.43,4918.31,7.47,99.86,100.31
59.51,1353.14,117.42,188.62,59.68,6601.02,1.05,99.15,95.09
68.85,1663.84,98.51,168.83,178.95,4529.44,0.87,98.94,29.33
29.61,2245.35,146.35,301.39,140.27,7322.41,2.8,98.95,132.6
89.05,2367.55,125.04,192.74,122.34,5319.58,1.21,98.93,97.0
59.05,2536.9,61.44,102.78,184.22,3923.8,0.18,99.55,74.76
87.64,2370.14,132.69,112.02,260.43,4400.36,0.88,98.65,60.22
40.34,2052.89,1.0,219.77,182.82,6308.68,3.31,99.25,125.26
91.36,1602.66,140.69,440.21,306.89,2712.7,2.45,98.85,67.17
70.5,2328.8,49.53,121.92,318.06,4766.82,3.97,98.75,104.45
66.06,3346.49,115.2,174.81,317.24,6924.57,0.32,99.53,88.27
59.68,2761.95,60.27,392.38,174.97,5930.39,0.56,98.55,73.79
50.03,2422.29,120.14,161.26,136.96,2928.54,0.48,99.56,43.08
79.01,2768.7,148.91,236.44,176.97,5560.23,7.1,99.42,147.05
57.81,1788.26,195.14,350.07,281.28,2584.39,0.37,100.0,54.79
15.66,1692.21,42.93,123.88,275.88,5335.78,1.82,97.97,60.54
32.66,1524.55,168.77,175.26,5.0,7483.73,2.0,99.91,148.55
51.28,1960.3,126.56,161.25,207.53,5132.12,1.93,98.99,90.92
61.2,1752.6,97.47,78.57,5.0,2962.56,2.35,97.95,107.8
53.87,2893.79,157.99,325.55,178.28,4656.22,1.32,98.74,155.56
79.38,1715.27,108.2,153.17,132.39,5350.04,0.17,99.56,154.59
15.98,1486.09,155.88,129.9,104.68,6965.79,2.42,99.14,73.04
57.87,3407.8,70.39,164.45,256.43,6949.63,0.66,100.0,141.08
18.64,1732.04,88.35,274.31,121.74,3039.37,0.16,98.96,30.86
70.19,2155.47,167.18,209.03,179.14,4416.64,0.37,99.18,24.67
53.11,2363.93,194.27,136.67,96.09,5708.6,0.68,99.07,96.78
63.39,1252.31,118.25,232.73,186.63,3911.42,1.13,98.48,91.62
37.72,2912.84,1.0,265.01,266.38,5897.09,3.95,99.18,120.9
80.59,2493.98,110.05,198.1,100.99,2573.54,1.54,99.05,116.7
75.83,3138.87,121.62,181.22,237.59,5470.53,1.28,99.26,122.66
66.67,1572.54,108.36,281.27,185.08,6849.18,0.42,99.24,159.09
52.41,2117.39,136.82,185.67,184.26,5097.11,6.4,99.2,173.51
66.6,2075.55,96.15,328.66,148.46,5316.33,4.78,99.27,130.1
40.86,2232.72,161.94,139.39,249.61,6519.76,3.39,99.97,94.13
72.11,1029.77,61.66,137.53,240.38,4200.61,0.78,98.52,86.78
87.99,2125.59,181.84,127.7,167.99,6119.66,1.65,98.69,94.42
76.41,1049.48,197.5,180.89,198.24,4944.99,0.98,100.0,72.04
40.41,2298.83,74.35,200.2,246.87,3365.44,1.03,100.0,131.95
62.23,557.95,74.32,93.95,228.74,6624.16,0.15,99.38,136.63
29.14,751.89,140.53,207.74,152.4,7521.67,0.3,100.0,69.62
66.45,2620.98,60.64,245.23,284.91,7085.34,6.5,99.54,88.38
64.01,1665.21,95.37,82.76,257.77,6624.06,1.88,100.0,24.25
17.6,1356.5,175.13,158.31,370.01,5919.16,0.01,100.0,91.37
31.76,2937.59,156.88,245.4,38.74,5653.3,3.31,100.0,96.54
49.34,2277.34,219.01,112.85,243.18,4831.12,0.18,98.4,50.71
48.98,2658.46,128.54,174.72,283.69,3807.28,2.46,99.67,73.88
30.81,1931.63,89.46,287.05,270.47,1281.39,1.94,99.14,48.87
62.78,3923.74,122.56,343.61,157.26,2178.76,0.13,98.26,32.02
60.03,1624.84,112.47,235.19,57.32,5026.24,1.51,100.0,154.27
51.11,3269.15,113.17,186.46,318.57,2702.49,0.1,100.0,32.12
39.88,2005.04,118.81,159.89,136.64,5745.37,0.13,99.1,99.56
75.97,889.84,73.41,272.86,153.41,8145.3,0.11,98.77,134.04
88.11,2385.99,134.11,290.67,365.99,100.0,0.59,99.24,151.87
45.33,2268.33,49.57,107.49,65.42,3249.51,3.24,97.93,52.55
42.76,1312.07,84.16,272.83,253.7,8934.58,0.9,98.26,146.12
64.82,1402.45,114.06,151.44,112.16,6501.6,2.04,98.99,101.45
47.84,2030.71,7.02,131.24,110.18,4799.0,0.27,99.63,117.92
52.21,2292.82,158.45,187.71,195.09,4042.6,5.4,99.07,165.38
69.79,318.54,17.34,279.33,240.87,6054.47,1.4,98.81,119.44
16.81,2785.19,153.48,224.75,265.52,6762.57,0.05,98.62,57.86
81.37,1701.85,55.36,222.59,277.33,2715.1,1.54,100.0,12.79
56.45,1115.78,99.75,228.2,116.41,7685.23,0.41,98.45,120.59
46.77,2706.75,145.96,237.41,77.08,5717.23,0.44,97.92,111.29
53.22,2031.47,229.91,190.87,149.16,6688.66,1.83,98.8,63.21
54.25,2899.32,125.82,250.55,211.27,6843.2,0.51,99.56,102.34
20.38,2354.57,20.87,147.23,161.49,5562.09,0.48,99.28,40.78
84.9,2046.94,167.68,252.08,5.0,5801.78,1.56,98.67,109.39
55.83,1941.09,108.4,268.56,15.55,5931.95,0.54,99.33,41.4
63.86,2385.9,123.5,255.93,158.36,4357.22,0.23,99.98,143.39
74.03,1758.53,147.89,260.08,256.97,6167.24,1.05,99.34,179.03
34.58,1451.2,8.73,237.19,98.58,4532.79,0.11,99.31,106.56
64.47,2474.94,120.33,293.88,245.98,5001.18,4.71,99.31,110.5
49.65,1946.86,99.52,18.27,45.35,7815.04,1.2,98.68,118.51
71.94,2071.5,181.09,268.3,203.0,4935.13,0.03,99.51,106.08
12.46,2810.57,156.36,358.04,203.66,5744.31,0.51,99.93,51.14
53.02,1968.29,38.65,150.25,222.19,4685.41,6.33,100.0,151.52
42.94,2058.52,183.13,141.3,89.25,4341.51,1.37,99.5,113.01
63.65,1628.25,142.48,302.91,40.71,8471.68,0.89,99.21,117.4
64.4,2349.52,42.64,125.86,245.34,2364.05,0.76,100.0,135.35
40.85,2292.88,122.79,146.66,42.65,5093.79,1.08,99.28,133.6
40.76,2678.54,171.74,213.6,110.62,2836.73,0.48,98.86,144.38
52.79,1642.61,59.3,136.08,305.25,7257.91,2.77,98.72,113.18
37.07,1727.53,188.88,270.0,195.29,4889.16,1.42,98.64,60.63
71.84,2602.5,44.37,136.74,213.19,4156.14,2.78,98.85,111.67
47.62,2224.55,80.44,228.85,236.23,1696.98,0.59,100.0,93.99
1.0,1413.65,72.86,222.76,233.02,7837.3,0.0,98.67,60.01
47.5,2962.59,188.85,333.11,178.08,2609.95,6.78,100.0,153.06
34.23,859.08,95.45,293.22,98.87,5876.17,1.44,99.06,88.99
22.37,2597.0,61.86,157.64,421.57,6677.2,0.17,99.93,104.13
30.25,1162.35,142.26,98.84,153.66,8913.02,0.22,98.44,65.87
57.19,3368.05,153.06,267.04,209.79,4007.73,1.14,99.19,92.83
81.57,966.78,153.38,147.73,219.61,3460.13,2.38,98.07,132.22
61.26,2854.58,106.43,173.15,132.03,4230.9,1.01,99.22,176.84
42.87,1990.86,132.73,115.21,141.69,3940.99,3.43,99.75,36.59
64.12,1791.38,87.49,254.32,313.94,1609.49,0.8,99.88,95.89
45.82,2177.78,203.74,148.28,113.49,7943.81,0.09,99.2,1.0
41.11,2490.33,177.21,197.2,217.12,4247.51,0.02,98.95,77.83
31.91,1414.92,174.15,198.44,260.63,4712.59,3.92,99.26,99.69
19.96,1476.95,159.71,214.68,160.73,6129.42,8.33,98.8,101.52
47.2,2502.72,145.99,252.93,171.55,7494.97,0.28,98.8,160.52
58.16,852.86,57.78,180.57,266.12,2910.98,0.13,98.91,85.91
53.07,1639.04,151.67,140.69,167.64,5643.71,4.92,99.36,157.47
46.68,4176.48,125.71,51.24,5.0,2811.59,0.21,100.0,104.88
36.09,1370.39,183.17,208.21,315.35,5600.57,0.52,100.0,74.58
67.16,2851.46,160.37,187.44,92.21,5525.99,3.24,98.98,102.63
28.66,1637.83,147.52,143.16,199.39,4148.58,12.41,98.63,100.16
70.52,2404.33,35.79,205.0,61.4,5420.22,1.33,98.69,102.95
34.96,2506.05,115.55,268.48,134.02,5453.22,0.47,98.16,67.1
39.95,2838.27,92.11,288.95,140.72,4852.98,3.76,99.71,66.61
25.66,1907.82,132.62,77.19,195.68,4631.72,1.0,98.22,140.42
44.97,3440.22,99.22,171.13,101.06,2544.13,0.64,97.62,137.2
74.51,1635.46,106.2,276.88,358.46,3036.71,1.35,99.71,61.85
65.31,2211.95,142.95,327.68,182.21,3894.4,3.87,99.68,89.61
74.57,2219.69,98.39,134.62,259.29,3184.38,0.53,98.44,110.33
65.44,1262.62,126.08,310.27,179.2,3968.08,1.1,99.41,127.59
32.93,1847.89,44.03,91.99,269.75,4862.92,1.17,98.28,102.53
48.38,2161.06,78.38,291.86,5.0,5158.85,3.58,99.13,141.16
39.4,1745.52,152.8,177.46,116.57,6011.02,2.25,99.45,91.88
81.61,3756.65,58.49,325.03,133.04,5282.39,3.03,99.69,156.87
31.06,1460.96,182.29,162.88,132.31,5214.21,2.36,99.48,197.07
72.87,2873.6,168.72,175.21,226.68,5965.53,1.8,97.87,97.9
72.86,2647.52,106.59,189.33,232.84,3349.6,0.28,99.41,110.01
91.59,2038.3,269.94,77.04,173.34,3500.16,3.58,100.0,57.39
46.81,1442.35,182.16,59.0,175.56,4328.22,1.87,99.47,88.15
69.25,1510.22,72.54,240.81,399.65,3745.03,2.42,98.23,102.16
100.0,1685.42,157.31,279.08,209.21,1844.47,3.02,98.7,122.94
42.65,797.98,123.29,248.61,5.0,6036.78,0.75,98.84,86.81
24.3,1345.57,81.16,99.68,249.31,3203.03,1.15,97.57,124.86
17.4,1010.27,66.5,238.42,230.35,8260.89,1.56,99.27,79.99
69.25,2990.11,169.74,120.78,284.34,5297.66,0.84,98.95,135.36
17.34,2480.92,90.1,232.61,233.86,2296.89,0.6,98.99,111.59
47.55,2598.18,114.91,290.5,98.57,6200.48,3.0,99.11,109.79
63.75,2460.18,73.95,229.4,260.1,5059.9,2.8,98.69,76.59
58.7,2164.88,82.59,317.48,188.94,5523.77,3.57,99.8,91.65
63.51,3070.48,113.65,188.0,274.15,4104.38,2.39,99.33,80.04
59.45,1620.47,139.41,182.67,319.31,3323.76,0.75,98.83,129.75
80.58,2122.67,1.0,205.39,169.03,2369.71,0.79,99.51,40.79
35.95,2570.94,120.85,92.59,258.82,2692.4,1.5,99.45,66.74
41.46,1123.15,82.69,167.76,273.03,2537.42,3.61,98.53,143.27
39.55,4215.61,190.12,174.79,194.29,4356.68,0.85,99.08,102.5
71.6,2068.0,267.14,177.28,356.23,4907.11,2.9,99.08,143.91
73.01,2147.39,102.04,221.46,274.1,2215.26,0.73,98.79,128.2
64.02,2927.81,33.89,81.57,127.32,6624.82,0.83,98.25,132.3
78.67,2688.47,125.84,108.35,203.41,5254.96,2.79,98.77,111.84
31.44,2074.65,109.73,290.57,257.42,9368.81,2.27,100.0,68.7
88.34,2139.09,218.57,39.42,352.81,4270.82,0.47,98.75,98.02
85.46,995.1,203.33,249.31,235.88,9019.35,3.51,99.83,45.07
69.71,1658.47,163.27,170.12,206.05,6342.77,3.07,99.18,88.38
90.64,2410.05,90.67,212.81,293.74,1473.18,3.19,99.32,73.2
21.87,2358.72,153.89,324.65,160.25,2856.79,1.27,98.34,20.55
44.51,2902.82,133.25,189.51,90.9,5572.31,0.8,100.0,112.05
40.29,1963.65,132.07,250.03,243.34,1854.34,3.79,100.0,108.12
69.43,1076.9,42.09,204.69,145.96,3386.74,1.77,98.71,145.49
34.0,2787.71,173.09,191.25,424.42,2133.79,5.35,100.0,46.06
70.15,3053.26,125.39,181.35,202.77,8849.68,0.59,98.31,138.24
82.41,2676.77,114.96,256.08,243.89,6977.53,7.43,99.16,2.23
68.9,1933.46,89.99,141.47,123.45,4389.83,0.95,98.38,89.11
60.68,2779.07,80.32,109.44,293.81,7722.32,0.97,99.46,174.05
35.24,4448.24,135.86,205.96,177.57,7264.23,0.55,99.06,93.85
38.06,2128.61,32.54,215.42,168.79,7358.61,6.71,99.16,65.61
79.99,1129.78,159.47,54.07,170.95,3993.2,0.08,100.0,91.66
70.59,1637.6,67.29,199.16,63.77,4444.01,1.28,100.0,128.94
54.22,2485.83,17.07,101.85,157.45,3026.13,0.91,99.08,83.72
46.64,924.64,211.09,250.15,229.15,4795.31,0.35,99.98,110.69
14.48,2166.58,77.1,55.71,40.92,3537.4,2.5,100.0,110.23
33.58,2314.24,83.89,354.01,271.95,3066.57,4.57,99.98,116.96
93.23,3122.59,176.73,172.94,155.85,7036.88,0.56,99.3,136.45
29.39,2965.14,212.72,130.8,202.03,6208.9,1.38,99.43,174.19
58.79,2653.21,43.35,177.36,5.0,3411.66,1.73,99.0,98.5
75.15,534.12,72.19,244.5,200.25,6701.82,0.99,100.0,107.91
29.9,2692.74,75.87,271.24,86.12,5555.87,5.09,99.48,47.52
58.69,2541.86,166.74,178.06,148.37,4432.34,1.24,99.14,132.79
73.76,2227.16,201.96,84.9,38.93,7863.37,8.12,99.55,149.43
55.25,836.84,65.99,103.02,100.63,5549.69,0.7,99.39,122.53
100.0,1504.26,190.74,222.91,165.28,8199.54,0.15,100.0,39.55
21.63,1231.22,84.55,278.99,155.54,6018.63,1.71,99.18,78.82
76.17,637.49,136.81,289.4,259.61,6173.37,3.47,99.74,97.05
51.54,2045.96,56.43,213.45,11.87,3063.47,0.98,99.12,60.73
70.44,1489.52,113.9,277.38,175.38,3997.21,0.41,98.02,180.8
63.83,3885.71,114.44,352.99,171.08,7623.44,2.68,99.2,111.38
40.34,1929.86,104.24,295.23,138.8,7091.49,0.63,99.8,132.26
59.58,2953.63,139.25,273.76,97.81,4355.0,2.94,99.3,132.9
17.84,949.63,69.65,135.48,279.2,2564.71,0.61,98.39,99.48
67.06,1676.94,75.81,277.01,364.29,7987.59,1.63,100.0,46.97
60.96,2115.83,141.89,236.9,25.73,6919.96,4.37,98.37,126.55
67.77,1412.29,187.1,252.05,96.82,2940.03,0.46,98.66,175.46
76.16,1752.46,118.86,300.89,89.61,2939.81,3.44,98.41,79.87
62.35,1895.43,145.18,228.68,154.66,8300.39,0.62,98.47,72.34
57.96,1884.26,157.9,191.8,293.03,4086.29,2.16,99.23,128.55
37.38,3346.58,161.53,114.41,227.49,4118.3,0.56,99.63,131.96
40.76,2312.76,72.32,176.28,166.15,3775.06,0.24,98.79,140.79
78.73,2383.66,81.15,217.03,181.47,5639.85,2.18,99.6,89.35
83.73,2425.76,85.5,222.21,151.29,2479.5,1.81,99.74,89.25
50.24,2476.84,216.43,219.51,246.48,5427.67,1.03,98.97,1.0
55.92,1989.98,145.41,276.76,257.43,2467.87,0.07,98.14,97.01
36.91,1823.48,143.17,269.23,233.22,2480.53,1.29,100.0,72.44
78.46,2164.77,138.31,195.03,5.0,2541.86,0.32,98.73,6.73
68.31,2857.76,53.96,132.22,181.18,2611.09,0.89,97.65,170.76
93.82,2836.37,216.91,230.67,163.21,6300.26,1.76,98.93,104.66
37.43,1879.72,143.96,379.71,269.22,6300.84,5.61,99.61,23.67
47.44,2585.49,156.16,225.7,201.52,4707.14,1.43,99.71,110.07
59.63,1911.79,31.72,176.33,230.11,3863.19,0.43,98.4,169.43
67.93,2071.71,158.98,242.87,135.42,7487.24,5.85,97.91,143.15
50.69,1716.53,102.19,247.66,264.55,6250.71,0.05,99.41,133.67
37.54,1920.85,53.86,246.77,291.04,2878.37,2.06,99.56,45.73
72.63,2986.93,72.31,309.83,33.57,5631.01,0.61,99.98,73.23
69.42,2112.69,56.76,230.89,63.34,5538.18,2.83,99.9,60.26
36.67,2142.7,55.91,306.03,248.62,6293.21,0.8,99.3,95.72
82.11,1034.95,123.03,218.42,164.48,9948.21,1.12,98.56,126.02
78.4,1831.53,100.66,321.0,272.58,3526.82,2.94,98.86,112.5
57.69,1879.08,136.7,296.54,201.76,5997.96,4.56,99.03,58.7
56.59,1467.6,203.8,273.74,242.36,7692.84,0.4,98.56,87.64
66.08,2063.17,113.52,263.13,112.75,8092.84,0.7,99.96,136.74
37.77,1747.57,7.76,384.12,210.58,5324.99,0.01,99.92,115.43
55.6,2104.0,107.9,286.13,210.84,2646.24,3.88,98.22,110.98
11.95,2133.05,179.67,132.05,118.0,1769.19,5.88,98.97,59.89
72.53,1378.97,115.7,219.67,270.15,6487.64,0.66,100.0,101.4
23.77,1768.91,196.47,178.82,9.42,5616.55,0.97,100.0,49.6
85.07,2102.16,142.65,365.16,198.69,5230.63,1.12,99.33,61.97
48.4,2877.01,28.09,300.12,63.53,5508.76,1.05,99.97,35.84
50.77,2227.7,125.48,362.56,87.99,6761.33,1.0,100.0,164.14
42.45,1584.65,134.85,139.2,268.74,5983.42,1.29,99.27,165.75
49.24,2327.3,174.02,288.13,81.01,5695.98,0.33,98.25,54.83
83.37,3243.28,210.98,90.84,77.21,3931.55,0.12,99.8,63.97
5.24,2689.69,165.39,72.63,232.23,6871.06,2.57,99.84,82.29
80.54,2431.27,142.02,168.24,80.03,3960.86,3.75,98.5,143.74
61.76,2555.91,153.81,320.99,271.64,6741.94,3.32,99.38,119.31
30.86,3055.97,111.6,120.59,238.01,4293.22,1.97,98.65,150.26
33.49,2800.94,46.86,198.66,110.01,6060.97,6.94,98.05,162.48
88.53,2444.73,122.07,295.11,268.23,8174.5,0.0,99.35,114.34
36.09,2796.05,138.26,267.71,5.53,6189.03,0.77,100.0,106.93
31.93,1290.84,59.82,377.29,222.52,7549.43,0.74,99.42,149.48
77.75,996.41,186.33,200.27,67.84,4331.42,0.86,99.32,138.22
61.77,2157.97,170.27,164.67,132.9,5173.09,3.22,98.27,137.99
36.24,2096.08,51.41,112.44,138.72,4361.69,0.87,99.64,114.01
59.33,1667.26,188.29,170.56,295.33,2012.54,1.5,98.81,136.67
34.48,2626.1,104.58,111.71,134.88,6923.68,1.9,98.66,82.99
77.02,744.0,81.08,56.28,172.92,6023.98,3.73,99.82,72.3
76.23,1673.66,173.96,357.07,140.56,5896.26,1.91,98.35,81.44
65.64,1708.53,117.45,203.91,91.56,7217.18,0.96,99.05,185.88
62.23,902.59,214.96,407.32,87.27,2956.26,2.37,98.4,53.26
90.22,3094.31,77.36,132.86,207.79,2524.34,1.45,98.99,132.7
54.99,1096.56,33.42,165.7,177.62,7234.46,1.5,97.67,174.22
31.36,1636.16,105.98,137.97,248.63,4873.39,0.82,99.58,110.88
63.99,2683.59,159.46,148.74,158.21,5386.73,0.0,99.47,82.27
96.72,2500.23,73.64,269.89,161.13,2359.22,0.88,100.0,117.24
34.7,1272.28,53.49,245.31,248.92,7649.82,0.72,99.37,75.27
47.77,2525.74,131.45,270.03,146.51,6208.26,0.21,98.57,58.61
63.33,2250.85,46.82,307.38,50.44,3963.92,0.44,99.89,148.84
53.92,3681.12,135.33,288.59,256.28,8754.26,7.92,99.88,146.27
35.35,2330.76,102.97,119.32,119.06,2545.76,0.66,100.0,82.26
77.44,1949.13,144.72,158.09,186.02,4407.05,1.46,97.83,75.48
100.0,1448.45,50.81,209.72,123.61,6776.53,1.59,98.71,103.65
58.92,1527.03,184.91,498.23,92.47,7075.9,1.64,98.56,91.17
36.92,1469.96,110.85,261.79,9.12,2312.36,0.1,100.0,62.28
24.02,3007.77,158.18,208.54,210.52,4489.94,2.95,99.76,34.05
60.16,2060.58,167.99,253.86,5.0,6342.44,2.62,99.99,36.67
77.08,2443.67,62.13,151.75,296.85,7651.51,7.56,98.44,46.97
64.5,3107.97,164.11,220.99,272.88,7500.06,0.41,99.29,53.4
54.95,397.08,48.75,276.37,98.14,6260.78,1.61,98.06,103.49
43.21,2943.21,51.49,197.68,322.94,5161.44,3.26,98.43,62.85
33.16,2086.78,218.2,139.48,365.47,4677.12,0.27,99.29,63.9
71.7,2352.53,175.59,193.77,155.4,5896.62,3.12,99.36,44.86
73.28,1468.12,223.68,174.43,216.99,7581.23,0.63,99.48,45.59
24.09,1519.41,101.49,91.43,192.26,4614.76,0.66,98.74,44.52
86.8,2390.19,125.12,154.28,316.23,4508.29,5.82,99.5,91.81
66.48,3717.22,146.37,88.57,54.66,7061.46,0.75,99.2,136.68
82.99,2750.32,119.39,101.06,159.54,6910.9,1.76,100.0,155.09
28.16,2933.87,82.69,108.72,262.75,4100.19,1.16,98.9,97.11
27.68,1913.6,75.2,276.28,253.22,2626.24,0.16,97.92,137.45
52.02,1627.86,130.69,319.13,176.15,1915.8,6.01,99.63,63.69
65.06,1501.44,66.66,77.11,305.31,5234.3,0.48,99.44,117.73
90.93,1706.21,65.26,326.41,201.01,3011.72,0.62,98.58,60.14
69.12,611.05,139.68,109.87,190.23,6613.27,0.95,98.97,112.39
50.15,1540.56,115.24,259.75,242.73,1909.88,1.38,99.34,62.21
34.47,1655.75,166.86,220.68,174.52,7904.53,0.31,98.93,65.43
79.6,1925.25,98.75,250.87,184.52,4393.77,1.99,98.42,92.88
35.71,2140.23,90.94,106.74,109.14,3562.28,1.45,99.06,159.75
87.57,2301.72,141.18,55.01,444.01,4025.92,0.72,99.82,129.15
49.31,2037.55,79.4,135.77,137.39,3443.42,2.36,98.95,65.81
86.81,1640.99,87.09,234.15,245.63,7726.47,1.44,99.35,52.83
68.58,673.65,89.08,356.55,351.79,6208.93,3.67,99.07,62.3
52.26,1645.28,109.51,117.62,59.15,5174.33,3.87,98.34,120.75
44.61,1367.28,208.62,192.09,235.01,2834.82,7.83,99.13,103.73
48.18,2374.25,51.16,140.07,182.08,4900.92,0.14,98.89,121.09
63.57,2684.5,184.78,198.62,341.53,3612.88,1.04,99.73,74.45
56.54,2705.0,156.89,45.54,98.17,264.29,1.39,100.0,108.42
43.12,2577.87,198.35,319.84,112.3,3751.51,0.53,99.82,105.83
51.69,1954.53,276.83,201.92,175.51,6089.43,5.1,98.69,145.62
56.57,1682.63,191.57,273.37,135.58,4232.95,0.18,98.39,158.19
12.43,1525.03,166.28,181.42,138.67,4739.02,1.12,98.14,131.15
64.16,992.75,54.38,215.25,362.56,6873.79,0.41,99.32,145.56
35.41,2742.3,60.69,290.31,191.43,6551.51,2.29,98.7,94.21
31.93,1925.7,138.01,210.54,109.38,8529.65,2.44,98.42,67.03
21.25,1175.56,35.1,213.42,144.9,1051.61,4.12,100.0,93.78
19.12,1469.46,150.77,136.48,216.44,3483.88,1.05,99.54,89.71
27.89,1441.12,13.25,157.25,210.36,6634.66,2.98,99.44,87.02
40.82,2078.12,177.61,118.97,128.05,5776.51,1.6,99.4,94.59
94.07,2795.23,103.91,140.96,33.48,5179.04,3.35,100.0,88.17
44.48,1804.41,126.33,300.1,175.45,3911.38,0.18,99.08,76.68
58.56,471.23,82.58,344.69,173.02,5407.61,1.25,99.63,89.77
63.01,1915.57,25.07,100.22,121.85,5304.0,0.33,99.83,127.07
57.62,1938.66,181.73,231.61,295.18,1666.42,3.12,100.0,60.4
53.45,1890.56,186.79,174.58,231.71,5384.54,0.33,99.2,148.81
31.09,1608.78,102.43,311.76,192.13,4069.35,0.02,100.0,138.3
84.02,2200.21,153.1,210.79,147.54,6513.92,5.3,97.92,98.46
91.14,2094.3,100.46,199.4,335.97,5620.38,1.33,100.0,1.0
21.35,2030.62,134.42,140.42,76.1,8520.63,8.43,99.5,7.9
34.52,2336.85,157.96,77.46,135.31,4999.87,1.21,99.73,99.46
49.4,1747.12,147.75,260.88,139.29,3035.64,1.79,98.3,122.14
35.71,1707.39,187.05,228.24,206.91,520.42,2.73,98.26,165.91
65.12,3014.09,145.94,230.2,239.48,3311.1,0.66,98.75,78.79
40.43,2439.55,121.4,152.05,59.71,5679.23,0.29,99.21,74.43
98.3,2626.86,81.93,188.34,118.39,6139.17,2.16,99.02,46.3
78.81,2906.27,96.07,263.29,220.29,3910.63,1.43,98.91,118.95
59.25,2416.16,160.5,278.57,120.14,4225.77,3.51,99.06,95.28
75.54,2697.87,44.91,105.72,143.84,5125.89,0.09,97.57,75.92
77.12,942.46,175.29,149.33,195.54,5684.1,1.57,99.5,95.93
43.72,2190.91,105.94,88.81,91.81,6836.15,0.41,99.08,91.23
38.68,1920.1,79.07,216.1,204.99,3942.36,1.92,99.87,133.71
56.56,3222.38,65.06,270.75,235.13,3663.26,2.86,98.87,77.93
72.23,2697.35,153.72,177.7,183.45,8644.63,0.61,98.94,94.88
57.78,1606.69,119.27,146.97,308.28,8209.81,1.31,99.31,128.98
23.46,2308.96,199.44,173.18,245.29,4047.03,1.09,99.68,84.42
38.94,2165.38,56.85,384.51,176.32,7056.57,2.81,100.0,65.35
53.52,2366.03,91.09,295.35,151.07,8968.48,1.83,99.17,43.76
53.49,1334.81,115.39,258.48,337.92,7370.53,0.26,99.5,53.36
94.45,2300.01,82.41,225.61,120.47,3626.76,7.52,99.22,69.27
27.28,1888.29,120.31,198.98,155.5,5188.66,4.87,98.99,133.44
65.11,2245.71,135.98,127.47,143.12,1846.74,1.73,97.85,65.52
84.78,1540.93,144.22,115.06,215.8,3263.1,3.01,99.34,86.4
100.0,1638.46,195.31,154.57,382.96,4972.46,0.04,98.56,53.84
46.91,2869.69,54.83,123.7,202.2,5395.56,0.45,99.81,97.14
64.83,1311.92,136.89,151.37,151.01,3752.62,2.92,98.59,106.48
66.4,1363.57,87.65,191.85,196.98,100.0,0.22,98.8,109.2
58.91,2011.89,141.5,197.98,61.84,5348.41,0.09,98.62,165.25
53.02,1507.68,141.57,150.37,163.1,6310.71,1.91,99.57,94.44
63.72,1428.48,70.65,239.62,333.37,6379.02,0.07,98.99,106.72
4.36,2121.55,74.94,184.88,239.58,4629.47,0.4,99.6,72.43
68.64,994.45,145.58,217.18,290.79,4756.71,0.17,97.33,181.89
57.52,1342.43,121.17,140.43,271.2,5443.71,1.53,100.0,128.89
50.55,3485.87,109.02,255.43,116.21,5736.02,2.26,98.49,130.36
95.94,2369.63,152.9,157.21,352.08,4831.79,0.4,99.74,138.57
41.5,1525.41,156.59,328.68,20.16,818.63,1.27,99.55,124.95
46.94,2340.75,93.52,182.0,209.92,7514.69,0.04,99.7,140.48
94.83,2445.13,77.4,192.43,5.0,4164.19,0.61,98.63,87.5
38.36,2744.09,56.9,247.49,25.8,2796.98,0.4,98.96,185.61
44.0,1958.99,121.67,264.95,264.2,4293.35,0.36,99.48,33.16
52.06,2731.55,48.84,273.57,117.78,5201.04,0.51,99.2,84.01
71.81,621.09,124.97,342.05,292.04,3903.65,3.27,98.56,164.26
59.16,1308.58,180.84,252.95,5.0,4027.93,5.98,99.6,88.17
29.15,2162.71,102.33,194.64,172.03,4415.66,2.45,100.0,121.51
44.36,2278.74,93.19,157.63,70.57,5651.26,0.15,98.9,76.13
42.85,1409.75,219.89,189.29,150.43,3561.82,1.98,99.54,112.84
53.46,2229.59,195.49,318.72,319.35,5607.4,2.65,99.36,80.6
63.52,1611.31,81.77,89.04,341.26,2515.5,0.24,98.94,141.75
63.36,1854.13,126.95,134.48,226.16,8610.59,0.7,99.76,106.63
19.48,2765.34,136.43,182.48,36.48,6930.17,1.12,99.75,25.0
76.28,2684.26,130.18,133.41,71.4,4505.6,0.74,98.82,62.47
60.05,1350.06,210.73,167.3,194.4,5602.55,1.46,100.0,56.0
82.69,1307.92,124.36,344.5,107.47,2897.3,0.28,99.21,151.24
63.88,1760.18,131.86,176.15,239.22,6011.28,1.18,99.95,45.34
77.03,2029.28,154.43,232.93,330.83,6521.74,2.64,99.44,84.27
64.33,1587.47,179.5,67.34,91.56,5479.39,1.24,99.23,179.46
81.92,2776.45,166.84,111.81,99.44,6624.11,0.47,99.19,144.9
65.45,2291.17,146.9,274.61,73.76,4987.34,3.24,99.67,60.82
53.04,2332.26,42.07,333.44,157.12,4817.51,1.0,98.43,59.63
100.0,1161.42,95.59,217.71,184.7,3812.24,1.11,99.46,55.78
72.78,2865.1,160.97,175.52,181.94,6000.63,0.89,100.0,103.25
66.47,128.0,132.52,239.69,260.79,3494.19,0.68,99.56,75.17
29.47,2631.84,161.31,1.0,215.37,5745.85,1.84,97.98,104.21
29.23,2702.02,214.36,218.33,174.72,5545.8,0.42,98.23,107.37
60.85,1745.32,61.15,116.31,183.68,7419.17,2.93,99.21,96.88
57.91,2939.04,176.9,263.53,187.7,6050.31,1.31,98.65,100.91
42.72,2003.83,103.48,24.62,174.8,1837.76,4.3,99.82,98.44
57.82,2091.7,166.77,149.73,119.06,3805.67,5.59,98.87,64.13
86.77,2285.67,117.94,196.72,71.72,3758.92,0.97,99.59,37.16
68.91,4278.6,226.35,139.06,192.8,3682.61,0.35,100.0,97.17
32.18,2989.1,126.5,169.96,135.06,6739.88,1.41,99.22,63.74
52.77,2538.79,87.97,272.35,227.26,1033.95,0.63,98.49,134.04
38.9,1409.04,140.99,198.04,186.48,7564.02,1.11,99.48,44.99
47.25,2148.51,136.2,125.55,181.34,6797.36,0.95,99.4,80.73
46.73,1478.81,176.9,275.23,268.6,5334.36,1.2,99.38,101.2
45.45,2623.48,142.4,220.08,53.58,5628.56,1.38,100.0,145.43
29.9,2146.33,243.75,223.4,339.23,5135.02,1.97,98.37,79.29
52.45,1260.83,114.43,128.6,5.0,5285.45,0.01,99.9,102.37
43.79,2104.79,115.02,1.0,310.57,7027.42,0.59,98.78,119.68
1.0,1453.41,89.81,127.51,198.08,4597.33,0.37,100.0,125.52
96.06,2153.85,124.28,119.37,132.84,6080.61,2.48,97.71,109.67
76.78,1446.65,131.55,150.94,47.55,3431.75,3.57,100.0,167.33
47.47,2067.24,134.06,132.65,126.05,5958.57,2.59,99.01,79.12
55.38,2573.33,123.36,209.02,165.27,4509.07,7.35,98.35,164.23
31.57,2010.86,89.51,270.47,197.54,5770.37,0.16,99.84,122.59
88.91,1774.38,75.92,286.09,310.1,3443.77,1.25,99.56,104.81
92.95,2190.29,101.24,266.98,186.61,5808.64,4.59,99.52,107.94
58.13,2536.03,177.08,128.19,208.77,4915.81,0.77,99.85,132.5
75.47,1272.97,187.84,204.71,211.51,7816.74,3.24,99.23,66.24
58.51,2230.46,116.15,325.21,150.52,5466.11,1.65,99.0,100.83
28.27,2970.28,72.92,73.22,162.7,5887.82,7.68,98.39,85.3
46.76,2449.56,115.94,307.86,170.37,4205.26,0.93,99.12,159.1
57.64,2088.43,224.58,120.31,236.38,5561.76,1.08,98.84,68.99
45.91,2495.82,169.95,223.5,97.84,5853.22,0.36,99.19,174.92
50.63,2364.75,147.54,233.02,134.41,4362.37,0.35,99.28,77.1
53.17,2575.52,168.13,215.19,212.07,4221.98,3.95,100.0,39.46
53.38,631.25,197.03,378.28,83.12,3548.08,1.05,98.68,60.18
56.05,960.58,62.36,175.93,190.23,4863.11,1.94,99.1,61.01
33.79,2751.38,100.4,68.84,130.89,3824.31,2.79,98.9,161.32
40.66,994.3,93.56,228.52,225.48,5526.06,1.15,98.22,41.22
29.31,2329.08,149.36,186.4,303.64,3577.27,6.15,100.0,107.92
74.56,1801.57,128.01,244.38,130.98,4779.51,5.57,98.54,153.71
12.89,1350.67,157.82,270.57,248.19,3297.65,2.28,99.46,205.84
78.07,2292.75,94.66,197.3,198.05,7059.91,10.68,100.0,90.59
82.73,2188.72,188.6,234.9,145.46,5044.73,0.01,98.33,99.48
48.96,3525.24,116.53,211.54,180.6,5028.66,0.02,99.81,48.35
2.94,1610.63,154.73,343.35,296.82,6071.86,0.14,98.12,79.77
47.77,3056.08,179.77,170.36,164.54,8195.44,5.75,98.64,182.43
53.72,2294.7,175.76,145.03,297.82,5145.97,1.86,99.59,129.86
34.79,1585.28,138.04,270.46,169.2,2316.4,5.25,99.01,143.59
44.7,2607.47,160.97,125.67,52.88,7127.48,0.27,100.0,120.91
85.6,2444.02,207.08,231.37,166.79,2556.83,0.07,99.29,137.73
68.3,2073.09,145.68,186.43,45.87,4106.41,1.57,99.56,172.54
36.51,2234.41,83.52,191.89,151.41,7146.54,0.39,98.72,76.73
23.05,1630.11,149.15,394.98,147.95,4396.6,3.93,98.47,124.51
48.46,1469.95,118.14,298.73,343.52,3969.91,1.09,98.39,67.34
50.73,2579.61,2.6,281.73,324.84,5506.34,2.94,98.55,13.57
64.92,1891.24,143.1,242.45,187.69,5017.43,1.45,98.71,105.6
44.29,1991.94,125.83,144.68,289.02,3751.91,1.5,100.0,99.97
65.23,2243.88,177.82,220.92,144.2,6579.67,2.29,99.48,92.0
93.7,2233.7,82.5,246.67,51.55,7210.36,0.82,98.31,69.43
71.31,1047.47,44.71,215.92,227.5,7498.26,5.95,98.91,100.48
54.04,2948.38,128.43,207.58,212.52,5993.17,1.02,99.18,111.94
51.34,2132.83,139.01,168.2,95.62,3738.08,1.02,100.0,173.47
47.87,1906.14,124.69,221.88,99.6,2740.5,2.46,99.21,116.41
78.61,2349.59,121.04,157.95,264.56,829.6,2.02,99.52,118.49
42.45,2213.58,66.56,256.27,28.48,6859.61,10.94,98.51,65.03
55.9,2584.94,113.05,38.74,230.24,5350.22,3.8,99.7,56.81
56.02,2424.59,102.58,308.7,151.7,4245.95,0.67,100.0,55.77
44.96,2550.49,173.64,95.07,230.36,1520.06,0.21,99.09,83.15
27.55,2993.7,138.97,114.62,268.95,2870.42,0.23,99.63,97.41
61.46,2666.54,106.1,232.71,101.31,1822.1,0.9,99.6,103.63
53.78,1935.66,206.19,243.2,77.38,7595.43,1.3,99.25,62.28
65.0,1261.97,106.55,366.26,311.97,6144.25,2.03,100.0,5.35
44.33,3215.46,147.89,223.7,174.85,2649.3,3.9,98.64,78.21
79.42,1881.59,111.65,196.76,209.5,7943.13,9.12,98.59,132.49
37.46,1716.82,201.56,215.3,261.97,3700.14,1.05,99.2,79.94
89.24,832.29,124.34,327.24,93.48,5628.7,1.58,98.94,92.03
20.05,2284.93,125.82,393.95,261.18,5632.91,1.84,97.16,31.24
63.7,2152.22,113.01,185.22,237.61,4830.97,1.64,98.69,99.97
64.51,987.42,129.83,243.42,312.3,4454.43,0.19,97.71,111.38
39.09,2365.29,179.98,194.05,310.73,5061.19,0.24,98.98,72.2
63.49,1699.27,162.29,192.46,185.71,4496.04,4.39,99.7,133.58
80.59,3931.22,121.4,350.32,247.78,5448.38,2.25,99.24,142.95
10.66,1649.45,205.07,125.94,184.01,5519.81,2.27,99.29,179.63
65.05,1743.36,163.65,13.26,193.07,4056.39,3.37,99.09,57.93
5.13,1435.66,98.09,225.4,78.4,6982.24,0.18,99.35,106.45
35.69,2942.51,50.98,296.08,159.8,3493.33,1.07,100.0,47.49
87.58,1787.06,99.25,217.59,18.47,5702.36,0.57,98.95,119.18
43.36,1540.56,140.67,240.18,167.63,4389.12,2.16,99.19,114.37
31.52,2542.87,149.86,260.19,298.8,3435.81,0.48,98.59,17.91
51.04,1081.75,187.96,208.87,250.01,4500.65,2.36,97.87,105.89
96.36,2485.58,65.27,244.5,190.1,3810.51,0.98,99.39,87.03
18.37,3294.98,98.04,243.17,161.82,6185.72,1.16,99.99,47.6
33.97,2444.63,61.12,43.31,131.37,4829.81,3.41,100.0,83.32
84.95,2494.53,53.06,209.11,97.33,7464.59,0.86,99.07,177.48
92.15,2657.04,88.61,74.18,253.68,3287.46,0.59,99.02,117.94
52.93,3244.8,138.33,196.95,41.85,1045.63,3.8,99.85,61.92
30.22,2894.93,158.57,160.38,39.78,5710.57,2.31,100.0,81.75
96.92,2355.77,72.58,282.72,261.39,8100.75,1.03,98.33,17.58
86.89,2680.72,79.54,219.55,198.71,5879.83,1.38,99.67,51.79
68.58,1427.85,31.01,237.86,184.03,3303.66,0.85,100.0,162.37
38.75,2591.41,130.72,184.68,198.64,3158.74,1.6,99.03,131.67
54.02,1344.11,83.39,284.17,360.91,8646.5,0.3,98.39,113.04
51.79,1791.08,203.15,72.21,185.04,4317.12,4.39,99.75,110.6
61.62,128.0,140.49,128.36,206.4,3173.17,1.62,98.26,151.67
84.02,2329.0,111.43,302.9,365.23,7142.76,0.97,100.0,107.81
72.59,1597.29,87.94,165.15,174.28,4734.98,1.7,100.0,83.67
33.45,2825.8,45.27,28.33,335.37,1350.76,0.35,98.85,91.34
82.53,2321.13,51.61,316.21,5.0,8749.21,0.16,100.0,84.53
61.26,2834.87,88.89,286.15,75.43,6051.93,1.59,99.64,84.0
68.74,1289.48,85.05,256.88,119.88,2278.99,0.15,100.0,162.86
84.33,2774.87,70.04,207.55,232.56,7512.43,2.16,98.75,52.73
32.77,3522.1,138.85,332.86,339.66,3113.9,3.22,99.64,74.8
54.28,2582.91,145.71,300.69,126.83,3005.55,8.91,99.37,22.01
44.37,2601.24,97.07,323.83,268.04,3394.86,2.93,98.65,135.44
23.64,2166.72,216.76,255.64,381.35,8491.11,7.31,98.95,108.7
61.93,1680.73,32.66,209.82,320.83,8681.75,0.04,99.6,164.54
100.0,2580.83,122.91,168.07,143.65,4013.71,1.64,98.41,69.41
18.2,993.74,109.07,98.49,258.17,8070.11,0.36,98.36,63.21
54.35,1755.57,92.46,240.16,210.55,883.39,0.56,98.31,48.41
67.81,808.26,85.12,246.83,120.65,6645.3,2.65,98.66,113.23
57.46,1555.44,119.65,172.02,218.46,7455.51,0.58,99.4,80.99
52.74,2497.43,108.72,249.09,137.36,7711.59,0.4,98.85,107.0
29.02,2401.78,100.41,173.43,191.19,5138.42,0.93,100.0,78.04
59.66,2083.64,55.06,269.39,55.94,6018.94,0.17,98.19,152.56
39.86,2167.28,39.09,129.43,21.34,3709.19,0.32,99.56,145.6
11.2,727.89,105.57,115.59,154.21,5045.27,0.32,98.94,98.44
78.89,1787.21,99.9,180.75,208.63,4704.41,0.51,99.13,137.13
74.17,1571.05,110.15,266.3,78.49,4600.91,4.09,99.68,89.71
56.03,1586.66,114.57,107.3,227.37,7042.38,0.7,97.36,93.17
59.58,2467.71,93.87,283.97,183.85,5386.91,0.64,97.7,8.43
76.49,1445.64,109.38,68.59,238.52,8047.71,0.27,99.16,115.28
59.49,1624.72,77.32,180.26,265.11,5446.36,0.03,99.04,95.92
73.08,587.05,196.2,86.95,300.92,8944.36,0.35,98.2,130.21
49.05,1842.11,80.01,1.0,234.29,7208.98,2.57,100.0,123.57
81.24,1286.51,101.45,229.32,153.43,4843.76,7.0,98.39,65.05
61.42,2103.44,83.81,185.78,197.0,5314.28,2.72,98.83,87.31
58.88,1382.22,82.97,88.23,389.63,3488.02,3.84,100.0,75.88
29.6,2121.18,121.23,158.67,268.69,5288.37,3.09,98.73,136.79
60.74,1946.72,114.89,235.35,186.44,3231.47,0.7,98.59,157.94
38.36,3218.43,97.03,170.55,166.45,7394.67,2.63,99.47,126.94
42.23,2396.05,105.83,184.11,126.16,4381.51,2.78,98.68,174.42
38.69,760.25,84.01,168.12,73.15,5640.17,0.6,99.48,115.96
33.68,1162.58,140.09,153.42,333.73,893.67,5.07,99.56,56.02
97.5,2086.65,222.76,152.37,223.06,4519.17,12.38,99.47,39.49
81.63,1397.11,76.26,150.02,65.8,4331.01,1.65,100.0,58.2
93.41,128.0,139.7,139.75,168.72,6657.66,0.76,98.93,76.86
30.54,2992.68,122.25,118.62,294.34,5940.48,0.89,98.85,67.9
56.43,2552.16,153.43,169.62,139.78,6832.95,1.75,99.14,97.17
29.13,2412.68,154.84,148.81,106.7,5796.77,0.02,97.22,87.77
41.09,1622.87,130.27,114.26,212.11,7215.0,0.74,99.35,97.99
36.64,2347.37,118.01,261.28,239.23,5754.43,0.1,98.97,192.66
79.79,1554.95,98.28,298.61,139.89,2522.79,1.96,99.47,130.04
47.08,2191.4,81.75,199.99,126.04,4837.44,1.85,98.57,105.78
76.37,1403.59,115.16,205.32,221.45,4930.15,1.79,100.0,137.47
67.08,3109.4,55.77,144.59,78.76,100.0,0.33,99.05,62.73
100.0,948.83,90.31,285.36,131.56,3170.23,5.78,99.78,61.02
25.41,2910.6,175.34,339.05,169.17,8675.12,1.53,98.84,131.65
80.18,2075.24,124.93,186.9,246.51,4505.81,1.62,99.53,94.98
77.93,1705.37,164.63,158.28,141.51,4810.38,1.57,98.11,99.91
35.53,2164.9,193.48,227.32,230.7,1078.98,1.49,97.66,49.29
75.14,2561.34,111.15,210.31,284.94,2574.98,5.58,99.06,76.05
61.72,3004.72,130.37,159.99,134.42,5871.8,1.84,99.19,78.62
50.45,2267.2,104.91,237.7,470.06,4163.45,1.33,99.13,75.76
38.52,1424.51,79.37,275.05,307.76,3003.99,2.91,99.0,180.8
40.62,2086.94,72.35,137.13,204.52,7335.29,0.58,98.92,179.84
96.0,3319.76,162.16,403.36,163.64,3737.94,0.43,99.67,140.53
55.01,2991.37,130.43,77.36,130.02,2658.32,1.16,100.0,98.86
70.64,2684.13,212.33,131.86,329.51,5072.83,0.03,100.0,71.51
39.18,2604.98,168.6,218.72,198.94,3533.07,0.69,99.97,53.62
39.4,2537.62,83.44,379.75,50.51,3530.78,1.09,97.6,108.66
76.64,2859.13,162.02,154.99,25.91,4890.01,1.73,99.94,145.95
28.01,1728.36,104.75,114.74,190.12,3841.58,1.57,99.93,126.12
46.7,1099.44,180.84,243.94,192.1,1999.54,0.92,99.13,99.08
55.68,2096.3,95.68,180.11,97.47,6005.42,0.84,99.85,121.72
57.23,1475.69,67.38,253.22,43.7,6558.66,0.0,99.45,94.24
51.42,1309.49,80.21,194.34,5.0,4548.93,4.26,99.19,83.89
62.92,1543.8,82.77,131.43,111.66,6116.3,0.53,99.38,54.45
68.86,3787.72,77.99,387.91,147.35,4335.97,0.89,98.81,81.83
69.69,2143.29,91.37,1.0,242.26,1562.08,0.04,97.91,107.14
35.28,2301.34,162.83,345.62,168.27,6613.56,6.29,97.89,78.33
49.32,1192.35,209.8,274.66,275.76,4821.47,1.36,99.84,49.27
78.9,757.37,53.49,140.35,234.46,5271.8,0.05,98.48,99.58
72.89,1474.66,183.18,349.79,226.19,4808.61,0.58,98.13,107.15
27.54,3054.74,96.11,90.29,268.13,4673.16,4.23,98.12,80.24
62.03,2281.99,137.39,280.65,55.2,5255.69,0.94,98.87,94.12
15.44,2467.02,37.29,33.39,131.74,5290.2,2.34,100.0,1.0
55.94,2565.0,146.2,108.33,396.13,7274.36,1.9,99.1,124.67
92.96,1634.06,19.73,108.13,8.44,5788.67,1.28,98.2,106.53
36.04,3019.58,135.7,139.95,153.2,7117.77,3.58,100.0,151.62
38.31,1605.03,132.86,200.93,222.85,7712.68,0.08,99.43,86.48
70.28,3032.36,129.55,133.92,11.08,2099.51,4.87,98.96,124.35
24.14,2357.61,83.25,37.09,112.26,7298.02,2.53,99.54,142.14
42.34,795.67,147.48,237.08,359.64,6175.58,3.99,99.21,95.99
66.93,1524.39,139.55,203.92,195.34,5879.14,0.03,98.7,108.77
42.31,798.54,109.5,232.71,128.3,6781.22,0.18,98.82,100.71
50.28,2862.3,153.59,213.75,198.94,4523.36,0.46,98.33,31.04
69.88,2030.69,115.22,276.34,128.13,6084.65,1.8,98.87,110.48
63.43,488.16,146.44,193.96,334.13,3096.0,0.19,99.85,57.34
60.34,2311.02,113.71,281.0,90.81,2458.31,5.36,99.83,60.67
48.22,1671.99,130.84,137.94,132.95,5957.04,2.76,99.08,115.97
62.4,1009.34,148.74,142.51,45.7,4874.96,3.3,99.08,146.72
52.53,3222.58,100.1,310.08,153.41,4994.76,1.75,98.48,126.23
64.16,2123.1,58.31,308.45,164.29,3564.24,1.99,99.48,118.28
45.06,1842.6,133.8,245.9,287.61,5704.12,0.5,98.23,108.5
51.35,1768.4,179.47,128.87,88.49,4232.59,4.82,99.78,129.75
35.2,988.7,134.96,122.43,223.53,4916.19,2.09,99.49,162.37
54.3,1134.82,135.91,306.25,187.81,4123.97,1.08,99.01,71.93
38.78,2947.44,117.89,301.81,9.67,3556.29,4.27,99.5,73.24
32.72,1716.28,156.96,194.91,114.72,4627.38,3.99,98.96,124.25
60.17,2063.45,110.7,387.35,111.14,7134.05,0.0,99.33,26.8
59.25,616.97,97.31,236.71,331.47,4148.66,5.18,99.35,91.04
70.66,1125.34,175.26,111.42,229.12,4772.08,0.9,100.0,105.44
46.38,2474.87,93.47,177.95,193.02,4522.81,1.1,99.54,73.29
63.16,2312.4,164.47,200.44,5.0,3853.2,0.18,99.93,18.3
66.02,3275.36,175.3,206.91,8.26,7212.63,4.2,99.48,150.42
63.9,2988.07,148.34,300.0,245.5,2549.01,1.55,99.16,71.02
38.49,1886.5,57.54,123.5,250.38,4846.32,4.72,99.56,72.8
57.99,2379.07,121.36,93.48,113.2,3481.68,3.04,99.44,148.13
62.28,1826.38,109.9,248.19,182.49,6021.01,4.57,98.95,1.0
55.14,3486.37,95.2,159.44,176.11,5241.04,5.92,98.21,155.45
13.27,2852.31,127.14,393.88,195.25,7128.11,4.34,98.83,184.05
58.21,2166.78,158.46,275.46,146.52,6322.2,0.47,98.83,59.42
99.25,2188.28,97.07,157.97,253.38,5146.88,0.15,99.59,75.43
47.8,3059.4,111.43,297.03,279.55,6339.82,1.94,99.15,114.53
40.44,2453.7,107.95,258.43,93.63,6504.36,0.34,98.63,105.02
62.47,3139.04,178.19,250.7,72.51,3357.5,3.98,99.08,134.39
61.25,512.45,107.14,190.22,108.35,6391.64,5.89,98.98,114.91
78.85,2370.86,58.28,233.64,184.38,5535.07,0.26,98.56,128.22
29.84,1687.2,41.33,31.76,212.01,5881.05,0.54,100.0,232.55
69.63,3277.46,138.14,305.37,250.96,4266.38,1.96,99.07,31.23
66.81,3130.48,81.97,1.0,267.43,3462.17,2.58,98.65,148.7
52.16,2070.99,153.44,164.63,212.62,3138.41,1.44,98.04,154.17
61.77,3122.94,53.44,72.34,200.66,100.0,0.92,99.26,51.08
75.59,3296.18,93.05,159.93,328.4,3723.19,0.73,99.56,63.05
72.45,2100.08,53.47,194.07,180.45,9390.66,2.19,98.74,115.08
32.14,3778.35,141.73,104.26,233.1,6480.34,2.73,99.3,45.01
71.4,2026.06,152.44,1.0,208.82,5573.23,0.68,98.44,70.42
53.71,1897.84,136.93,216.57,164.41,6729.87,0.79,99.04,104.57
56.46,2654.11,65.7,366.92,165.01,4531.95,1.23,99.96,67.65
56.46,1800.35,82.71,171.9,298.98,4294.56,1.2,99.04,85.9
52.0,2107.74,131.72,276.75,171.88,4477.58,3.7,98.75,60.32
78.83,3034.6,35.61,320.35,148.26,3675.2,1.15,100.0,57.31
53.33,2061.45,107.94,48.0,113.66,3823.34,7.67,99.34,113.86
32.61,861.49,195.85,163.42,218.03,4971.55,0.74,98.85,90.95
47.13,2305.12,111.0,97.89,133.91,5116.03,2.36,98.59,99.94
58.57,1560.59,45.57,135.5,209.86,7387.17,2.85,98.4,123.17
79.58,2653.69,89.63,336.16,196.0,6844.37,1.99,99.5,102.35
67.06,2535.33,88.47,217.89,141.54,2326.01,0.91,99.74,81.59
37.99,3077.98,227.02,263.11,54.4,4469.98,0.6,99.2,59.78
100.0,2683.27,203.28,196.49,87.37,3009.88,1.85,99.06,112.96
60.3,2811.17,156.55,103.16,101.53,305.02,2.15,99.61,174.78
80.51,1579.63,102.85,254.25,89.64,5157.05,0.6,98.21,130.22
51.97,2610.79,180.03,300.21,220.97,6039.0,0.82,99.25,34.8
65.67,3425.92,63.33,225.39,371.63,5128.39,3.96,99.21,14.02
71.79,1565.95,173.83,239.13,134.01,5786.43,3.33,99.49,65.6
79.36,3307.82,166.4,101.22,145.42,4397.48,0.41,99.54,33.51
76.15,1663.45,112.43,256.55,127.39,3150.07,5.42,98.91,43.61
72.44,1451.62,176.96,307.68,257.19,4339.38,1.98,100.0,1.0
48.7,2255.34,97.64,232.37,218.37,7463.82,1.37,98.44,104.32
43.57,2549.14,56.75,56.26,178.5,5674.32,0.45,98.87,48.67
61.65,2686.23,168.9,330.85,70.82,2262.68,2.62,99.8,48.28
73.66,1374.77,115.74,124.41,92.9,5234.12,5.07,98.76,68.46
50.55,2352.18,150.09,231.02,195.78,7292.81,0.13,99.28,69.3
76.3,1568.11,211.04,276.24,200.1,6370.41,1.47,98.83,84.51
84.05,1005.75,83.89,286.37,178.55,7316.26,4.19,98.93,38.98
36.67,1397.88,112.83,56.0,239.84,2320.64,6.1,98.29,134.4
38.26,1522.37,198.48,209.38,69.97,5226.41,0.15,99.73,106.16
52.19,2413.12,153.44,204.08,207.32,4373.13,3.13,99.75,111.55
61.15,2854.55,85.01,315.12,202.32,6070.95,0.66,99.75,77.4
44.51,1016.76,72.25,236.7,93.79,3471.59,1.56,98.9,137.98
82.04,2294.37,93.6,315.85,125.56,3440.18,3.06,99.43,114.54
63.48,1224.31,83.08,243.19,242.38,4994.48,1.58,100.0,102.62
55.79,2488.36,131.87,194.07,77.53,3340.85,0.23,99.4,134.93
26.28,1612.09,123.92,215.51,401.74,5466.97,1.79,98.39,28.18
28.68,1312.07,133.96,321.89,230.02,1329.53,0.25,98.6,102.76
60.62,2607.77,77.96,96.25,174.84,7116.33,0.85,98.57,68.22
12.35,1637.15,116.46,272.48,157.31,100.0,1.63,100.0,65.95
75.25,1826.83,17.22,149.79,250.94,6628.5,9.52,99.48,126.97
51.84,494.01,127.25,132.6,142.98,3954.36,2.6,98.1,149.87
100.0,2710.59,178.77,281.87,146.67,2390.83,0.72,100.0,145.9
100.0,2622.64,48.76,129.35,310.73,5305.99,4.18,99.6,95.27
51.37,2051.82,144.17,230.17,137.56,6594.11,0.51,99.32,82.05
52.87,978.69,89.45,160.88,192.25,7085.3,0.97,100.0,144.64
74.91,2894.56,160.13,11.45,111.58,7026.42,2.08,99.04,55.72
89.06,1581.62,127.93,238.22,203.31,3454.81,1.06,100.0,162.88
22.24,1730.65,140.24,210.11,232.26,5368.73,2.62,97.65,79.56
19.27,3666.43,123.24,47.19,331.46,1799.52,2.1,98.69,93.01
42.56,1555.45,186.42,144.11,95.64,5142.73,2.2,99.75,73.67
66.65,2567.55,137.37,55.44,49.69,5608.58,1.09,100.0,96.4
64.94,2441.46,84.73,258.54,155.99,4324.76,0.11,98.35,58.57
76.4,2321.12,124.94,311.04,124.46,1695.77,4.12,98.91,80.1
31.01,2245.4,101.56,267.96,178.61,3931.07,0.15,99.32,101.15
8.68,2311.47,128.12,279.13,226.98,8433.17,1.25,98.54,90.74
72.16,2238.36,99.01,158.57,383.85,5703.83,0.72,99.02,1.0
38.44,2011.66,86.16,243.75,139.37,4127.58,0.7,100.0,193.96
14.63,3105.9,129.96,199.27,5.0,4713.49,0.51,98.48,158.27
57.9,1129.14,122.79,214.83,158.58,5692.31,0.63,99.03,48.4
70.86,2763.02,173.2,276.59,211.55,2211.41,6.22,99.39,70.14
52.56,2623.64,99.25,294.04,92.73,2304.98,7.15,99.53,88.14
45.84,2536.88,20.96,168.82,201.03,3674.86,1.69,98.59,121.59
51.81,2829.89,101.81,87.39,192.37,4079.65,1.49,99.08,113.89
47.59,1983.18,38.68,185.01,203.39,8229.13,0.1,99.0,51.05
28.04,739.72,140.78,182.46,251.22,5127.18,3.26,99.41,188.7
40.71,1997.4,36.31,222.77,172.56,4069.57,0.37,98.38,79.14
65.43,1354.16,70.58,266.64,229.28,5101.74,0.31,100.0,167.2
61.43,1535.7,101.88,46.83,18.09,1355.27,1.1,99.38,70.84
58.36,1178.31,197.2,146.33,93.39,3372.64,0.85,99.95,137.27
35.1,1713.86,66.36,122.89,149.26,3652.73,0.2,98.8,110.03
51.37,1630.36,120.62,300.07,89.54,3163.02,0.32,98.35,60.78
11.46,383.7,149.0,183.33,180.59,7222.07,9.74,98.53,118.51
58.57,2538.16,194.2,158.97,149.06,6188.14,2.65,99.69,102.33
83.58,3602.23,158.89,243.06,139.04,2821.03,1.83,98.89,131.88
25.52,2472.37,174.7,152.56,259.54,2719.69,0.72,98.07,63.97
43.28,1905.95,163.22,198.78,187.54,2733.03,1.12,99.33,91.64
61.58,2009.68,59.54,345.13,82.47,4663.88,1.98,98.98,127.35
80.06,1753.31,137.98,342.9,125.7,5360.23,3.07,98.99,21.89
46.04,2111.03,162.43,167.41,247.79,5749.04,5.85,98.0,48.83
41.15,2022.09,72.17,185.41,197.97,3174.06,0.26,98.14,96.61
15.62,1459.27,91.01,150.48,287.63,4678.94,0.43,98.82,102.2
57.07,3226.02,79.84,45.93,256.19,4899.41,1.68,98.55,91.18
95.84,1006.99,158.63,282.9,144.98,7154.49,5.58,98.8,126.93
60.55,2550.83,116.54,393.71,309.2,6393.58,1.2,99.78,90.99
54.55,1977.16,103.96,164.52,316.6,2416.53,2.01,98.46,135.9
61.44,3378.58,55.92,134.66,19.31,1609.24,0.7,98.57,107.94
54.78,2286.61,116.63,178.17,182.86,4800.18,3.34,98.83,50.29
38.74,1796.07,91.62,206.8,130.51,3852.99,1.86,98.53,101.47
71.47,1874.6,132.17,109.16,156.56,3270.28,0.96,99.05,91.86
59.52,2075.93,62.85,163.32,106.55,3638.48,1.56,99.92,68.16
55.35,1248.05,128.9,281.19,95.27,6043.18,2.37,99.0,34.31
35.49,1511.19,98.05,210.19,261.11,2293.4,0.48,99.38,47.81
81.07,798.54,57.54,301.63,74.87,8327.02,0.84,97.58,61.09
68.29,1401.92,53.64,229.18,188.4,3708.45,0.58,99.26,137.35
43.94,2113.73,61.15,112.89,58.58,6138.56,6.45,100.0,82.01
75.04,2258.12,109.68,153.92,294.25,3795.73,0.09,99.27,143.88
45.05,662.47,126.05,219.87,182.7,2267.12,0.12,99.29,54.11
39.36,1951.95,133.49,110.19,247.08,4737.29,0.88,99.4,66.76
39.81,2442.39,135.38,99.81,197.56,2742.77,1.54,100.0,72.51
19.58,1933.96,82.07,104.62,157.21,5264.78,0.8,100.0,83.35
64.43,1604.35,172.92,241.26,186.15,4954.64,3.89,98.48,104.61
18.38,1759.49,97.89,170.7,315.66,3749.7,0.37,100.0,120.07
30.43,1669.47,142.51,294.6,99.23,5272.58,0.91,100.0,145.23
13.49,1602.29,111.79,128.29,5.0,6869.91,1.34,98.0,7.03
53.28,2169.68,138.78,3.41,109.18,4802.1,0.45,99.22,175.96
51.99,3663.38,109.28,189.54,71.18,3688.59,0.69,99.57,52.56
48.47,1527.41,139.68,331.8,267.12,5719.89,5.89,97.24,99.01
34.15,1825.3,119.63,202.77,164.18,5794.83,1.47,98.72,133.43
31.56,2011.81,160.69,90.23,254.47,4487.18,4.08,98.7,120.69
64.29,1566.85,79.07,70.06,182.87,7472.25,0.63,98.75,139.82
43.99,2816.77,31.51,295.83,180.78,4460.83,1.9,99.93,135.71
61.33,388.38,71.33,135.41,194.76,7678.29,2.88,99.16,111.68
37.3,1676.26,173.45,323.34,313.2,3821.49,1.09,99.49,125.01
58.62,2620.82,112.27,252.33,196.79,6530.68,1.96,99.26,45.48
81.07,1842.13,124.6,138.43,279.83,4604.37,3.98,100.0,66.6
66.72,1473.41,67.32,293.37,274.06,5483.38,0.3,99.9,56.05
46.75,2356.53,123.28,126.09,165.3,1352.85,0.88,99.19,1.0
60.14,2682.44,68.86,84.21,173.35,8903.71,3.47,99.02,57.44
50.19,2195.44,76.21,130.66,146.0,5570.48,0.53,98.71,53.61
55.16,1487.15,99.88,261.5,295.49,6830.18,1.62,98.52,57.75
48.49,2367.34,142.25,291.04,95.3,2520.17,1.15,98.36,121.7
51.71,1766.57,147.59,168.32,114.93,5308.86,2.19,99.89,64.34
59.24,2569.63,148.95,50.54,155.14,4677.04,2.21,98.57,128.79
35.13,3086.28,40.6,75.46,76.67,3096.31,1.73,99.65,32.31
34.68,224.1,119.67,114.59,126.78,7313.51,5.87,98.85,68.86
27.23,2125.75,110.16,96.48,282.25,5263.29,0.39,98.67,79.38
22.99,832.99,43.39,221.23,238.63,4902.51,3.6,98.97,142.45
30.65,3757.25,120.8,355.05,142.13,6124.55,1.34,100.0,97.46
58.19,1720.31,107.48,263.66,252.25,3461.57,2.17,100.0,106.66
37.14,2570.46,145.58,109.74,367.37,5290.32,0.64,98.94,51.11
65.27,2023.28,124.06,144.45,208.18,5162.33,0.2,98.88,129.06
55.69,1485.84,92.53,160.06,307.83,5241.44,3.01,99.87,92.65
15.63,1402.56,166.29,231.14,256.64,6849.15,0.58,99.31,24.86
68.1,3157.98,8.94,325.7,153.5,4235.95,0.99,98.74,123.02
71.22,2717.16,116.79,162.61,197.76,4046.05,0.1,99.54,106.67
35.12,3408.51,31.84,323.1,227.37,3894.13,2.1,99.74,81.24
63.4,2086.82,74.39,368.31,112.95,3819.63,2.33,99.03,81.2
37.87,2249.54,146.24,172.01,5.0,6984.2,4.64,99.05,52.18
56.95,1860.97,56.29,169.95,104.93,4872.76,4.43,100.0,141.34
29.71,1847.04,48.81,171.15,5.0,6841.05,2.44,98.63,124.08
19.14,1318.68,239.1,205.0,112.37,5487.84,0.78,98.82,52.66
47.34,2106.81,52.04,171.35,26.33,3426.58,0.94,98.88,97.02
52.53,1495.53,202.53,270.73,259.21,2287.47,0.96,100.0,66.63
47.05,2357.34,111.39,76.09,73.57,2386.35,0.28,97.82,43.98
31.32,2167.01,93.76,157.23,228.97,3396.45,5.89,99.78,157.22
47.0,2249.38,148.34,226.33,248.99,6835.5,3.41,99.18,80.85
60.39,3220.59,186.83,269.61,243.14,7341.43,0.31,100.0,61.36
54.1,2021.6,62.7,375.62,11.85,5167.32,5.85,99.45,47.39
58.65,2577.71,94.49,96.88,281.04,6668.44,3.71,97.69,85.34
41.6,3484.06,162.34,147.84,217.83,4001.02,5.02,100.0,10.2
78.43,2962.63,134.4,18.69,252.38,3869.91,0.67,99.03,88.91
31.48,2855.22,175.1,111.21,344.69,6387.39,0.82,97.77,143.43
64.75,1833.32,145.76,58.49,251.49,5299.28,1.27,98.92,132.09
78.64,2208.75,210.41,158.3,73.56,6320.27,0.51,99.23,114.27
64.62,1125.21,128.93,181.73,238.8,5092.21,1.25,98.47,191.2
50.95,2397.24,131.09,237.56,44.67,4324.34,0.02,98.13,105.25
44.43,2240.12,136.09,176.11,174.33,4611.66,4.2,99.41,58.55
75.72,2064.37,112.88,237.59,134.71,5552.84,0.35,98.33,128.39
26.54,2767.04,162.4,209.13,180.91,5431.75,1.39,98.48,100.39
35.6,1202.56,131.85,117.33,44.14,3322.56,5.29,100.0,96.6
47.05,3192.4,159.41,65.1,54.51,4780.94,3.44,98.97,106.83
79.75,2679.24,167.22,246.69,139.56,2263.0,2.99,98.35,79.15
62.6,1998.56,141.42,331.72,159.97,4371.59,1.86,98.57,169.77
35.64,1943.89,145.09,402.83,141.68,3342.64,1.15,99.47,29.88
48.79,2384.43,69.48,274.84,310.54,100.0,1.18,99.5,127.64
42.71,3112.6,92.48,316.6,218.13,8978.03,0.18,99.67,100.32
40.8,2119.13,162.17,236.92,215.66,3609.87,0.13,99.76,113.22
74.58,2148.82,191.18,224.16,145.59,3305.66,3.71,99.43,79.79
27.57,2060.68,22.98,208.88,54.74,7921.26,1.05,99.63,155.56
87.18,3295.42,91.61,191.54,179.63,2890.38,0.11,98.87,130.38
71.56,1789.78,121.18,248.57,342.65,2387.5,2.18,98.42,64.19
76.82,2027.34,76.04,158.35,200.19,4630.27,2.3,100.0,139.78
45.74,3072.4,78.87,188.2,280.19,4109.05,0.52,99.82,107.01
52.0,2150.91,143.75,105.76,291.55,3849.16,1.06,99.0,71.66
26.34,2843.94,199.07,237.99,230.36,3348.85,1.7,98.73,27.3
44.51,1410.1,18.41,123.27,199.82,4660.54,1.81,100.0,125.75
64.87,1904.3,111.48,202.7,91.1,7945.68,1.43,98.57,66.04
80.92,3087.1,143.16,240.04,161.24,2100.84,0.91,99.36,116.07
32.86,1574.56,159.01,246.87,147.52,6513.09,0.14,98.73,153.47
47.69,1942.09,135.96,261.72,209.7,7760.64,0.05,98.91,62.55
51.97,2227.68,208.07,182.94,52.73,3872.85,1.23,98.67,148.79
27.08,1355.59,121.45,238.89,131.64,5677.51,0.45,97.69,49.05
66.83,1758.33,185.6,161.07,216.36,4780.47,5.58,99.47,154.32
40.52,2126.85,87.68,42.33,116.81,1905.28,2.05,99.66,167.83
51.09,2080.68,122.9,242.42,97.6,7194.18,1.76,98.73,130.99
45.96,2944.25,59.36,223.88,108.77,5063.4,1.04,100.0,112.54
39.21,3127.02,165.04,281.07,155.48,4062.23,0.8,99.4,130.62
54.86,1448.74,113.98,197.98,5.0,2261.0,0.4,99.32,81.53
50.69,2125.89,137.89,71.75,112.85,5937.62,0.12,99.47,41.89
47.56,2519.97,104.33,192.67,265.75,5273.81,2.01,98.78,65.41
40.43,3109.44,149.32,270.93,209.15,6090.45,3.02,98.52,186.54
61.39,2550.94,139.87,238.08,217.8,5999.48,3.9,98.67,48.42
88.07,2251.64,70.27,188.26,15.51,3536.24,2.58,98.82,133.37
57.8,2514.58,73.16,66.92,142.72,100.0,4.55,99.59,90.56
74.92,2519.64,118.61,117.92,169.57,4802.11,8.13,98.94,80.71
27.2,1398.6,152.98,238.18,221.79,4681.08,6.52,99.63,162.56
58.16,2182.96,213.14,66.79,279.98,5294.87,1.79,98.32,98.71
33.05,3069.41,135.15,174.54,265.93,7732.18,0.51,98.75,132.31
25.46,1902.85,170.38,203.07,127.32,4912.29,0.22,98.7,190.96
40.21,2138.61,39.36,291.99,129.38,6246.64,10.21,96.53,86.64
78.84,1878.24,220.65,249.16,307.08,5678.77,0.74,98.88,113.94
74.0,428.3,150.28,277.02,147.59,2507.34,0.07,98.47,123.18
59.86,2062.41,117.52,224.15,82.57,2677.67,0.99,99.52,82.11
24.35,2259.25,111.77,132.37,161.36,7076.45,2.76,99.71,114.68
51.07,1689.25,64.64,150.91,301.44,3416.96,4.43,98.22,140.12
61.03,1239.75,78.94,125.39,98.56,5664.49,1.3,99.03,126.3
58.51,1431.58,215.52,247.26,141.4,3156.9,0.7,98.3,99.68
18.12,2582.93,70.55,144.49,102.28,6343.58,3.01,99.43,1.0
37.19,3428.77,69.59,168.48,266.08,5445.36,1.4,98.72,37.16
53.72,3015.7,84.89,201.8,205.91,4463.89,0.18,98.83,168.38
65.73,1106.96,60.09,331.3,263.33,6199.85,4.37,99.05,56.81
11.08,2646.24,120.77,252.57,320.85,5467.46,2.13,99.4,141.71
51.76,1583.79,174.45,138.17,43.91,3699.92,0.08,99.24,45.96
57.86,1640.41,89.48,212.15,111.68,5021.51,0.02,99.48,56.46
71.99,1724.62,51.33,332.1,140.98,6204.4,0.18,99.7,122.2
68.86,2542.25,134.59,249.21,186.2,6993.85,3.45,99.11,157.17
66.65,2719.48,117.21,72.14,225.53,4768.3,1.31,98.48,121.03
39.0,1979.38,170.14,126.78,135.77,8215.62,0.82,98.08,109.26
16.84,1991.25,97.27,120.65,117.73,3659.87,0.57,98.67,40.57
47.14,2372.98,106.99,315.26,266.1,2197.68,1.41,99.36,9.88
75.03,2445.6,112.52,300.5,229.15,2460.09,0.17,98.23,77.7
82.87,2871.36,124.45,150.0,208.43,4982.09,1.92,99.95,101.18
69.21,1148.94,100.37,148.27,5.0,5021.64,0.96,98.46,92.93
63.59,2062.02,92.27,203.58,288.6,5226.08,3.91,99.12,183.43
62.59,1300.38,27.48,205.97,196.56,3797.5,2.81,100.0,33.32
43.88,2012.34,91.73,123.01,165.42,9006.29,0.04,99.07,82.81
52.4,1889.68,155.76,180.07,106.26,7719.67,0.36,98.44,161.81
88.38,2015.28,162.51,83.71,123.04,2940.28,1.29,97.44,121.03
36.15,1488.18,96.44,301.79,99.82,4816.53,2.15,99.48,51.23
87.3,1006.9,184.97,59.17,5.0,5088.71,2.51,99.42,6.4
48.56,581.89,118.56,58.28,106.42,6234.13,3.39,99.6,79.29
81.51,1956.17,53.11,234.8,36.09,2256.44,0.1,99.28,54.53
26.86,1746.3,37.38,101.05,174.56,1914.57,0.04,98.82,77.2
66.72,1574.84,180.91,159.92,76.43,2805.96,1.84,98.65,186.49
40.26,2973.78,101.35,205.05,245.69,7707.39,2.57,99.23,54.5
26.69,1446.39,59.3,254.02,30.21,3821.53,3.09,99.89,69.13
59.37,3039.78,7.04,182.31,287.53,6455.35,0.34,97.13,131.54
75.19,3184.69,100.21,342.33,255.3,6059.9,6.93,99.86,106.77
38.1,682.37,140.24,199.96,84.04,4676.57,0.52,99.0,154.95
25.02,2112.67,85.12,295.26,171.52,6489.39,0.58,99.08,127.75
53.16,1768.21,67.34,222.28,103.11,2790.46,0.34,99.69,67.39
53.25,128.0,92.53,370.5,232.07,4151.42,0.09,99.08,115.59
65.97,1036.75,182.16,284.67,341.99,1009.92,3.32,99.36,99.66
73.99,2590.46,50.35,203.48,286.3,5175.83,0.01,98.06,24.6
53.81,3461.44,87.91,250.31,118.1,3573.82,1.25,99.01,181.48
92.11,2679.87,180.54,179.13,190.32,8941.87,0.19,99.55,52.59
59.48,2274.54,144.71,178.33,317.0,5105.63,0.09,98.93,90.7
48.07,2033.07,128.96,95.73,227.18,6474.85,5.46,98.97,76.12
22.77,3225.86,87.58,135.34,270.91,6175.07,3.49,99.31,99.67
49.75,3551.77,121.53,364.88,238.61,4860.23,1.0,99.5,102.72
48.27,1637.21,93.11,103.68,186.86,6785.76,1.23,100.0,118.14
74.21,648.01,77.03,147.56,173.75,5059.53,4.05,99.51,75.97
64.25,579.27,66.0,192.5,71.02,5856.06,3.19,100.0,138.29
31.41,2973.32,159.2,195.17,111.08,9244.39,2.35,99.13,67.84
58.45,2015.06,116.98,230.7,98.84,5346.08,1.54,97.54,73.73
68.43,2176.27,135.73,162.47,148.38,4049.98,1.87,98.9,26.2
85.56,794.54,127.58,235.63,188.96,3725.93,1.0,98.63,104.2
72.75,1520.77,142.05,291.39,170.29,4850.47,1.5,99.16,155.8
70.22,1841.16,107.26,301.33,199.43,5210.93,1.55,98.98,85.08
56.2,2193.49,95.92,178.6,239.78,5106.47,4.0,99.38,165.6
62.77,1768.99,79.24,248.91,142.6,2152.41,0.49,98.73,51.39
79.99,1321.87,49.3,108.31,246.42,925.6,0.57,99.35,40.69
28.34,1498.8,63.9,142.26,282.44,3256.3,0.47,99.46,150.54
48.01,2893.83,101.73,106.1,217.36,5105.68,1.73,99.22,88.23
39.55,2219.35,39.85,196.34,130.99,5113.74,2.38,98.18,56.03
62.58,2476.51,50.89,131.26,265.2,5818.16,0.54,99.83,105.51
79.6,1418.79,172.11,78.34,223.44,5653.41,2.26,99.63,108.3
43.06,128.0,131.21,169.12,235.69,4100.86,1.98,99.07,132.81
7.19,1681.83,97.41,61.71,318.17,3162.78,0.77,97.93,81.76
46.76,1441.4,233.58,306.18,243.85,5937.91,0.52,99.41,40.76
73.27,2292.31,37.59,155.4,321.68,5407.01,4.27,98.83,84.06
65.75,4348.01,168.78,278.83,166.64,3032.22,1.69,98.82,94.21
63.56,2534.62,114.43,160.63,141.17,6124.6,2.43,99.15,140.06
49.4,3963.17,159.25,104.4,283.4,6722.67,5.19,100.0,34.66
29.42,2446.14,125.45,294.04,91.28,6421.04,0.46,99.3,79.94
65.31,1607.08,26.39,207.1,349.96,6736.05,0.86,99.12,106.73
38.31,2291.54,124.77,350.95,297.17,3648.91,1.14,98.83,156.82
98.68,3294.45,136.78,162.68,187.89,6533.24,0.53,99.22,68.24
66.41,3328.69,10.4,164.41,288.11,4715.89,3.67,99.2,62.46
43.39,1645.26,217.2,280.38,239.61,8680.68,0.17,99.62,121.6
42.77,2225.23,135.56,280.94,63.9,6609.43,0.55,98.83,3.91
53.14,1047.51,153.6,212.27,106.53,5772.92,0.42,98.63,72.33
50.21,2625.27,61.72,466.82,205.72,8089.27,6.13,98.89,118.63
77.34,3135.35,154.53,177.56,194.36,4088.67,1.97,99.14,109.11
58.73,2075.86,174.48,98.44,297.73,5991.23,2.52,99.19,103.09
40.37,1580.83,132.68,119.8,207.19,9024.05,0.23,99.19,29.39
92.81,2300.09,119.53,178.02,65.82,6463.74,0.43,98.51,43.99
55.99,2340.22,75.32,321.5,130.92,5272.6,3.32,99.14,148.71
70.38,2104.8,109.19,185.09,246.88,4514.33,1.68,99.68,91.22
42.84,2173.1,94.4,325.28,15.96,3257.11,0.09,100.0,86.26
62.26,1926.33,148.6,234.75,52.98,4478.8,1.67,99.89,63.42
61.22,2745.17,77.51,286.67,146.46,3526.11,1.29,99.16,95.74
17.21,2563.36,148.23,230.97,263.4,4585.62,0.33,99.09,75.47
95.31,1359.83,78.05,230.34,160.49,4801.66,1.8,100.0,129.28
80.81,1340.59,106.88,260.22,221.48,6779.75,0.38,99.12,52.85
47.06,1869.94,150.8,154.66,180.43,4264.49,3.34,99.81,128.39
32.95,2563.79,84.81,155.54,167.32,3926.06,1.93,99.18,160.77
61.95,2151.64,152.53,227.96,121.16,6597.02,4.1,97.52,119.71
56.73,1597.79,147.65,355.29,255.58,6254.05,1.11,99.66,45.64
62.11,2231.06,106.45,76.74,67.12,4561.79,1.43,99.88,127.85
58.83,1816.43,178.09,37.67,158.97,6081.62,2.86,98.97,75.41
65.12,2664.34,123.89,178.9,283.15,4528.35,1.58,98.39,74.07
83.95,2281.14,175.11,282.47,111.22,4616.27,1.7,100.0,100.41
66.36,1827.31,209.67,204.11,39.93,7796.96,1.61,99.1,85.11
34.01,2210.06,107.93,106.45,5.0,4751.91,1.35,98.96,76.44
82.25,2968.53,152.25,206.33,239.96,4269.48,3.28,99.51,122.44
87.81,1649.26,88.12,61.36,246.03,5032.18,1.33,100.0,99.62
100.0,2329.86,68.36,250.31,149.02,1462.36,4.62,99.54,18.53
32.53,1998.68,110.23,175.27,65.61,4697.69,3.31,99.32,135.92
59.86,2346.89,51.87,193.44,166.85,5458.52,2.36,99.25,142.96
13.36,1589.8,73.12,234.17,286.03,8566.5,4.58,100.0,119.06
66.06,2125.23,149.57,216.46,65.76,5166.28,1.54,99.57,121.42
44.04,2823.48,94.32,156.7,275.24,5788.25,3.45,99.8,86.11
93.47,1392.1,155.53,282.69,27.43,5623.58,0.55,99.41,47.15
39.51,1117.42,134.97,263.75,77.67,9083.48,0.15,99.58,102.11
21.22,1143.98,212.56,58.06,189.83,6804.86,2.31,99.01,156.93
45.57,1228.54,146.22,181.58,265.29,2388.2,0.72,99.32,105.91
15.49,2464.73,175.71,113.58,312.45,7212.49,2.01,98.72,161.46
70.02,1063.9,140.09,98.56,269.26,3299.13,0.16,98.84,163.4
13.7,1839.47,135.57,242.81,319.7,3823.46,6.23,99.54,93.56
55.57,2480.8,178.24,166.46,196.39,2660.47,1.45,98.71,76.45
13.44,2339.66,153.44,188.58,124.06,8280.2,0.02,99.29,77.84
48.59,1778.11,130.5,146.43,286.57,7135.42,1.29,98.94,89.94
87.87,2181.65,130.28,229.61,302.72,7215.19,3.12,98.41,56.04
62.21,2123.0,146.91,254.27,263.77,6864.6,4.01,99.36,117.27
37.73,1891.03,86.43,373.62,235.13,6243.34,1.24,99.74,133.27
54.38,1900.42,84.31,185.52,305.28,4424.55,0.27,98.28,20.98
55.36,3612.8,191.27,84.13,210.78,5370.89,4.73,99.63,166.37
64.45,2614.52,213.22,159.69,178.15,4070.58,7.94,98.42,73.88
27.66,3784.46,73.56,267.76,245.3,3467.6,0.13,100.0,83.19
66.85,1700.13,86.55,138.19,222.98,3847.13,0.16,99.6,107.31
1.0,1988.52,177.13,81.43,259.68,9237.51,1.67,98.28,61.46
42.4,1115.51,146.68,139.85,168.13,4311.86,1.53,99.8,71.37
45.23,1481.3,153.82,157.33,261.83,6801.4,1.78,98.77,61.77
67.67,3379.34,164.83,113.39,257.19,8738.91,0.76,98.52,94.94
55.45,1682.58,107.96,217.4,199.2,6405.27,0.1,99.71,71.74
26.89,3391.5,136.5,193.68,112.47,3581.57,1.74,100.0,110.08
35.3,1177.65,132.61,263.18,291.66,3674.1,0.33,99.53,42.37
58.97,1310.57,77.08,164.33,71.13,5213.94,0.83,98.94,112.77
53.42,1809.14,135.75,244.65,93.81,9062.2,1.75,99.32,49.92
43.42,2003.38,181.89,160.62,195.12,7562.38,0.47,98.79,135.44
45.38,2694.16,103.29,109.63,5.0,5965.97,1.56,99.08,127.51
68.92,2363.54,127.63,156.56,318.87,4632.49,2.51,99.49,9.43
44.65,1756.58,130.34,70.54,181.32,5683.0,0.14,98.2,128.7
53.24,1954.68,105.77,343.06,318.55,5340.64,1.93,99.51,1.0
98.4,1824.66,153.85,211.4,342.36,5329.23,1.42,98.21,48.13
26.53,1407.74,86.0,136.37,166.07,3424.27,0.21,98.31,136.32
17.96,1426.43,186.63,169.79,301.39,3390.45,2.45,99.66,73.35
70.67,2767.52,151.31,3.96,84.59,5591.85,0.74,98.61,157.43
41.43,768.28,73.16,314.75,219.0,2912.63,0.4,98.51,123.31
48.64,3180.15,204.9,306.92,137.39,3874.8,0.66,98.99,77.83
39.38,1807.9,128.41,208.6,242.68,5053.36,1.58,98.79,72.06
49.8,1507.24,83.85,225.56,259.43,5595.43,1.74,99.36,155.13
86.97,2565.83,175.23,98.59,165.61,7008.35,0.37,99.32,75.84
71.04,3087.65,144.73,104.4,229.03,2744.51,5.52,98.51,20.59
72.24,2830.34,31.4,64.22,265.02,2750.0,0.8,98.0,57.87
26.68,2399.3,93.72,187.11,196.9,7351.37,0.62,99.06,99.93
31.98,2808.8,133.95,284.88,408.51,8017.68,0.41,99.97,63.58
1.0,846.45,12.02,169.34,167.66,3120.65,0.26,99.15,190.62
38.81,1682.72,124.25,227.82,329.03,3478.6,8.04,98.96,69.12
74.13,1410.18,127.9,278.31,283.09,5982.01,2.25,100.0,70.04
65.34,2905.25,60.83,70.07,12.61,5087.7,3.09,99.73,55.59
50.57,1779.57,133.53,347.65,314.37,5101.72,1.03,97.99,130.25
54.55,2639.78,120.37,292.59,276.66,3594.86,1.07,99.0,83.84
41.22,2423.1,60.44,241.11,190.27,6295.45,8.67,99.36,127.56
59.1,1444.39,165.98,273.93,213.2,4573.11,0.45,98.45,141.19
70.32,1637.13,161.89,277.69,224.35,4513.91,0.79,98.99,109.54
22.68,2953.67,105.51,223.41,303.78,2963.77,0.43,99.21,107.34
60.99,1505.16,110.07,314.26,142.82,6424.42,0.66,99.04,46.98
73.65,2135.41,156.31,163.79,322.74,4349.54,2.18,98.35,34.42
46.7,1500.22,109.97,236.94,82.43,4918.73,0.74,100.0,35.15
69.01,1828.23,23.45,305.73,21.59,7141.63,4.17,99.39,97.9
100.0,2015.69,144.35,1.0,233.41,3115.69,0.1,98.6,187.18
52.91,1499.99,79.34,235.04,293.31,4843.98,0.88,99.81,72.33
62.87,1375.69,100.51,257.97,163.84,2195.33,3.94,99.14,136.0
40.24,2248.39,192.89,63.32,5.0,4057.45,1.94,99.89,116.01
58.63,1456.68,113.3,222.55,45.82,7318.79,2.95,99.13,96.35
64.21,1480.54,120.09,136.5,219.27,2225.48,0.78,98.17,85.27
58.9,1390.66,145.48,231.74,179.1,5424.23,0.92,98.45,77.79
34.61,1993.46,145.27,192.4,295.59,7886.38,4.38,100.0,77.05
59.13,2708.59,74.04,124.29,186.56,5987.76,2.77,99.92,119.21
84.24,3102.57,116.99,288.77,113.35,3949.15,0.97,98.27,129.42
63.97,1539.86,121.81,166.53,207.82,2998.88,0.49,100.0,78.04
74.24,3553.22,133.6,221.6,271.41,1526.7,0.22,99.92,77.49
50.26,1344.71,134.46,305.12,301.61,7812.19,3.96,98.76,71.71
70.0,2806.48,249.37,126.66,170.01,4242.41,2.39,99.15,135.01
60.59,1542.81,61.21,200.64,186.07,1756.43,1.87,97.66,130.17
35.98,1438.35,169.0,160.37,250.13,3161.9,3.0,98.71,154.06
61.37,1526.67,179.17,178.23,112.63,3059.43,4.93,99.05,62.53
35.17,2011.29,144.64,372.49,246.31,4108.79,2.87,99.42,70.29
42.34,2453.98,87.48,236.54,159.12,9299.04,1.09,99.12,161.18
58.79,2516.91,203.23,225.09,173.2,6661.29,0.39,99.3,147.96
60.94,1387.21,10.4,241.93,180.24,5871.75,2.5,98.52,55.37
31.22,1355.24,85.84,234.42,191.66,7155.45,0.57,99.43,59.21
76.08,1406.35,178.58,53.93,352.24,8300.95,3.05,100.0,105.13
66.44,1970.05,101.49,383.74,137.79,5950.63,0.83,99.51,144.67
40.91,1900.89,199.82,82.85,142.43,7594.16,0.34,99.22,58.83
24.25,1382.88,44.41,338.61,310.21,3846.63,0.59,98.68,98.47
52.1,2236.72,64.39,249.44,220.02,3447.08,0.62,98.95,138.57
46.08,3631.8,93.42,214.46,249.08,3143.12,0.95,98.28,86.88
57.26,1694.7,140.87,175.56,87.28,5529.11,0.59,98.19,91.95
47.74,1744.54,108.9,408.41,202.18,266.22,0.51,99.15,151.86
14.85,2439.76,95.48,248.36,252.93,7384.47,0.99,99.59,78.29
47.23,1656.83,191.02,201.42,119.31,4111.4,4.05,98.6,145.72
48.89,2516.28,195.67,157.18,236.56,6487.32,0.15,100.0,89.01
67.67,1545.02,99.28,147.59,161.6,2494.75,0.7,98.81,51.58
41.04,3330.48,34.51,204.05,121.91,7000.25,1.65,99.14,117.27
88.57,2289.34,12.13,125.55,271.19,7489.13,4.15,99.86,70.35
16.77,1613.98,131.96,254.37,282.41,5185.24,0.67,98.98,48.16
81.22,1635.92,152.8,148.35,191.59,5950.0,0.86,99.64,173.59
50.51,1688.34,123.15,280.4,220.56,3152.78,3.2,99.6,111.77
72.19,3008.92,116.45,278.61,299.21,5081.99,0.93,98.73,82.24
56.6,1159.87,79.77,195.57,144.41,6750.12,3.82,98.75,82.97
77.79,1580.44,152.75,246.42,211.37,4454.59,1.21,100.0,156.23
47.25,1654.84,203.91,250.43,145.23,7747.48,1.68,100.0,159.2
33.03,2037.02,9.16,83.01,88.34,1790.24,1.65,99.64,73.21
83.41,1858.22,116.12,338.54,144.48,4408.43,0.25,98.59,105.58
52.73,1004.14,71.48,179.54,78.76,1541.88,0.88,99.81,80.31
59.43,1768.12,45.48,255.65,218.3,5569.09,0.55,99.01,125.72
79.7,1978.31,63.5,257.89,110.5,4616.56,2.3,98.31,80.85
34.36,1608.33,138.98,1.0,54.27,4683.43,5.43,98.75,17.71
66.91,2528.74,140.25,147.45,246.84,6332.0,0.48,99.04,53.75
43.2,2691.59,193.01,267.23,240.99,4489.24,0.19,99.96,136.67
52.36,1993.13,120.44,204.98,150.28,10052.06,1.41,98.64,66.2
56.45,2209.38,32.09,255.12,243.29,6455.35,0.99,98.52,126.41
25.0,535.26,108.09,207.39,107.45,5054.08,0.07,98.86,109.86
39.42,1753.23,50.68,298.35,146.49,3785.52,5.09,99.11,66.5
82.02,2751.38,59.66,209.12,216.66,3360.7,5.63,99.67,88.8
72.72,1751.59,149.03,313.93,273.04,5786.65,3.8,99.6,69.99
53.75,1531.92,129.71,121.6,145.58,4052.23,0.66,97.63,79.79
59.86,3642.38,149.38,189.79,126.37,6783.59,0.26,98.95,23.6
49.12,3321.35,102.13,152.53,268.43,4851.9,1.8,99.29,90.4
82.13,2375.3,159.53,231.09,235.14,4857.95,0.66,98.59,71.86
50.99,2845.24,99.33,177.71,193.39,5206.37,0.45,98.65,98.06
59.64,489.85,175.83,181.64,286.3,4726.36,2.05,99.64,116.08
77.92,1496.71,137.23,143.62,355.23,5498.86,2.78,99.68,119.83
39.45,1719.03,109.65,163.14,212.93,8725.12,1.5,99.08,72.3
86.18,1882.81,130.6,199.18,126.91,5973.47,0.77,99.48,69.23
24.39,1705.04,119.11,38.29,224.76,5762.02,1.44,99.52,88.94
87.59,262.98,199.81,15.86,106.21,6416.61,1.83,98.43,138.76
47.55,2318.22,132.27,204.73,291.79,4804.68,0.11,98.44,74.44
50.15,2428.56,119.92,1.0,116.85,3265.43,1.17,98.92,67.63
17.2,3169.33,108.08,184.55,162.62,100.0,1.82,98.71,50.97
45.9,1496.18,162.16,169.83,104.61,1308.51,0.28,98.78,115.3
34.2,1438.89,155.4,243.36,196.4,6346.3,1.19,99.13,83.35
42.85,172.01,106.31,146.24,199.57,5663.84,0.85,99.14,54.78
52.25,1842.5,62.22,325.56,246.84,4733.62,4.05,97.41,63.13
74.16,2678.78,74.9,267.85,190.77,9252.12,1.34,99.27,121.76
59.15,1619.76,110.79,79.02,184.16,4938.33,1.11,99.02,100.76
61.15,3548.41,187.45,177.25,128.35,748.83,0.56,99.36,68.23
33.09,1868.38,107.49,322.17,154.23,6350.89,6.32,98.75,117.97
37.38,2150.89,90.29,144.19,54.64,7089.71,6.5,98.76,136.4
90.97,1093.83,31.96,195.77,305.43,6296.15,0.91,98.93,121.25
40.3,2249.05,195.68,312.33,171.51,7116.31,5.29,99.95,103.27
88.12,662.48,148.45,156.75,327.66,1830.42,1.93,98.91,162.09
50.14,2533.59,159.8,289.84,169.11,5170.44,3.04,99.98,147.97
55.05,2555.1,168.08,127.2,8.81,3505.95,0.19,99.88,97.5
76.41,2999.5,111.76,1.0,139.46,5941.58,0.04,98.96,135.37
80.44,1334.02,124.23,298.28,179.77,7736.56,1.44,98.84,121.05
52.78,2160.39,194.43,235.1,185.88,4337.37,0.16,98.87,73.65
47.24,2442.67,128.98,240.37,240.92,6172.89,4.45,99.1,159.02
53.88,2357.6,149.38,112.56,195.65,3422.37,3.43,98.81,162.49
61.76,1442.29,163.53,118.93,149.67,4968.47,2.51,99.71,142.91
72.83,373.61,152.15,292.03,97.65,4074.42,0.06,98.75,120.21
55.08,2290.87,113.59,219.46,143.43,8241.8,1.23,99.8,132.83
67.38,1941.25,118.31,190.6,234.41,3056.33,0.16,98.55,81.61
87.77,1651.33,158.88,217.67,257.26,5158.83,5.28,98.03,138.82
62.63,2582.76,158.8,320.68,119.35,7464.76,1.9,97.94,43.41
61.23,2016.56,178.41,257.9,270.63,1499.07,0.34,98.82,81.96
24.62,1124.56,147.55,162.03,231.22,5776.25,1.64,98.63,1.0
2.39,695.98,149.83,87.72,100.16,5200.0,0.25,98.6,111.01
62.77,1257.73,97.69,247.04,202.2,3773.88,0.31,99.89,136.19
53.1,3723.11,90.94,126.08,213.28,7188.99,0.17,98.69,160.97
44.7,2553.94,159.03,105.41,84.2,8088.73,4.11,97.82,86.4
59.87,2180.03,91.29,305.26,57.72,6184.38,1.58,99.6,104.27
53.79,1920.84,118.96,269.79,222.64,4465.81,0.79,100.0,94.42
77.56,1874.82,188.95,230.85,139.12,2395.53,0.0,99.51,167.34
56.72,2865.04,181.03,100.93,316.09,5323.97,1.28,98.73,108.27
40.06,1704.58,135.09,343.14,334.9,4723.43,1.44,99.32,169.18
74.8,2451.84,105.19,282.31,222.48,4832.69,0.82,98.64,144.8
50.66,1804.1,113.83,175.7,265.66,4105.6,1.32,98.52,125.12
65.53,3406.11,163.38,158.78,87.85,3947.31,0.21,99.06,72.73
45.45,2567.6,118.18,206.28,60.13,5052.31,5.1,99.16,51.65
42.0,2919.89,92.09,161.73,167.27,2783.68,0.6,99.06,98.57
56.68,1638.91,180.79,376.95,64.21,6865.54,5.93,100.0,98.9
55.26,2788.7,129.08,169.16,207.69,3626.05,1.36,99.23,48.45
64.6,1829.2,91.14,114.57,109.47,5201.67,3.89,99.87,138.3
49.63,2125.02,143.95,327.07,197.14,4416.29,1.72,100.0,102.35
18.27,3192.53,168.56,154.48,164.42,6170.36,3.72,98.87,118.5
46.34,1318.06,69.62,262.91,237.36,6071.79,0.02,99.3,162.95
70.88,2190.27,109.98,254.03,209.37,5912.67,0.41,99.77,63.95
49.05,2354.6,107.67,195.32,143.65,2895.99,0.87,99.29,11.69
50.07,2412.0,142.61,122.16,56.85,4653.58,0.7,99.01,71.56
74.73,1732.45,151.6,196.15,194.63,7884.07,5.86,100.0,164.2
40.76,3508.38,92.43,106.41,23.18,4384.61,1.0,100.0,95.34
24.14,1141.55,45.36,198.1,292.15,6888.71,7.16,97.73,87.41
51.79,3069.22,171.59,261.82,227.6,4981.75,2.11,100.0,74.33
45.32,2898.55,64.0,337.42,255.85,4442.43,3.61,100.0,94.74
35.68,3378.62,133.56,112.97,92.75,5335.81,1.0,100.0,72.18
51.49,936.24,113.4,179.96,212.05,3502.03,0.42,99.73,75.32
64.83,1439.82,128.12,158.02,120.01,6619.77,0.1,100.0,136.85
54.81,3092.36,202.56,221.9,193.42,3462.94,2.14,99.82,198.64
61.14,734.07,271.91,78.26,90.14,5996.59,7.14,99.61,61.3
91.27,923.48,38.33,125.71,172.49,6941.5,0.25,99.29,73.56
48.14,1706.18,169.2,64.64,55.93,5766.31,2.95,98.45,72.69
60.57,2182.4,112.19,84.94,165.6,3975.77,0.91,98.24,158.64
44.82,3162.56,172.39,147.16,32.01,5334.27,10.06,99.74,125.34
38.07,1918.31,167.86,333.67,337.24,3678.41,4.08,99.73,84.71
43.3,1622.23,190.49,227.81,194.44,4619.6,0.52,99.17,74.9
45.42,2265.97,134.25,205.2,180.51,4058.09,2.9,98.6,157.5
62.19,2376.72,75.52,307.75,240.85,3629.76,2.65,98.41,96.65
100.0,2356.87,166.38,230.69,63.06,6135.04,2.88,98.95,93.43
40.68,1923.41,125.9,238.21,109.73,6771.09,0.17,99.69,8.58
46.67,679.44,108.31,162.16,227.8,6895.89,3.32,100.0,126.83
53.74,1405.67,96.19,149.01,194.53,5435.81,0.61,99.18,94.71
62.92,3042.19,170.32,95.11,115.23,7644.46,1.79,99.4,99.27
60.27,2178.95,200.17,151.91,238.32,3781.58,0.25,99.99,99.12
80.68,1822.23,60.23,177.56,207.25,7313.27,1.63,99.16,132.6
6.47,2830.72,151.1,227.58,225.5,6637.21,4.74,99.46,5.7
7.26,1256.92,101.38,197.06,215.08,5071.7,0.39,99.78,47.14
45.08,1890.26,46.64,170.79,118.67,5401.52,3.86,99.97,173.35
76.95,2144.43,127.39,127.07,173.17,6865.35,1.14,99.24,45.94
23.69,1739.04,78.34,231.93,12.86,6191.36,0.78,98.86,64.48
1.0,2118.53,41.11,160.18,134.03,5470.67,0.12,99.34,145.04
66.42,1916.61,80.91,228.3,157.92,4189.57,1.5,98.01,97.01
59.87,1068.46,68.61,46.94,236.41,3336.27,0.45,99.41,97.38
33.2,2175.03,87.67,226.91,226.09,5194.97,5.63,99.81,158.62
35.29,1118.15,53.71,259.75,112.31,2940.18,0.54,100.0,72.01
35.61,2163.93,100.24,249.56,110.32,6318.0,1.77,99.85,73.54
57.21,3009.9,84.34,184.26,297.63,1806.24,1.64,97.4,125.42
42.47,1851.28,138.78,273.23,153.55,5552.58,0.82,100.0,101.39
64.88,1227.96,149.68,98.16,190.28,4501.72,3.82,100.0,136.13
1.0,1959.11,133.01,192.86,250.67,4209.06,0.4,98.56,69.22
37.86,1465.62,108.23,184.53,172.84,4502.23,3.4,98.92,102.97
32.48,2464.16,106.88,282.91,166.35,100.0,0.47,100.0,92.08
49.87,1944.41,78.15,38.36,151.62,4204.59,0.08,99.24,79.35
44.24,3244.83,79.35,115.35,134.18,3438.16,5.76,98.79,43.71
70.96,2862.09,155.18,339.78,192.86,3460.97,2.03,98.67,78.17
17.81,1940.84,32.01,5.55,15.98,10617.76,1.99,100.0,73.45
55.91,2548.93,115.96,265.15,147.5,2499.95,0.62,99.75,145.12
66.17,1772.73,103.82,143.97,228.62,5713.05,0.3,99.0,117.69
92.13,2071.77,149.96,220.38,218.13,3567.94,2.45,100.0,112.77
45.36,1795.0,48.75,313.1,307.0,3358.02,1.46,99.14,87.72
61.49,2584.52,120.62,223.46,255.37,2575.75,0.77,100.0,59.32
18.92,3051.09,137.15,314.76,216.74,7030.94,0.76,99.61,103.91
7.16,2607.05,24.76,160.61,182.58,7167.95,4.4,98.96,151.73
71.9,2693.36,66.28,171.19,138.91,3883.52,4.41,99.55,60.66
54.89,2694.12,115.41,262.95,225.29,6641.85,0.64,99.58,113.15
78.57,2433.88,145.71,164.85,209.11,3135.51,3.16,99.76,76.87
27.53,1250.5,129.12,247.79,146.31,4278.02,0.51,100.0,94.78
65.4,3238.68,148.02,294.7,101.96,6222.13,3.3,100.0,88.77
92.38,3311.09,66.03,269.47,175.22,3197.82,0.27,99.49,112.99
63.39,1884.28,40.56,73.69,284.04,3669.24,2.84,97.86,88.75
60.53,1788.51,124.23,172.69,189.92,5044.1,1.62,99.81,74.87
55.17,2476.69,58.53,222.55,182.56,5067.13,0.25,99.02,31.92
23.58,2433.57,76.73,180.49,218.09,3059.03,1.91,98.02,103.81
82.11,1906.64,166.61,206.35,223.32,9019.35,0.43,99.68,119.42
42.78,1172.98,129.45,223.61,202.4,3481.11,0.43,99.51,97.5
65.09,2261.99,91.59,157.87,176.21,6714.99,1.19,98.64,92.08
23.74,2434.01,85.1,184.52,134.26,6072.54,6.66,98.37,154.47
31.41,2556.07,151.05,105.52,270.44,3550.33,4.46,100.0,159.84
83.7,2292.5,130.6,161.77,141.57,5833.87,3.5,99.55,137.86
48.05,1858.22,59.27,77.87,321.51,3486.95,3.81,98.65,108.39
84.07,2743.8,22.61,209.32,193.89,5127.53,1.38,99.66,98.88
53.44,2094.09,214.09,184.54,184.74,6483.31,0.94,98.91,52.86
18.16,1722.55,58.88,126.74,248.4,3995.21,4.31,99.58,18.76
72.84,1921.54,146.38,342.82,121.21,5740.67,0.17,99.42,149.83
43.2,825.82,195.53,180.37,231.65,3963.18,11.09,97.4,99.56
68.97,1920.43,127.38,222.92,190.37,5316.15,1.61,99.28,230.67
55.5,2529.91,89.98,148.91,216.98,5191.05,1.56,99.08,71.65
24.14,2285.85,48.7,166.85,118.48,4340.05,0.69,98.68,112.08
58.29,3112.46,48.0,225.95,117.63,1703.62,0.37,98.32,135.88
98.92,1863.92,138.83,173.42,15.07,6405.6,2.28,99.05,68.89
64.86,2389.12,192.55,200.26,138.85,8582.86,0.9,98.95,84.21
53.85,2602.92,100.23,264.55,134.13,5251.3,0.72,99.66,87.23
76.51,3688.0,92.21,158.56,119.94,3896.53,0.35,99.1,78.72
59.21,2149.34,154.87,93.43,169.61,5374.57,1.53,99.26,110.96
59.19,1317.07,85.7,77.9,185.78,7062.85,1.77,99.43,97.19
33.17,2641.55,133.72,315.08,224.98,7303.18,1.17,98.88,13.54
59.68,3354.01,122.09,274.49,230.92,6641.04,0.02,98.5,99.41
75.71,1822.22,99.53,252.46,238.54,5801.32,1.35,100.0,109.95
38.28,2636.76,119.22,165.12,242.31,6215.54,0.63,99.15,93.37
83.49,2908.11,208.16,93.35,204.78,5212.91,0.3,99.05,160.88
53.17,2759.95,150.23,177.42,184.97,3279.13,1.72,100.0,108.92
37.24,2135.89,174.63,192.53,263.62,4318.61,2.22,100.0,95.94
74.95,1559.07,74.07,109.48,242.4,4418.74,1.46,100.0,131.38
49.26,1991.1,174.8,82.43,46.62,5526.6,1.91,98.93,185.66
70.19,2369.02,151.95,61.57,164.45,1824.82,1.87,99.44,89.27
49.16,2683.76,45.02,252.59,17.69,5919.87,0.27,99.61,137.15
53.8,2281.76,146.99,103.57,15.93,1376.67,0.49,100.0,168.56
64.87,1782.06,94.34,224.75,134.2,5740.4,0.02,99.49,85.77
60.82,2436.77,42.71,168.18,168.48,7105.72,8.02,99.53,48.1
15.09,2650.06,126.49,247.17,141.82,6610.71,0.47,98.49,112.53
32.58,2313.73,146.95,226.87,20.15,3387.73,3.37,98.32,148.89
73.59,1462.67,127.58,181.45,249.76,6122.49,3.04,100.0,83.59
52.36,1921.02,114.54,210.44,116.38,6267.84,2.44,99.44,138.83
44.53,2711.47,103.47,191.17,224.04,8070.4,1.19,99.51,60.62
27.83,1079.89,243.33,150.77,118.85,5658.28,1.75,99.95,85.12
33.41,582.78,60.87,278.41,135.21,6847.01,0.41,99.8,91.3
14.56,3103.66,163.65,166.15,219.03,4213.17,0.22,99.71,89.43
52.97,2405.99,120.77,193.05,148.58,3466.29,0.87,99.65,60.62
43.03,2472.71,77.28,86.79,195.35,6555.67,3.49,99.3,81.58
35.67,1294.23,117.58,221.92,204.96,6580.66,1.66,99.35,16.31
53.64,2564.27,50.35,151.15,51.56,3856.14,2.89,99.84,122.72
62.28,2240.67,90.23,161.85,223.0,2818.7,4.42,98.54,96.45
96.86,938.97,117.65,132.84,95.61,5221.84,1.64,98.46,140.99
24.76,3045.0,42.44,190.08,80.0,5078.8,0.92,99.26,91.42
78.19,2159.08,145.32,39.48,114.61,5420.98,3.87,99.3,23.07
74.46,1770.74,71.81,254.59,253.3,6594.49,0.52,99.71,107.76
39.42,1783.41,47.41,196.91,35.97,6851.95,0.05,99.04,68.51
59.06,637.34,65.98,162.62,238.59,5014.13,0.1,98.66,137.76
45.85,2463.34,228.8,76.14,210.56,3208.46,1.75,99.62,86.53
58.71,2231.3,21.1,234.65,186.69,3693.78,4.46,100.0,175.61
85.18,1912.14,141.81,149.25,202.2,3925.99,1.66,99.46,59.23
67.11,2942.94,82.42,304.49,153.89,4783.71,1.05,98.18,104.85
65.17,1079.3,102.49,238.91,241.41,4073.78,1.72,99.39,118.94
46.39,1630.26,150.2,322.77,141.61,4559.43,2.22,97.85,81.79
25.32,1452.99,147.74,210.96,33.76,5132.85,2.84,99.17,41.68
50.83,1852.84,85.97,286.23,173.05,3842.46,0.85,97.79,86.99
79.13,2095.23,52.11,237.02,252.12,5579.59,0.98,98.9,22.24
24.46,2349.01,151.11,163.92,224.28,8289.76,0.05,99.56,67.06
33.9,1805.12,147.62,214.98,343.3,4699.89,2.1,99.0,87.88
57.53,1433.85,105.75,133.28,157.21,3773.0,3.0,100.0,135.03
35.31,3228.2,142.1,365.5,165.53,5552.02,1.43,99.35,106.18
39.15,3736.15,97.71,191.93,159.0,3568.84,0.94,98.41,78.84
46.53,2148.3,78.65,202.1,110.13,4734.84,0.81,99.83,76.37
27.69,1518.25,120.2,231.2,137.42,3778.8,2.07,99.68,72.96
35.52,3080.82,145.95,113.04,86.5,3074.27,0.8,100.0,131.78
69.07,1035.27,135.46,305.71,5.0,3418.56,1.83,99.7,35.62
28.85,1813.66,145.46,117.97,127.78,3810.54,5.23,99.53,61.13
23.04,1560.72,81.97,99.88,182.11,3124.91,0.8,98.5,35.42
42.4,1236.33,199.09,186.68,236.76,7301.86,0.14,99.77,118.43
69.64,1851.98,102.88,97.66,128.19,5776.47,4.14,99.1,155.57
51.06,1443.08,114.05,324.96,129.23,6695.26,0.64,99.76,117.96
45.71,2056.86,54.07,181.54,272.76,2555.01,8.94,100.0,120.85
55.89,2067.02,110.31,1.0,60.19,4470.91,3.67,100.0,73.99
20.09,1613.07,146.61,216.0,165.31,5754.53,1.11,99.4,114.51
64.89,1788.64,158.13,244.28,266.15,7974.88,1.98,99.25,64.96
62.67,1886.41,198.1,166.29,116.24,3645.12,0.65,98.91,72.0
46.81,2614.89,146.01,91.53,41.98,2684.65,0.18,97.57,93.49
75.12,1944.1,133.85,191.74,333.62,5343.13,1.49,99.23,96.69
32.45,2625.29,97.69,161.46,251.94,3787.25,1.11,98.84,166.69
77.56,2458.07,86.91,121.95,254.73,8070.46,7.01,99.43,129.66
58.09,2448.07,168.51,114.89,171.96,5975.62,1.82,98.84,99.63
48.27,3019.49,167.55,212.5,237.66,4485.77,2.75,99.35,163.38
54.6,1264.43,66.15,272.24,5.0,4491.0,0.29,100.0,191.13
52.85,1716.77,156.15,236.92,140.64,4772.09,2.57,99.31,95.8
79.41,3282.31,152.52,61.76,265.28,1715.58,0.12,98.44,110.32
33.47,1867.88,64.31,249.24,54.37,5075.55,1.9,98.62,45.46
39.75,128.0,147.02,261.8,149.99,4123.43,3.65,99.68,101.61
75.73,1905.92,67.52,311.5,208.77,6138.96,1.32,99.73,67.87
43.09,2142.46,1.0,124.01,109.42,3384.27,0.48,98.59,19.55
73.01,216.02,111.99,195.47,180.66,6228.55,1.17,99.18,134.59
88.99,2981.75,132.89,245.4,214.71,5977.36,3.68,99.83,99.25
46.96,1548.4,114.25,157.8,207.18,5287.51,2.51,100.0,60.24
68.63,2277.99,263.36,244.15,143.93,7256.66,1.86,99.32,21.9
31.93,1889.81,138.94,198.08,105.39,1607.47,2.37,99.06,70.65
70.09,1146.15,127.36,132.28,215.65,5798.99,3.59,98.94,68.03
58.99,1298.64,141.48,139.1,210.52,4919.46,0.33,99.3,90.58
64.46,1393.44,97.93,299.94,206.1,4866.67,3.69,100.0,25.27
42.09,2807.97,166.47,120.29,190.3,3232.74,3.29,99.3,112.18
21.78,1944.72,138.05,106.56,210.61,2444.62,1.3,99.55,120.66
65.07,1682.69,135.76,227.55,258.93,6606.18,1.03,98.2,42.92
13.73,1393.77,88.79,197.55,207.9,6418.61,5.39,100.0,27.21
48.65,2885.31,41.78,95.07,188.8,8237.51,3.42,100.0,135.58
73.82,3072.94,94.93,158.45,132.58,8533.23,8.96,98.99,89.04
58.84,2877.32,134.13,134.66,304.73,2213.35,2.05,99.13,120.59
93.97,2392.71,97.77,148.67,78.93,4721.72,0.06,100.0,99.42
75.5,2250.88,134.59,402.0,161.75,5451.31,0.33,100.0,91.47
41.92,1196.84,108.38,175.79,134.18,6731.67,3.43,98.02,136.39
55.55,1875.93,141.53,129.5,15.56,7568.31,2.04,98.84,128.62
54.05,1569.3,71.16,361.74,211.84,3147.64,0.44,98.92,110.39
23.36,770.14,129.64,271.06,161.71,4026.21,0.02,99.93,113.13
36.19,2787.93,87.95,257.99,182.87,7467.51,0.61,99.45,77.64
43.78,1560.92,43.09,133.35,163.91,1988.44,0.3,98.84,117.17
14.28,2885.16,111.74,295.32,247.79,3062.28,4.18,98.21,157.14
55.95,2665.22,196.82,265.3,259.33,5788.0,4.29,99.91,135.96
50.02,2437.7,47.07,211.77,80.89,8697.79,3.69,99.06,20.11
21.54,2477.02,125.97,62.7,338.88,1981.32,0.2,98.39,113.07
63.08,1617.28,159.88,198.41,158.38,5107.23,0.29,98.72,116.36
69.32,3348.5,235.0,338.39,232.88,5997.92,0.29,98.9,140.31
59.54,2078.19,95.35,217.63,196.23,7645.69,0.6,98.99,144.52
48.52,2259.35,88.4,169.88,189.51,5804.11,0.15,98.47,114.82
66.83,1593.65,61.67,181.72,230.12,1685.02,7.99,98.48,45.46
68.6,1396.18,177.03,187.26,298.65,2685.35,3.86,100.0,90.49
61.15,2382.11,76.63,136.03,249.94,7469.65,0.14,99.43,63.25
38.51,2200.26,101.47,196.7,158.1,5792.47,0.31,98.91,48.37
60.53,1495.45,27.55,315.42,172.42,2973.51,0.61,99.46,150.87
78.91,1041.1,164.2,306.36,129.29,5888.29,2.98,99.31,76.44
43.07,1159.05,177.91,139.65,244.37,5552.89,2.5,98.57,174.57
96.96,2885.29,162.29,302.07,233.09,509.96,1.99,97.86,79.61
44.49,1618.72,39.73,260.89,149.21,1220.99,4.87,98.83,66.43
55.65,1810.76,150.36,250.67,299.39,5559.4,0.07,99.07,119.07
41.55,3063.24,36.37,234.55,276.64,8663.77,0.35,99.12,91.86
59.47,1262.49,122.9,125.57,344.12,5474.76,0.42,97.92,106.11
20.16,1539.1,130.25,167.55,108.92,591.03,0.12,100.0,73.43
44.08,1509.86,135.51,266.63,170.98,2097.64,1.93,100.0,73.43
33.16,3180.65,146.73,103.45,162.31,6126.37,0.47,99.51,75.43
57.71,3443.37,119.6,116.74,414.33,6322.6,1.32,99.22,53.31
74.89,2574.09,21.88,224.5,180.89,4650.41,2.31,98.8,133.65
67.92,2596.37,146.76,136.84,293.87,4129.0,1.81,99.6,103.23
7.57,1641.75,124.88,265.91,273.13,6428.98,0.69,99.12,101.14
95.84,3411.13,74.87,139.66,172.45,6988.77,1.07,100.0,121.65
60.91,2235.39,41.53,219.55,185.0,6249.13,0.83,99.84,109.28
39.47,2645.18,197.0,226.25,227.05,3282.96,3.83,98.6,185.56
58.14,1974.13,181.57,161.43,293.21,6618.64,1.09,98.72,112.06
58.52,1860.38,155.3,180.83,164.52,4364.58,0.13,99.88,12.93
41.66,3212.13,86.19,145.6,134.23,3917.17,1.93,99.69,75.24
58.96,2425.81,1.0,198.51,263.91,3846.79,0.44,98.42,57.71
42.85,3063.96,158.23,123.07,76.78,5037.93,0.83,98.88,113.7
46.91,2226.73,138.33,182.12,202.75,6026.57,0.79,99.09,78.46
41.27,1454.14,101.27,259.88,275.42,1362.85,0.15,99.17,115.04
26.35,1639.66,176.24,109.06,218.72,3684.65,6.03,99.15,67.65
57.92,2120.08,162.4,161.03,128.97,4170.41,1.58,99.83,102.76
66.71,1609.45,128.8,241.46,89.89,6865.47,0.34,99.3,73.92
65.3,1272.78,121.75,33.79,286.84,3439.93,1.62,99.26,81.42
71.4,2888.99,122.55,348.45,164.19,4404.23,1.2,98.67,104.03
61.49,1666.59,154.0,283.62,98.87,6457.34,0.85,99.32,113.05
44.35,2144.73,77.13,76.93,282.5,5071.28,1.28,99.18,152.15
71.79,2255.29,141.3,31.66,252.09,7759.62,2.22,98.86,140.25
27.85,1636.29,73.97,202.37,85.34,4729.71,0.45,98.39,132.73
36.99,3063.56,186.83,110.38,406.29,8389.35,1.54,100.0,112.27
35.72,1266.0,146.61,276.92,131.35,8712.83,3.35,100.0,75.48
76.6,2231.14,85.59,231.52,250.56,5824.48,0.5,99.37,119.88
73.86,2220.28,124.03,209.87,358.79,5752.9,1.45,100.0,142.76
64.75,2010.02,77.31,154.38,259.94,6006.25,6.75,99.36,142.79
76.44,1140.16,195.21,328.0,203.33,6469.87,3.22,98.23,95.65
37.41,2657.57,201.14,260.28,51.1,5222.68,1.8,99.41,81.25
61.97,2568.46,154.81,248.25,363.69,7103.73,2.77,98.96,126.68
52.5,1575.1,197.83,296.0,257.86,5900.7,1.49,99.53,1.0
71.94,2543.24,127.59,118.49,52.66,7494.99,8.62,100.0,158.87
52.7,2310.44,158.18,302.78,319.02,2385.01,0.37,98.85,144.12
47.3,1151.57,181.24,178.83,185.5,5389.27,2.54,99.47,83.79
65.82,1450.25,119.71,226.78,155.01,6827.8,0.01,99.8,81.75
72.52,2844.8,123.56,187.48,128.51,2945.25,0.27,100.0,178.04
41.63,2264.59,166.68,49.77,195.4,5775.02,2.56,99.89,53.62
53.78,1652.99,152.32,276.59,252.72,6095.53,2.85,98.42,84.52
33.83,1447.07,82.23,54.04,135.48,8110.21,0.08,98.42,165.09
5.04,1687.22,10.66,122.68,191.48,4388.8,0.81,99.74,52.07
59.01,1736.86,111.22,163.77,484.26,5380.05,0.25,98.93,101.47
67.18,1455.83,15.15,43.71,222.81,3999.53,4.42,98.51,85.44
60.24,828.77,70.45,111.95,266.93,4746.53,1.21,100.0,177.42
16.01,2846.01,76.29,219.59,93.76,7915.02,1.17,98.94,73.28
47.98,2727.44,91.57,172.27,57.83,4947.43,3.47,100.0,40.73
10.63,1156.72,161.02,178.87,311.81,3723.38,2.38,98.89,104.68
82.39,2143.42,171.88,126.8,286.12,4671.09,5.11,98.68,73.28
33.28,1416.43,145.44,203.69,334.25,4065.94,5.58,99.15,118.89
80.11,1864.9,151.63,173.98,172.84,4205.53,0.75,99.73,112.35
73.92,1806.66,152.81,68.72,292.89,4030.0,2.09,99.41,48.21
36.99,1748.52,1.0,183.93,5.0,4100.08,1.56,100.0,168.59
32.34,3450.06,120.51,100.65,228.71,2863.79,1.81,99.32,70.57
62.01,1739.77,30.18,271.82,272.97,5124.61,1.96,99.08,74.85
38.11,1482.22,145.46,168.68,118.05,3238.51,0.12,100.0,118.11
57.05,1514.19,15.34,401.72,275.03,7054.52,4.51,99.62,160.32
45.34,2778.64,110.98,277.35,163.82,4438.42,0.3,98.91,43.56
19.38,891.53,147.39,189.58,172.83,5735.44,1.1,99.37,76.51
10.39,1514.16,64.11,246.36,156.73,5739.18,0.69,99.35,133.28
59.53,3060.78,168.09,32.82,322.32,1694.49,1.61,99.06,72.09
43.77,2218.79,145.33,276.99,139.11,4520.3,6.51,99.33,101.29
43.94,2182.35,139.04,134.38,128.1,8093.18,1.06,98.3,78.45
68.92,3540.5,154.9,207.18,102.85,3603.42,1.85,98.95,114.79
78.47,2220.44,102.04,141.79,146.83,9088.65,0.3,99.5,45.08
49.55,1552.27,127.6,150.29,197.55,5979.74,1.24,98.83,107.66
48.19,1850.55,120.5,185.51,237.47,5930.5,4.95,98.58,114.42
65.0,1253.2,119.37,206.15,112.2,5430.86,5.39,99.17,122.24
27.86,2927.16,86.4,197.85,213.56,6882.91,1.58,98.87,74.03
59.46,2450.19,57.87,199.84,235.08,6982.6,2.93,98.27,152.92
66.04,2835.09,103.16,69.95,96.05,4966.54,0.01,98.29,11.02
68.6,2897.09,100.4,386.56,185.68,4225.41,1.52,99.49,68.47
16.26,1758.05,83.16,218.56,172.36,2435.33,2.64,99.26,192.76
39.77,1386.67,162.6,235.01,186.65,6464.76,0.8,99.42,96.16
37.43,2011.8,61.39,172.8,132.3,5118.24,4.63,98.99,139.99
57.0,1437.07,111.42,130.07,167.81,3481.17,3.02,98.14,102.58
64.61,2163.47,178.32,212.08,182.8,3955.18,2.94,98.59,164.53
84.93,2840.47,165.46,223.14,347.76,4876.92,0.04,98.97,87.31
45.1,1930.3,180.81,304.14,184.03,3233.39,0.41,99.51,103.95
45.05,2153.0,90.46,366.21,300.46,5087.45,2.5,97.98,129.98
77.99,1982.31,159.21,318.16,307.27,2083.82,1.65,97.58,156.32
60.93,2609.91,66.85,58.68,61.29,4041.65,1.73,100.0,21.2
80.35,1580.55,106.21,163.17,153.79,2908.62,0.03,99.62,115.73
60.77,510.49,110.91,226.87,307.46,5360.64,1.17,98.59,60.89
31.86,2377.61,91.21,167.98,196.3,3239.89,3.09,99.04,92.8
28.34,2739.48,101.91,196.49,169.53,3993.79,2.18,98.91,73.57
23.97,2360.46,95.33,28.39,247.5,9067.62,1.7,99.4,5.35
68.24,1599.84,70.88,273.14,276.08,6557.0,2.39,98.84,137.31
78.77,1253.49,162.82,49.96,177.36,6081.14,3.81,98.4,42.52
91.99,2394.15,110.88,74.2,154.96,7335.64,3.79,99.54,92.23
71.86,2147.04,130.07,118.83,5.0,5922.45,1.22,100.0,90.71
78.26,1959.95,128.19,192.2,184.23,2472.25,0.74,99.57,63.19
43.4,3323.72,122.74,70.18,145.7,2630.31,0.91,99.25,120.55
31.87,1385.24,124.64,115.17,89.41,122.22,1.47,99.05,80.38
72.0,3290.53,104.73,291.92,161.52,5363.5,0.19,98.65,66.38
63.35,2070.25,190.92,191.01,142.43,3091.73,1.79,98.91,36.78
57.15,763.1,158.04,234.68,195.22,3973.24,1.21,99.47,58.0
62.75,1922.56,120.92,101.1,154.89,4424.23,2.85,100.0,111.9
61.46,2719.65,97.65,195.69,220.23,3904.72,0.64,100.0,15.05
80.68,1792.46,114.06,189.13,195.65,4937.91,0.14,99.32,162.12
80.9,1015.66,140.88,136.38,294.62,4490.64,4.5,99.33,88.92
65.88,1932.84,195.0,195.91,131.91,4311.32,0.14,99.24,60.29
71.92,1447.98,51.35,48.63,340.19,2213.58,5.24,99.6,118.81
65.28,2392.27,152.99,235.09,276.05,5435.08,1.38,99.23,78.28
45.78,2589.38,176.34,168.04,313.81,8916.56,0.12,99.25,130.6
70.13,1308.61,45.66,179.42,202.75,5497.33,0.27,98.6,52.5
27.11,1553.94,110.94,268.14,154.68,9084.28,1.52,98.58,55.4
76.08,2577.65,66.77,234.56,131.58,3977.03,0.03,98.72,118.83
31.11,1446.81,141.53,174.53,337.72,4545.0,4.93,99.37,142.93
60.72,1290.49,102.08,110.67,278.7,4964.25,3.18,98.99,102.82
38.1,1222.92,113.49,306.29,89.27,4694.37,1.4,100.0,104.23
66.07,2294.43,99.45,92.79,267.99,7096.88,5.21,99.47,61.64
54.32,2264.41,156.01,250.35,105.72,1056.5,0.6,100.0,74.38
23.1,1569.17,131.45,72.21,209.19,4181.55,3.84,100.0,68.71
63.41,2051.56,131.55,273.43,254.33,7994.07,3.27,99.5,146.82
43.44,3116.99,128.03,280.85,311.22,4106.05,1.74,99.17,150.63
72.62,1366.16,148.62,46.99,201.38,6671.45,0.77,98.57,115.82
55.03,681.78,106.9,235.95,167.94,6087.41,1.63,98.78,175.43
62.91,2366.55,205.04,229.32,183.97,4869.34,6.3,99.79,119.73
35.85,1970.72,58.26,256.24,276.02,5569.88,0.18,99.39,142.3
43.21,1550.98,33.7,229.22,250.95,4846.11,0.45,98.75,86.24
45.83,2504.46,29.57,123.01,178.53,1172.61,2.07,99.05,88.7
72.13,2635.46,16.02,182.62,12.3,5827.95,2.27,99.43,88.74
88.55,502.21,153.66,333.17,5.0,3891.03,0.36,99.22,57.54
38.9,1591.18,147.57,111.37,200.28,2521.75,3.28,99.03,77.37
76.54,3670.26,180.39,225.83,73.69,5696.6,5.28,99.16,108.16
11.61,2456.38,67.17,292.1,132.4,5577.76,0.17,97.51,71.04
31.12,2521.27,157.27,120.74,159.58,6766.52,7.32,99.21,117.25
35.82,2869.03,122.84,86.66,366.88,4529.84,0.66,98.46,65.38
27.95,2059.95,128.33,98.71,191.01,6545.76,0.74,99.45,63.53
23.33,2605.68,151.28,231.6,244.8,5038.18,0.09,99.29,95.51
63.26,2550.64,82.19,98.03,225.41,5621.47,1.38,99.72,13.31
50.72,2425.33,249.36,189.17,5.0,5769.95,6.19,99.73,138.17
62.59,1822.59,186.59,309.7,144.05,2604.85,0.35,100.0,123.25
68.81,2168.44,93.41,195.9,70.2,5678.75,1.72,97.81,127.64
60.31,1636.15,65.46,137.77,335.45,5187.03,0.64,99.11,124.75
68.16,2056.97,115.6,210.03,16.26,4511.92,0.04,97.77,90.41
53.61,1230.06,129.11,194.51,142.13,5205.81,8.71,99.54,104.76
31.26,1494.56,173.28,236.21,156.53,9589.25,2.52,99.08,110.59
76.16,1850.38,61.56,329.53,91.27,1545.01,2.66,98.87,36.95
43.22,1387.41,134.27,231.74,189.13,4763.21,2.18,99.39,103.07
36.29,1694.49,43.55,362.7,176.19,6461.33,0.31,98.46,79.92
51.44,1933.25,141.82,236.42,194.67,2757.06,0.46,100.0,168.88
36.74,2329.58,114.62,138.61,225.22,5667.89,0.97,99.03,87.33
46.65,2712.48,216.83,383.06,201.31,5544.18,10.79,99.25,89.97
61.88,1723.35,42.7,190.01,214.24,2139.75,2.23,99.11,46.18
61.97,2982.57,188.53,115.61,280.1,3948.24,1.17,99.85,79.35
37.04,2705.03,34.81,385.9,31.53,8210.15,1.33,98.36,10.43
45.25,2400.87,53.64,141.35,243.0,2136.79,5.11,99.78,169.37
76.49,2155.55,36.15,138.21,85.89,4209.92,0.44,98.84,118.35
64.93,2271.38,132.52,155.88,122.18,4702.7,0.77,98.84,80.32
96.5,2878.94,61.32,213.17,190.9,5007.65,0.93,99.82,115.17
78.6,2904.51,52.58,274.47,217.02,4256.57,4.56,99.01,56.57
77.89,2982.46,130.14,1.0,227.61,5148.13,3.0,99.63,87.74
27.24,2076.93,142.59,274.12,94.94,4935.95,1.79,99.64,50.66
70.28,2436.48,121.99,155.64,326.81,6278.44,0.76,98.96,33.77
53.94,2988.48,111.89,166.97,142.39,6520.16,0.45,99.36,125.57
43.98,1611.4,211.45,337.22,115.25,5791.14,0.8,98.86,90.8
58.36,1825.11,127.29,217.06,65.53,5426.05,5.3,99.19,25.83
73.9,2059.23,160.28,235.82,56.65,2185.69,4.82,99.53,61.89
65.02,2677.72,127.15,196.12,54.02,5208.4,1.1,98.53,147.21
37.43,2688.62,65.11,261.09,208.29,7005.19,0.79,99.51,66.06
69.85,1886.4,147.49,329.44,234.38,2100.56,4.32,99.42,119.88
42.25,991.97,87.21,1.99,102.22,2629.08,1.18,98.16,65.55
59.33,2220.33,115.45,286.77,77.23,7685.46,0.08,98.68,104.75
48.93,1405.18,135.27,323.76,160.95,2303.83,0.85,98.72,115.98
50.62,1005.04,22.93,240.09,188.76,4815.07,1.87,98.89,68.55
70.32,1163.29,39.52,145.81,203.67,4007.05,5.79,98.53,89.65
34.2,2276.47,165.47,107.82,93.21,7577.09,1.11,99.86,107.33
93.9,3000.73,86.81,388.95,164.95,5545.23,0.55,99.94,72.29
18.58,2075.23,89.18,127.6,321.05,6424.24,0.97,98.65,86.63
43.05,2195.97,128.32,321.41,72.47,5100.24,0.12,98.39,57.26
62.4,2876.03,100.72,231.24,177.38,8591.41,4.58,99.19,99.19
66.69,966.88,140.88,363.67,225.0,3660.86,0.07,100.0,138.04
52.99,2412.12,117.44,174.54,92.89,5618.41,0.0,100.0,48.46
53.85,2039.89,129.93,71.39,235.02,7262.73,1.9,98.73,66.77
63.21,2444.24,84.91,200.17,59.47,7670.87,0.33,97.61,13.24
50.38,1709.56,129.68,81.08,237.11,4517.63,0.7,98.16,115.47
82.86,1475.44,175.25,414.16,183.9,1354.84,1.35,97.95,31.03
71.79,2146.36,91.61,250.36,52.25,4308.59,3.14,99.49,115.09
72.46,3202.43,165.77,262.25,241.89,8138.47,0.98,99.27,117.82
35.68,2650.64,117.42,262.3,99.37,3626.13,6.3,99.35,131.4
53.41,1692.62,156.72,144.51,166.2,5524.16,1.21,99.99,109.75
48.99,1109.32,126.44,189.44,236.72,4447.2,5.05,100.0,34.63
34.89,870.55,118.33,208.83,93.2,4869.94,1.2,99.79,89.71
62.2,2969.27,137.49,355.51,132.45,7361.85,1.45,99.71,102.84
44.25,1379.44,180.68,107.43,281.35,5458.06,6.34,98.17,116.31
68.11,1820.14,131.8,141.71,5.0,8675.49,2.25,98.84,117.83
33.6,2972.85,143.93,170.97,307.68,6757.3,0.32,100.0,77.91
89.38,918.27,101.58,146.11,48.22,5236.23,1.83,98.82,90.66
37.07,3092.59,198.54,83.29,117.07,4830.53,0.51,99.97,91.05
59.39,1870.45,152.02,1.0,205.42,5597.18,0.74,99.29,44.35
70.84,1243.99,123.89,53.85,234.28,2780.28,3.64,99.75,56.33
43.59,1874.85,113.87,287.92,206.82,3096.23,2.29,98.59,92.12
72.05,1542.18,168.9,199.34,184.25,6362.62,0.68,99.73,61.48
30.42,2356.57,89.69,266.84,140.76,6655.21,0.01,98.75,36.49
84.04,1594.31,30.86,153.4,320.52,2618.63,1.52,99.36,34.24
55.28,709.85,123.62,192.13,249.57,6547.13,0.58,99.18,122.8
43.07,1893.61,179.5,329.05,285.8,4683.71,0.06,100.0,109.19
49.02,1098.42,199.57,324.22,142.08,3503.79,0.13,99.78,100.92
71.18,2191.02,114.64,275.36,5.0,4433.74,2.24,97.96,81.92
43.31,1217.01,122.18,216.19,271.8,6598.9,1.07,98.63,71.72
40.01,1706.39,145.98,241.44,212.08,6095.81,0.61,98.75,14.35
50.57,2175.81,106.78,229.65,196.46,5535.17,4.24,99.68,118.75
31.46,1899.28,145.82,186.65,128.94,5681.27,3.49,98.85,78.72
91.41,2223.3,115.73,167.65,148.67,2946.36,1.26,98.44,119.86
43.67,2524.2,170.57,289.79,126.09,5984.3,0.64,98.24,57.49
71.63,1237.45,156.15,96.35,184.07,4176.96,1.42,99.71,160.9
59.19,2002.92,160.51,318.99,77.79,8638.23,2.8,97.75,102.5
35.31,128.0,109.73,177.96,248.63,4315.94,0.02,99.94,90.16
54.88,2221.13,216.3,94.88,363.3,9007.12,1.9,98.3,54.22
70.68,1837.43,144.2,156.36,126.21,4709.85,2.48,98.89,101.61
51.23,1359.59,132.36,130.05,36.65,4829.18,3.39,98.38,119.66
78.86,2269.0,81.95,153.95,170.82,4470.24,0.49,98.56,5.36
75.43,2868.89,115.15,152.48,208.37,2735.39,0.45,99.04,89.61
73.38,1714.79,125.72,149.3,220.79,7387.42,0.49,99.1,90.25
45.81,1386.63,80.62,175.36,324.23,5174.77,5.36,98.12,113.05
33.4,2163.52,105.38,194.82,253.42,6128.76,0.3,98.92,27.9
42.73,1113.08,111.71,261.11,16.96,7907.16,2.89,99.27,127.0
58.92,1585.73,122.8,180.4,68.76,4763.96,8.65,99.53,124.47
65.92,2903.68,31.86,226.08,216.51,4833.05,5.85,97.77,125.99
11.57,2091.53,113.24,200.6,139.13,5260.84,1.05,98.86,68.54
54.84,732.37,101.13,243.25,316.36,2690.83,3.66,97.76,139.89
58.16,790.11,118.96,203.73,95.66,1708.11,2.22,98.84,62.48
49.45,2161.46,171.76,148.25,266.46,2293.36,4.06,98.9,10.46
80.83,2651.67,222.62,126.54,121.56,7234.27,0.35,99.64,107.43
63.44,915.66,153.92,216.82,203.6,4413.26,2.9,99.88,92.55
81.2,2362.8,58.28,301.87,105.49,6411.88,1.77,98.48,143.8
50.68,2979.24,102.73,181.67,230.3,4534.65,1.55,99.41,53.63
73.75,3369.5,149.8,143.93,276.54,2160.21,2.61,99.66,81.18
87.7,2279.86,144.16,179.51,202.77,6558.91,0.64,98.68,77.57
81.23,2402.76,169.37,155.09,351.82,3399.84,0.16,99.74,127.13
33.16,554.77,115.13,146.64,115.16,6043.77,1.39,99.3,51.63
49.93,3517.83,101.82,84.51,188.82,6662.31,0.72,99.01,145.93
48.1,1645.16,207.62,180.45,256.13,4920.25,0.59,99.3,65.58
64.79,1394.57,122.93,218.86,94.52,5853.35,13.03,98.09,77.29
68.73,1869.36,69.17,113.45,185.61,2438.4,0.44,99.3,96.68
38.22,3106.17,193.76,129.73,239.76,10265.04,0.54,98.61,54.42
56.36,3593.63,45.2,124.16,263.63,5792.23,0.81,99.22,110.66
14.6,2135.79,1.0,89.07,282.77,6406.21,1.37,98.92,105.51
83.84,2746.66,158.47,123.55,101.78,6681.65,4.07,99.4,70.21
44.75,2078.24,165.54,184.17,205.94,4749.48,0.39,100.0,106.41
56.12,1321.54,140.7,92.64,61.66,5139.94,1.91,99.29,107.52
48.81,3081.72,54.88,189.0,114.81,6952.93,0.92,99.9,117.85
77.92,1612.51,117.06,143.72,164.33,4338.09,3.19,98.48,139.05
1.0,3122.87,106.09,125.68,282.96,5704.04,1.84,100.0,111.68
54.67,2956.98,93.14,230.18,227.51,5842.0,3.17,98.49,114.39
52.88,2477.83,190.6,148.79,183.61,3677.88,3.86,98.32,50.87
45.93,3328.28,67.67,162.4,220.38,5798.83,4.86,99.01,33.66
89.52,3610.64,135.81,303.84,226.91,1950.22,10.89,98.89,72.89
37.25,1925.33,179.7,126.4,213.21,6652.33,1.93,98.09,108.1
70.44,1481.84,139.07,325.27,128.24,7825.77,2.03,98.41,111.61
62.13,743.01,182.06,172.18,93.9,6630.33,0.3,96.68,1.0
80.23,3619.28,148.19,109.11,159.9,7695.13,0.22,98.25,100.27
41.66,1740.22,141.47,155.68,108.55,3628.04,1.34,98.74,140.04
40.34,2842.53,138.34,205.5,235.92,4595.05,2.37,100.0,185.38
76.92,1529.12,150.67,300.36,317.61,5225.77,0.57,99.7,152.65
63.51,3124.79,100.72,263.91,230.73,5231.86,0.79,99.43,74.14
24.1,1557.92,54.91,205.11,17.09,4212.87,2.41,100.0,71.8
44.21,1213.8,167.7,300.8,123.01,3356.33,0.48,97.95,114.67
62.73,1902.05,178.09,49.52,181.63,8108.54,1.47,99.15,127.36
71.76,1675.76,132.6,219.96,50.87,3500.48,1.55,100.0,139.93
41.42,2465.41,92.58,224.8,182.81,7981.5,4.98,98.84,118.9
1.0,2012.02,42.11,225.77,222.24,5891.17,1.03,98.62,45.99
65.46,2487.39,124.29,71.19,306.8,5365.43,0.47,99.77,39.33
30.59,1844.28,52.55,118.65,343.68,5977.38,0.38,98.81,153.36
14.65,1582.42,45.55,186.68,72.76,7742.2,0.69,100.0,88.39
1.0,1639.51,118.96,289.18,169.51,275.97,0.65,99.78,56.25
71.28,3479.46,81.81,353.22,170.64,5646.45,2.77,99.07,49.71
57.57,2205.62,137.27,146.85,115.83,5268.21,1.8,99.89,73.28
50.49,659.37,112.04,95.21,188.88,5334.7,2.29,99.04,158.76
82.78,1683.85,89.67,265.26,172.79,6692.91,1.99,99.29,85.26
67.75,2115.81,34.75,409.15,235.24,3901.29,1.31,99.61,123.92
87.33,3339.78,77.36,288.56,302.1,2928.4,5.27,98.93,108.98
27.15,2768.09,79.19,140.11,191.91,2508.35,3.4,100.0,92.67
54.31,1402.8,58.73,428.89,135.9,3366.77,0.47,99.25,16.03
22.67,3740.85,103.55,254.94,87.7,6237.39,1.1,99.4,128.48
50.41,2026.19,62.64,136.72,363.82,5908.73,0.68,98.28,65.27
50.03,2920.43,111.81,354.74,261.62,6589.99,2.74,98.75,28.76
67.53,1239.49,132.02,130.4,215.97,4172.36,0.84,99.31,21.13
55.91,369.29,78.69,150.31,165.06,4252.34,2.04,99.81,118.55
67.47,1062.1,141.27,258.13,325.07,7976.7,0.69,100.0,127.25
69.07,128.0,51.93,198.01,165.63,6835.61,0.38,98.46,3.59
98.1,3526.46,64.39,202.96,25.91,6353.94,0.02,98.62,74.11
48.69,2198.17,114.34,203.1,203.85,1715.44,10.45,98.34,109.55
36.18,1400.75,154.35,289.16,69.5,8523.86,0.5,99.55,101.2
59.92,2364.84,163.37,14.05,204.19,4834.5,3.57,100.0,74.43
38.95,2180.53,200.62,222.76,300.97,5311.23,3.45,99.09,91.63
84.64,2482.65,101.17,176.78,29.47,5805.62,0.54,99.24,132.87
49.34,2894.67,113.62,139.8,99.03,5296.15,1.07,99.29,112.48
43.69,1845.06,68.37,139.59,257.83,4690.44,3.62,98.87,120.88
45.57,1432.11,57.31,1.0,135.05,5261.06,2.34,98.35,77.53
69.37,2627.44,131.43,136.13,217.36,6145.67,0.92,99.94,44.1
51.85,2609.63,81.21,303.24,217.56,6527.84,5.96,99.31,104.72
42.17,2118.52,181.62,266.56,260.06,7195.6,0.84,98.82,127.01
88.31,3572.29,46.88,184.69,121.81,3024.41,0.48,100.0,67.89
37.88,1741.52,144.32,87.1,5.0,4017.35,0.32,99.2,104.33
55.71,1418.1,69.71,265.75,215.72,6535.32,2.42,98.0,94.88
68.05,2340.66,78.98,304.79,38.79,2173.63,0.06,99.66,28.5
22.37,1575.54,146.96,282.74,264.17,5290.86,3.74,97.91,88.68
64.61,2394.86,86.21,122.5,176.2,3585.28,0.73,99.53,101.97
33.9,1464.89,94.21,130.81,153.36,5992.12,0.92,99.51,76.41
71.46,1767.83,79.39,332.47,242.15,3478.86,3.24,100.0,138.7
35.75,3371.59,209.25,103.26,23.23,4352.76,3.37,98.5,45.15
68.86,1764.09,89.13,238.26,161.98,4477.24,1.02,98.99,181.05
77.12,1488.8,122.58,57.78,220.31,5443.42,1.61,99.15,94.85
72.23,2867.48,109.9,175.97,202.76,6724.98,2.27,99.81,87.32
60.03,1312.27,131.07,246.81,136.01,6857.51,2.33,99.5,131.61
50.37,1562.94,89.26,197.6,136.91,5368.9,1.53,99.56,35.17
43.47,2451.59,109.96,241.91,318.89,3002.62,3.72,100.0,186.08
84.42,2704.89,139.7,101.9,262.14,9643.3,3.68,99.04,67.71
41.01,2902.33,76.85,134.4,120.22,4846.67,3.78,100.0,130.48
34.26,1524.94,174.47,238.55,301.36,5492.68,0.62,99.14,95.09
68.31,2465.21,179.27,255.75,247.96,5436.07,0.59,99.83,54.28
39.08,1721.72,150.32,217.59,223.96,5636.87,0.3,98.85,135.74
36.0,1624.04,123.49,275.76,227.39,3475.29,3.5,99.62,116.16
26.13,2890.25,1.0,67.42,76.85,5789.43,0.13,100.0,217.02
45.34,1663.31,141.21,162.7,315.47,8278.7,0.29,98.44,110.49
53.35,2242.74,100.43,345.81,265.64,1383.45,5.21,99.86,69.66
59.86,2156.91,107.69,302.68,202.06,5058.16,0.27,99.33,20.8
74.03,1298.47,25.13,250.69,201.92,2981.18,0.26,100.0,65.24
65.54,2724.26,144.68,187.57,171.77,6779.97,4.8,99.02,105.25
51.18,2440.2,47.57,282.79,128.82,7054.04,0.74,99.41,80.05
51.04,657.6,125.92,234.33,228.11,4770.23,4.26,99.09,125.53
65.2,2242.19,165.23,78.6,108.41,5109.6,0.95,99.66,109.5
80.45,1506.92,96.53,279.66,193.56,3414.28,0.94,97.67,45.11
57.53,2815.95,180.8,130.72,188.76,756.02,0.29,98.21,78.63
45.62,1036.22,82.65,260.78,214.67,4513.64,5.02,99.67,60.38
35.14,1798.47,150.02,70.72,264.71,4615.33,2.87,99.22,108.79
26.1,2301.42,54.76,327.92,216.3,5077.45,0.51,97.8,112.25
68.33,2086.04,171.56,178.01,242.42,100.0,2.6,98.76,70.95
66.56,2582.07,163.8,111.25,5.41,1894.36,0.22,98.93,29.41
66.55,985.1,143.42,144.92,221.44,2330.45,1.48,98.86,207.49
52.43,3204.34,100.34,173.05,186.76,5149.58,0.59,99.85,107.9
83.14,2415.6,49.9,199.54,213.46,6053.48,3.8,100.0,107.81
45.32,2999.8,100.47,305.45,132.38,2907.36,1.43,97.63,20.02
74.11,2659.97,175.52,205.61,283.58,4503.45,5.08,99.12,123.96
54.23,2039.87,126.5,26.33,202.54,3957.98,1.76,99.28,137.55
42.83,1149.06,42.35,101.62,112.97,8657.61,1.4,98.16,108.53
66.85,1653.51,63.76,420.6,128.85,4307.35,2.37,100.0,100.36
63.19,3160.69,182.66,210.83,261.25,4231.34,3.06,99.46,100.45
62.14,3017.81,144.4,276.06,172.32,3531.21,0.03,99.8,59.47
56.63,1614.28,58.3,175.33,179.58,1578.24,1.48,98.89,67.13
54.24,128.0,31.71,119.63,162.21,6163.67,2.99,98.65,85.8
100.0,1899.12,88.75,161.5,271.0,4520.42,1.05,98.8,138.99
78.69,1846.61,27.43,210.27,223.41,4300.93,0.09,99.12,105.7
69.46,1873.16,112.21,163.18,73.16,5328.26,0.04,98.9,65.34
57.24,2417.98,242.58,353.48,92.18,2159.92,3.16,99.83,69.12
75.14,2661.35,40.15,150.7,180.41,8187.03,0.44,100.0,8.51
65.36,2741.21,110.7,115.61,122.13,1722.91,0.38,99.61,112.99
55.52,2360.0,185.6,264.7,5.0,8197.43,0.68,97.84,86.61
48.93,787.46,157.45,274.56,112.95,4973.13,0.22,99.31,102.47
53.38,1809.16,112.56,202.4,154.93,4304.66,0.11,98.37,216.24
1.0,3660.86,112.68,151.83,144.0,6208.06,4.12,98.91,77.11
59.21,2309.95,62.2,47.95,244.87,4376.51,0.72,99.18,103.58
45.23,2305.47,106.62,297.66,5.0,6677.24,1.75,99.02,69.75
86.85,2299.64,132.17,269.48,110.49,5554.23,3.9,98.48,88.31
55.39,2338.77,175.26,164.81,251.61,6282.96,7.58,99.57,56.06
31.22,379.82,88.99,204.77,119.91,6872.19,2.33,97.8,51.06
54.0,1880.33,110.51,181.87,70.97,4686.25,6.0,99.47,22.82
34.08,2021.48,72.54,330.3,118.74,6736.25,1.1,98.57,51.67
64.47,2945.05,131.27,116.97,220.16,5932.25,3.12,99.4,104.33
60.82,2081.37,159.19,150.4,157.19,7401.14,5.55,98.26,82.47
74.16,895.44,151.48,142.66,114.75,4338.94,0.11,99.36,86.2
39.18,2349.06,61.49,224.81,223.36,7458.26,0.76,100.0,76.99
55.68,1485.32,127.34,204.49,213.74,3608.43,2.7,98.78,101.16
27.7,1196.25,86.13,216.01,66.29,1387.34,0.76,98.77,98.71
69.03,1464.09,170.55,129.55,188.53,2543.32,0.03,99.5,96.24
65.38,2427.75,111.93,318.79,63.05,4402.62,3.29,99.35,81.97
64.92,2929.13,44.02,163.68,285.31,5472.59,0.36,98.23,124.18
55.03,2386.05,109.01,295.01,290.81,5028.71,0.77,99.98,14.74
63.3,2490.42,142.92,451.13,154.11,6416.08,4.83,99.77,64.44
87.09,2379.13,132.2,130.13,275.85,2838.91,0.47,100.0,63.08
49.3,2118.93,94.41,227.39,111.94,8104.0,4.5,99.58,120.84
57.77,2535.85,90.74,189.47,167.41,7421.56,1.1,100.0,73.44
33.28,354.86,70.62,362.47,127.37,6683.31,5.01,97.89,56.07
37.63,2125.76,100.26,177.55,177.78,7277.29,4.19,100.0,101.92
56.96,1316.55,77.22,219.9,185.96,2205.1,1.07,98.93,127.0
77.08,2862.03,168.5,218.15,179.76,6258.07,5.1,98.82,124.57
49.87,1944.99,74.94,191.97,171.88,6332.71,2.0,98.7,132.16
50.28,2069.66,126.11,260.44,191.46,6741.31,1.29,99.56,99.75
46.86,994.45,122.72,207.47,292.99,6524.4,1.51,99.76,106.23
44.3,2759.78,167.28,238.55,5.0,5800.17,0.13,98.87,84.63
60.9,2487.13,174.47,217.09,352.88,5728.07,3.3,99.39,81.95
25.05,2437.86,154.8,151.64,148.43,7146.2,0.69,100.0,56.04
80.62,1478.88,137.65,178.48,172.99,3877.96,0.63,98.73,122.73
41.69,1506.45,67.57,244.43,299.64,5660.4,2.51,98.92,23.13
69.44,2204.52,66.56,244.11,234.6,4004.61,0.93,100.0,42.71
29.6,1561.85,77.72,299.6,228.15,4726.23,1.44,98.1,169.68
68.38,2352.43,157.6,348.74,292.11,189.8,1.09,99.37,90.37
68.44,535.36,123.67,158.31,165.17,3432.99,1.4,97.51,100.6
62.68,1706.72,163.43,210.79,262.71,4214.61,0.5,98.23,46.51
35.11,3305.73,170.14,184.53,66.56,4238.34,4.32,98.37,114.42
59.99,2355.64,83.7,111.42,217.58,4399.73,1.88,98.59,149.98
31.34,2164.76,121.6,245.16,230.56,2866.99,0.53,98.33,153.03
49.94,3437.66,119.35,262.23,283.14,4401.63,0.19,99.34,34.34
75.59,412.83,103.61,113.84,243.7,6953.75,1.53,100.0,141.74
70.93,1477.28,93.26,170.04,198.4,4462.6,1.26,100.0,95.41
55.3,1767.18,179.24,162.23,151.42,7336.76,5.39,98.48,1.0
35.5,2648.85,122.6,79.33,150.41,7218.51,0.52,99.71,33.4
67.91,2660.96,120.66,197.09,151.17,3943.32,4.27,100.0,19.77
55.39,1441.8,79.86,108.38,63.19,6024.88,2.91,99.28,119.07
8.59,2746.57,153.76,212.72,336.91,2636.52,1.29,99.7,87.53
70.65,1765.68,69.74,221.53,269.88,3102.97,4.14,99.52,68.96
54.52,2896.15,142.75,231.44,202.91,5201.14,3.96,99.52,91.21
79.05,1325.15,144.11,235.31,253.34,5915.4,2.51,98.68,165.26
33.09,1961.68,99.37,322.48,247.77,7904.06,0.21,97.8,83.22
1.0,1704.88,135.88,135.31,90.63,4706.79,0.35,98.96,108.15
60.58,2787.22,129.28,139.32,237.31,5316.0,1.79,98.66,120.22
60.83,1682.05,118.03,252.41,294.28,5176.06,0.56,99.01,46.44
21.19,2018.29,120.65,189.44,118.99,8228.39,1.6,99.87,117.59
35.43,2402.77,123.09,290.03,41.97,7416.16,1.65,100.0,131.79
100.0,2429.68,126.5,244.94,75.42,5692.42,1.77,99.31,135.0
48.89,2668.87,123.01,353.45,171.33,6428.97,1.69,98.37,89.16
69.62,2195.79,64.81,192.69,70.22,5629.46,0.95,98.93,132.47
41.99,1755.23,112.39,81.44,164.52,6934.59,0.47,98.66,114.64
13.19,1803.21,133.25,227.25,121.08,6551.22,1.46,99.29,97.72
51.59,2065.97,124.86,194.27,179.93,4456.29,1.37,98.87,131.63
49.69,2222.71,167.69,242.76,134.13,5179.0,0.64,99.83,164.77
47.0,1944.98,151.0,253.01,176.76,5291.33,0.11,98.61,131.93
52.71,2061.44,76.48,157.24,234.23,5273.33,0.46,100.0,92.03
60.29,985.92,111.67,119.28,93.77,4085.95,1.6,98.17,75.47
52.0,2515.15,104.43,188.32,205.32,5606.43,1.53,99.41,116.09
29.72,2174.78,119.78,9.5,103.3,4083.71,0.29,98.07,101.17
64.72,2749.31,119.85,206.45,179.48,3946.61,1.86,99.93,139.9
16.01,2048.11,150.58,167.4,172.63,4786.26,1.1,99.23,56.98
13.99,831.12,128.87,268.93,212.0,5484.99,2.12,99.34,136.48
69.78,1797.09,181.53,41.13,196.62,7206.21,4.38,98.57,39.17
65.14,1908.05,132.05,200.51,291.5,6278.1,0.74,99.96,88.0
53.85,2568.03,78.47,326.1,177.65,6998.23,0.85,99.65,118.33
27.09,598.81,96.64,254.03,123.52,8190.76,2.26,98.82,90.51
40.84,2076.83,150.19,278.45,263.68,3946.34,5.96,99.19,112.55
49.75,2407.57,39.29,227.18,209.79,6280.21,1.33,98.58,150.43
23.08,1584.96,52.71,67.08,259.57,6352.2,0.37,98.52,72.31
40.22,2100.24,120.53,213.32,169.2,5460.64,5.47,98.77,38.84
68.05,1609.07,167.55,232.68,62.22,6607.04,1.27,99.01,49.6
83.55,1537.3,185.35,113.74,381.95,5157.59,1.23,99.2,91.45
46.61,1762.11,109.14,189.88,125.76,6207.43,1.55,99.17,144.84
70.13,1550.52,173.04,1.0,75.52,2450.38,0.58,98.59,82.45
16.72,2526.53,123.61,173.27,244.53,5003.82,3.07,99.73,181.24
68.19,1533.53,43.43,165.09,94.94,6275.04,2.05,99.96,44.15
38.92,1415.96,119.6,312.18,144.68,6851.15,6.2,99.84,25.05
61.15,3285.55,89.05,151.74,191.21,3450.51,0.46,99.69,104.37
50.04,2720.52,165.91,178.69,167.1,4852.74,1.93,97.45,72.33
81.41,744.94,118.72,193.66,147.29,3086.27,1.45,98.5,64.9
37.51,1512.66,56.1,152.77,323.07,4301.89,4.5,98.16,95.85
67.55,2217.72,45.01,257.58,169.97,5568.69,0.06,97.96,45.71
49.41,2274.63,118.95,40.61,99.05,6863.88,2.86,100.0,116.82
51.83,1004.65,1.0,290.93,267.93,6626.78,1.95,100.0,102.82
51.32,2859.0,94.09,199.05,114.97,5400.97,1.87,99.21,80.68
38.09,2625.66,131.55,304.13,170.18,3828.39,4.16,99.53,103.44
54.72,2385.33,67.15,1.0,98.58,4749.18,1.78,98.95,171.49
53.75,2997.71,169.7,5.1,199.03,9566.94,2.52,100.0,85.16
59.82,2364.6,179.55,176.64,183.58,2482.56,2.08,99.4,75.37
56.69,2362.01,69.16,240.47,177.39,2826.06,0.14,98.84,121.87
70.96,3138.38,105.1,155.61,193.5,5315.27,0.24,99.59,68.47
73.47,2818.85,169.73,246.71,253.6,6272.23,0.83,99.07,114.25
33.99,1458.94,119.93,278.5,243.28,6554.39,2.25,99.34,127.86
72.38,2491.24,50.28,253.28,86.45,5518.67,0.05,99.69,150.98
31.27,1583.01,112.83,208.26,119.28,2264.9,2.96,100.0,82.17
66.76,2400.91,77.35,207.65,263.19,4604.74,0.45,100.0,42.2
67.39,2381.63,175.41,150.82,109.55,1821.65,1.64,99.31,84.72
16.77,1079.57,150.3,195.57,224.27,5710.9,0.45,98.54,102.07
56.86,1962.71,104.31,118.06,255.55,5820.43,0.39,97.62,70.3
45.63,2233.68,127.11,137.22,32.26,4772.68,0.81,100.0,100.28
39.82,1742.6,54.59,241.15,143.43,2870.63,5.09,99.98,164.71
82.02,2268.3,82.31,162.97,253.35,3525.89,0.54,98.76,72.17
41.93,2612.13,197.66,141.0,166.77,2078.25,0.1,99.14,62.66
38.87,2026.58,122.68,235.94,143.62,4907.43,4.28,99.35,132.54
56.51,2205.22,166.5,230.39,254.8,10702.83,1.16,99.62,45.44
68.71,3016.4,131.6,182.78,279.35,4816.24,1.94,100.0,95.52
52.17,2379.24,185.71,188.09,118.94,4243.77,4.34,98.29,74.05
78.33,2188.58,20.06,233.28,339.04,5390.44,2.82,99.67,28.87
65.62,1377.34,110.59,277.52,19.42,2929.19,3.18,99.35,89.29
11.44,2517.72,202.24,216.09,44.36,2991.4,1.31,98.84,69.89
44.41,2279.1,167.81,104.64,139.11,3885.93,2.33,99.76,115.27
43.76,2946.62,186.27,182.29,149.89,6593.04,6.64,99.12,103.0
64.59,2080.81,119.66,167.43,154.01,5600.43,4.41,99.14,102.02
2.5,776.61,93.14,115.76,131.89,4713.19,1.9,99.42,57.06
100.0,857.92,68.64,239.83,114.7,6347.96,0.18,98.88,72.38
65.62,2562.98,65.15,245.99,160.17,8075.51,7.79,99.66,105.05
57.98,1648.86,160.35,258.1,126.91,6325.11,0.51,98.92,59.44
78.63,2353.74,145.66,120.73,241.37,3167.71,0.89,100.0,93.47
100.0,2127.96,116.67,212.6,182.76,1609.97,0.3,99.36,108.99
72.41,1931.21,145.41,199.5,160.1,1860.13,0.36,98.73,124.96
73.98,1980.55,127.12,224.59,173.51,6564.24,3.18,99.42,73.38
57.61,1442.23,168.11,210.38,280.27,3635.96,0.27,99.89,79.32
52.17,2036.96,167.63,199.0,136.49,6473.08,0.42,98.1,102.85
45.48,1638.85,66.71,189.38,65.39,4181.39,0.38,100.0,65.69
38.48,1787.42,133.68,288.55,92.04,5698.5,0.92,99.44,39.68
41.26,1821.45,36.56,131.05,159.03,6261.94,2.37,99.18,109.14
27.99,1889.31,126.65,186.15,223.34,3590.89,2.06,98.72,84.53
53.48,2693.52,150.22,286.51,259.18,6481.0,2.58,99.44,116.43
21.31,1957.15,54.31,135.12,328.38,3812.48,2.6,98.58,72.11
58.82,2764.59,99.18,139.19,246.52,3736.39,0.01,97.81,98.49
54.27,3124.5,120.48,258.72,100.53,6477.97,2.31,98.7,22.84
57.94,2646.46,131.7,86.09,161.71,6137.77,2.31,99.01,119.31
44.56,2422.13,106.07,252.85,5.0,5828.02,0.13,99.63,73.53
100.0,2276.78,61.39,160.83,151.96,3015.0,1.11,99.05,89.43
82.2,2653.75,117.3,232.8,125.54,4308.67,0.16,98.4,88.9
30.11,2110.55,37.39,102.34,5.0,6240.26,0.42,98.74,81.1
59.66,2737.2,108.37,294.81,369.68,9110.71,1.35,99.21,97.58
42.84,2477.87,97.93,102.62,145.98,8260.1,0.02,99.65,95.54
34.71,1796.11,113.29,258.0,5.0,4157.73,0.2,99.77,103.77
28.2,2675.1,92.03,105.96,155.33,3813.6,0.18,98.25,44.67
63.64,2112.04,44.62,344.66,328.57,8113.88,0.27,99.24,125.86
41.37,1973.71,101.68,194.29,351.64,6081.25,0.1,99.74,90.04
74.36,1714.66,166.54,356.07,185.25,4157.94,1.89,98.59,108.62
74.88,2164.21,183.07,134.49,188.67,5228.03,0.39,100.0,89.84
82.48,2745.52,241.97,164.59,290.3,2751.15,3.97,98.85,52.38
37.95,2670.26,204.58,296.86,166.45,6816.18,4.32,99.91,196.25
64.51,2295.38,60.15,85.9,221.43,7519.72,2.35,99.68,100.04
67.65,2467.75,99.58,144.06,255.56,7772.14,0.13,98.72,31.89
45.52,2938.19,118.86,239.61,83.17,7026.48,4.44,99.21,91.32
39.56,1943.02,115.72,118.5,318.31,4423.29,1.08,100.0,79.31
87.19,1267.21,123.48,241.75,100.83,6609.46,0.4,98.82,88.51
59.55,2958.79,240.38,213.63,122.96,7629.33,3.02,99.32,29.55
67.72,1677.16,65.9,78.91,188.98,6701.16,0.85,98.15,96.2
38.56,1564.76,84.32,277.42,264.56,6535.87,1.41,99.45,60.09
30.61,790.66,202.19,99.01,240.97,5344.24,2.72,98.92,154.03
43.61,2447.9,89.2,261.7,175.55,3369.44,0.21,99.57,90.73
52.52,912.98,139.68,210.28,205.58,8339.59,0.37,98.61,123.76
33.72,1522.82,171.73,163.6,276.6,4934.03,6.92,99.42,130.36
54.8,2459.77,144.32,111.57,180.76,7185.57,2.5,98.95,112.86
21.23,2553.34,129.59,226.34,106.92,9460.41,0.53,97.35,101.49
32.6,1591.81,166.93,130.2,125.74,6635.17,1.71,99.26,138.91
68.42,1954.09,75.35,296.64,261.84,7114.83,0.42,100.0,70.13
67.08,1437.18,95.18,299.56,106.99,3315.9,4.01,98.43,124.93
47.16,1664.12,146.78,331.36,38.89,3690.67,1.19,98.75,78.38
34.64,2234.35,16.53,222.47,152.62,7276.95,3.29,100.0,98.65
34.45,1696.85,190.83,167.66,173.22,4010.75,7.15,99.59,46.6
47.53,1877.05,135.17,176.25,257.44,2585.54,7.91,98.97,42.84
67.89,1022.71,127.65,170.39,48.8,2010.58,0.3,99.41,91.97
73.56,2841.07,38.47,219.84,211.18,4610.04,5.79,98.76,137.87
45.07,2405.05,55.67,234.93,283.61,4587.26,0.63,100.0,86.89
31.93,2603.03,100.07,298.53,106.44,6796.18,0.89,99.82,162.59
60.36,2951.3,160.37,201.61,187.35,3219.58,0.13,100.0,110.9
38.53,1470.35,16.17,87.74,5.0,7479.41,2.07,99.26,88.27
44.63,1797.12,159.42,167.41,258.58,2817.29,2.07,98.31,154.26
81.51,721.62,102.0,324.47,251.6,2865.26,3.0,99.55,147.36
71.54,4246.3,108.83,75.47,178.2,5249.22,5.85,100.0,40.53
58.16,1943.29,132.68,259.13,60.54,5095.65,1.12,100.0,93.47
29.56,2775.11,133.47,168.75,240.02,6043.4,1.05,98.02,115.53
59.23,1181.29,84.38,129.32,157.95,2883.82,2.04,99.35,123.83
76.25,2745.47,151.25,231.65,5.0,5635.52,2.2,98.08,119.36
47.49,3348.31,4.03,324.88,250.04,1979.32,1.18,98.79,88.41
82.02,2005.8,97.48,227.24,284.73,1048.68,5.03,99.61,82.58
80.85,1340.38,127.68,179.0,300.54,8290.44,0.11,100.0,90.79
88.27,1950.84,102.75,96.32,65.07,6883.8,2.82,99.36,65.02
61.1,489.27,28.65,192.09,7.49,4993.28,0.47,98.4,40.42
66.75,2021.48,157.9,93.43,143.07,1359.35,1.37,99.62,115.7
83.28,2622.68,57.58,175.21,226.61,4175.49,3.81,98.6,118.04
63.95,2022.97,116.62,194.96,95.15,5807.75,0.8,99.0,165.25
44.98,1849.1,127.65,11.16,36.81,4171.6,4.6,99.26,71.38
46.03,2417.3,120.99,311.07,245.21,7810.25,1.2,98.73,109.63
59.77,2470.82,178.45,100.92,148.93,6132.61,2.43,99.65,84.83
29.19,886.07,117.34,185.12,236.03,3338.31,2.57,99.73,89.17
52.13,2110.18,141.37,242.71,181.42,2127.51,0.6,99.92,69.74
76.93,3753.19,117.2,304.68,165.05,6574.34,4.62,100.0,96.92
11.17,1113.49,150.65,136.63,174.23,6513.85,0.27,99.1,150.37
85.69,1988.21,189.67,1.0,147.74,6360.91,1.78,98.34,77.75
77.45,3407.22,126.88,286.29,138.73,8033.63,5.29,98.41,111.21
45.8,2820.92,159.09,100.04,80.88,5823.81,0.06,100.0,71.16
65.87,1688.62,192.77,228.76,223.5,5168.88,1.52,100.0,36.47
55.06,2192.29,187.86,233.73,292.28,6376.04,0.57,100.0,88.76
79.6,2046.52,100.74,1.0,134.96,7222.61,0.43,98.79,171.56
74.65,1524.35,171.82,70.81,347.95,6237.36,0.53,100.0,62.38
27.0,1996.02,132.44,163.14,213.89,5056.59,4.66,99.08,56.34
66.75,1852.02,175.86,1.0,203.24,6742.9,1.11,99.44,59.98
50.89,2126.92,148.43,92.96,238.95,5173.08,0.54,99.78,167.28
56.66,1524.13,133.78,209.83,267.76,4121.74,5.25,100.0,139.21
40.44,1154.37,141.7,192.92,139.09,5218.65,0.78,99.58,120.35
89.96,2019.1,132.76,224.21,229.93,4425.63,2.57,100.0,149.17
75.8,3248.58,134.72,235.94,274.2,4845.47,1.54,99.21,131.27
40.2,2105.54,112.06,65.45,145.86,3477.03,2.27,99.06,90.67
28.31,1815.88,107.41,97.21,180.43,6798.23,0.4,98.98,77.0
47.29,2575.86,208.16,260.91,110.95,5384.88,2.27,98.4,136.15
63.69,1937.18,143.88,321.95,135.63,6278.95,4.73,97.24,99.46
59.8,3355.62,91.33,122.61,148.53,5868.11,0.21,99.93,58.33
80.06,2045.26,106.13,220.71,98.62,3376.12,0.79,99.04,115.96
70.8,2538.35,172.81,264.57,174.33,7381.72,7.19,99.72,82.22
74.39,1519.78,83.19,219.0,209.77,4594.67,0.51,99.62,139.43
61.54,2400.16,45.9,180.1,218.52,4349.96,0.12,99.31,56.29
27.21,2240.57,49.58,148.75,107.24,5386.07,0.11,99.86,117.72
51.09,2008.45,33.55,358.82,125.43,5421.25,0.64,99.95,101.41
76.2,1696.77,55.06,207.7,256.58,9681.21,1.37,98.53,102.31
53.97,1601.38,60.96,231.12,125.21,6073.68,0.63,100.0,106.12
65.06,2245.65,189.26,225.95,254.18,4125.99,0.66,99.81,87.31
48.63,2488.26,117.69,135.01,114.08,8416.5,3.56,98.59,115.05
34.4,1958.99,101.84,204.07,213.93,2065.69,2.91,98.75,106.25
52.53,2249.09,47.83,174.22,247.71,4132.39,0.74,98.33,99.61
61.18,2021.46,112.84,172.79,5.0,3999.79,0.85,99.64,143.26
41.89,2116.97,33.13,225.36,258.16,4992.29,6.99,99.08,41.27
50.29,1907.69,101.53,126.75,297.37,5623.16,6.0,97.45,118.47
36.21,2060.58,223.22,103.62,152.2,5784.21,7.23,98.81,103.84
77.38,3936.63,153.19,240.22,211.12,5750.94,5.6,98.93,115.07
49.11,2266.14,109.51,157.47,104.48,6133.83,1.98,99.27,119.1
84.06,2499.71,154.91,172.4,212.71,4891.62,0.74,98.12,121.4
85.57,2354.62,93.92,45.7,401.49,7321.25,6.98,99.28,79.6
53.38,1864.03,79.97,277.05,5.0,2098.5,2.72,100.0,68.93
34.83,2953.79,205.21,241.92,134.94,405.85,2.48,99.33,113.87
13.28,1844.19,62.89,256.65,251.71,6333.34,3.2,99.61,154.02
25.56,2786.54,102.29,230.99,293.54,4403.83,1.82,100.0,86.73
27.52,1814.06,135.3,78.72,55.58,8091.2,1.75,99.13,54.5
82.57,1376.02,73.19,218.32,122.56,6876.77,0.9,99.11,126.62
57.32,2303.78,152.53,151.27,127.77,6059.87,0.33,99.44,61.65
62.79,1274.73,104.67,122.97,121.23,4123.85,1.15,98.58,107.51
10.59,2422.95,153.2,240.0,169.54,6216.51,1.46,98.71,54.93
31.04,1212.09,149.3,332.68,51.42,4286.46,4.2,97.77,83.47
72.74,1824.69,107.85,319.47,157.09,5107.35,1.03,100.0,94.51
60.74,1045.79,205.53,249.77,95.75,4412.67,4.29,99.78,83.16
52.06,4024.92,86.73,197.58,173.8,5466.46,0.76,98.54,104.34
66.3,890.23,187.44,182.76,116.54,4548.39,5.79,99.92,107.8
87.72,2054.87,178.75,127.64,164.79,6801.23,0.08,98.63,74.57
50.58,2848.31,208.54,178.42,86.72,5814.84,1.49,99.25,72.99
56.39,2773.47,128.7,272.68,265.74,4083.47,0.78,99.24,145.53
58.85,2643.94,80.57,345.85,150.7,4194.65,0.7,98.89,85.51
100.0,1825.94,223.84,134.68,181.24,2713.95,0.17,98.63,106.85
13.01,2993.76,103.26,40.4,166.88,1485.89,2.29,100.0,40.13
68.66,2687.37,79.32,157.53,180.65,6679.0,1.0,99.26,166.86
52.7,2196.61,110.51,272.32,180.2,4358.92,5.95,100.0,113.27
66.34,2216.41,70.92,365.78,252.46,2808.79,2.49,98.47,14.06
41.85,1835.25,146.31,304.8,154.25,5799.99,1.17,98.87,54.55
54.02,1411.24,89.72,302.82,115.22,3701.38,1.97,99.17,66.22
69.23,2914.01,105.63,132.04,183.75,4875.26,0.14,99.97,163.4
100.0,2966.55,168.39,134.29,124.84,2674.03,1.78,98.65,195.98
71.16,1429.12,151.18,94.1,173.26,6168.35,2.19,99.6,116.26
38.04,1940.35,120.78,146.76,85.32,5158.5,0.22,99.44,138.83
46.52,1947.6,128.54,273.13,274.48,5899.52,2.29,100.0,144.94
45.93,2025.14,120.61,329.96,109.75,4230.19,1.28,99.55,50.95
19.09,2093.01,98.44,227.64,287.95,5444.83,1.31,97.94,92.09
48.4,2710.8,119.87,179.59,174.5,2380.34,2.57,98.49,91.5
69.66,1524.95,144.54,114.66,257.05,9094.12,1.19,98.53,150.29
29.52,1455.56,113.69,191.0,110.94,5746.56,0.53,98.88,178.86
75.97,2913.63,140.99,216.25,5.0,8073.49,0.71,100.0,183.66
64.76,1724.15,78.17,82.95,31.61,4521.01,2.68,99.01,114.96
40.32,1163.88,89.81,273.72,405.26,3110.24,0.15,99.22,110.46
52.17,1708.41,83.28,166.09,126.19,4115.22,3.68,99.04,77.26
86.97,1816.96,91.74,268.91,278.65,4921.13,1.75,99.58,97.39
69.67,3136.47,184.36,199.13,63.2,4790.16,2.6,98.69,137.64
55.18,2695.38,156.3,223.78,196.1,8350.81,0.84,99.08,133.13
50.25,2851.26,66.15,143.84,211.36,3459.69,0.5,99.07,117.05
56.53,2621.98,141.87,172.43,435.28,3911.41,3.27,99.15,61.24
44.76,2710.37,100.47,251.36,151.39,6283.41,0.22,98.8,172.44
12.91,1566.34,85.88,189.48,115.99,2144.0,0.36,98.27,113.9
95.84,1908.98,45.71,111.6,211.58,4927.09,0.67,99.85,103.04
58.11,1355.06,168.6,208.93,96.77,5255.1,0.87,99.12,130.95
62.96,1900.66,51.81,230.85,216.86,5780.03,0.46,99.99,69.52
53.84,2526.87,117.4,309.83,175.19,5627.97,4.88,99.54,65.67
40.3,2142.21,72.68,292.2,112.16,8577.93,0.06,99.56,80.31
51.28,2966.04,158.79,194.83,224.49,3407.43,3.25,99.99,54.63
23.01,1249.01,103.28,156.21,189.75,3840.16,1.06,100.0,99.68
100.0,2398.17,113.28,181.74,248.43,6097.01,3.62,100.0,13.61
30.31,1174.19,114.96,158.1,328.72,5407.49,3.18,99.82,75.89
34.36,2113.92,135.13,240.49,134.85,5632.21,0.26,99.4,16.28
46.19,2566.23,120.65,283.33,142.96,2470.73,2.2,100.0,84.69
80.76,1897.85,117.84,299.19,58.89,8925.94,0.95,98.68,86.44
55.29,2433.79,94.08,167.02,226.89,5812.75,3.44,99.61,141.89
30.28,1376.19,41.26,159.04,121.97,2152.23,3.81,100.0,106.47
80.09,883.42,64.07,166.37,211.1,6100.35,0.42,99.87,63.91
69.62,2437.92,155.92,45.44,284.89,3013.96,1.3,99.15,79.51
65.77,3268.81,104.71,103.78,118.4,6672.44,1.8,99.52,152.29
69.31,1350.77,86.8,197.24,137.31,2631.93,1.57,98.97,51.41
100.0,2903.54,49.71,230.34,271.31,6810.89,0.58,98.66,180.5
98.7,2078.4,34.02,239.29,243.67,2802.6,0.64,100.0,111.82
41.27,1113.02,84.84,137.56,234.13,3246.21,3.91,98.9,43.16
87.48,1255.95,164.4,160.71,144.78,5247.82,0.07,98.89,53.55
62.66,2059.05,92.15,178.44,50.75,3899.02,0.61,98.91,128.27
64.98,1764.88,140.02,169.51,115.93,4002.03,0.5,98.71,124.53
21.15,1128.96,89.85,255.04,89.15,2246.31,0.93,98.69,112.2
51.59,862.17,151.94,95.35,232.34,4406.44,2.32,97.99,99.62
38.74,1455.3,102.41,108.06,205.61,6590.92,1.52,98.11,90.83
71.56,2183.67,58.41,176.13,126.12,8381.07,1.56,99.07,63.84
76.42,2043.52,106.55,90.75,141.49,6489.61,2.63,99.52,110.54
13.51,1697.13,211.7,47.96,222.81,6232.63,3.34,98.03,159.72
54.56,2189.32,209.49,80.52,151.26,1960.69,0.35,99.33,93.79
77.44,2776.02,144.33,180.58,127.7,4948.25,0.23,100.0,105.49
51.27,2323.89,113.15,250.44,358.07,3827.09,0.72,98.87,136.04
69.58,1963.08,135.2,252.11,130.53,2280.75,3.52,98.51,74.16
62.02,2697.65,135.84,327.03,240.18,2710.21,1.56,99.16,111.48
61.83,1376.1,118.01,208.13,215.33,6202.36,0.31,99.56,126.99
49.57,1890.56,142.05,218.9,42.91,3996.79,0.36,98.81,65.63
30.67,1907.24,130.41,179.97,118.89,2344.94,4.57,99.87,43.05
32.57,1182.13,104.2,183.85,253.72,3854.66,0.91,99.53,85.94
69.19,1754.09,60.24,366.44,168.17,5521.04,0.59,100.0,129.2
55.39,595.53,97.0,220.91,48.16,3786.35,2.37,98.02,36.25
52.23,3386.52,159.98,227.86,215.5,2821.83,3.94,98.21,104.69
46.52,1391.81,118.43,108.39,127.59,3343.63,1.17,98.91,87.56
48.9,3158.28,135.01,232.83,219.23,6592.03,3.13,98.26,86.05
75.94,2074.66,105.85,252.67,421.9,1259.86,1.12,100.0,107.06
48.3,2443.4,67.02,288.82,214.42,4517.55,2.35,99.36,27.16
28.18,1705.84,108.07,250.41,235.1,4792.73,1.71,98.97,142.64
69.87,2193.55,68.88,189.86,157.14,3639.4,4.5,100.0,59.37
50.9,2503.34,65.69,186.45,79.24,3275.35,0.79,99.4,109.52
55.63,2513.19,180.28,194.23,272.15,6770.17,2.94,99.05,123.1
87.15,2590.34,99.0,208.57,125.47,6764.02,2.3,98.65,153.44
54.59,1790.17,82.93,301.41,159.37,5189.57,3.65,99.59,93.62
60.78,1711.75,200.9,285.81,341.41,4021.93,1.87,99.57,36.52
31.42,932.08,160.75,260.23,149.61,5202.72,1.23,99.68,31.37
50.61,2414.25,101.42,362.34,289.38,5727.89,0.1,99.76,145.99
67.19,2805.67,141.38,1.0,214.87,4798.63,3.66,100.0,72.63
23.89,3179.19,108.21,163.2,130.22,5776.44,4.81,98.62,79.89
59.02,2261.62,85.37,199.1,210.73,4363.48,1.19,100.0,49.85
57.02,1511.46,143.73,146.22,115.52,100.0,0.5,100.0,79.61
55.83,860.03,103.78,125.62,261.43,4651.84,2.08,100.0,164.75
75.74,2777.17,123.77,62.63,292.24,6232.88,0.26,99.06,96.3
61.69,790.61,171.07,175.09,184.41,5055.19,0.08,98.7,62.69
84.56,1809.58,165.56,271.52,300.82,5618.6,0.69,99.27,136.95
35.13,1890.99,92.5,261.91,194.41,4511.6,2.28,99.4,1.0
57.72,1999.38,144.3,139.83,262.31,4652.63,3.37,99.8,94.61
56.69,2073.06,63.61,217.62,445.61,5307.51,0.34,99.09,80.76
33.61,2144.7,142.52,308.61,402.76,8498.4,5.84,99.84,83.98
74.13,357.25,127.42,78.39,163.57,6516.11,1.61,98.96,37.51
100.0,2058.26,138.95,187.29,206.42,6277.95,5.19,99.23,89.13
54.66,487.3,105.13,222.92,85.14,5368.65,0.32,99.71,79.02
65.1,2560.55,224.2,200.8,251.88,2602.9,1.22,99.29,56.75
56.69,1659.41,74.94,268.05,215.03,7206.16,1.13,98.73,78.89
40.73,538.07,168.58,80.17,110.34,6633.06,1.06,98.57,17.5
18.58,1478.06,68.42,119.53,286.82,5658.67,5.34,99.95,182.04
40.88,1648.95,145.22,254.56,156.1,4921.08,3.79,99.55,1.0
27.16,2881.49,148.79,63.82,133.12,5982.65,3.16,100.0,89.08
89.08,2185.65,122.75,264.94,215.95,4584.02,0.67,100.0,88.38
52.7,2289.11,95.23,235.99,138.14,6310.3,0.83,99.0,72.24
48.08,2874.86,127.06,259.35,177.15,3491.78,0.6,99.9,85.45
72.78,1980.7,133.35,162.46,337.16,1561.91,3.15,99.45,120.42
32.56,2575.93,209.5,240.79,124.68,2837.89,1.0,99.12,44.69
39.66,2526.7,76.38,106.22,240.79,5253.84,7.7,100.0,24.0
56.36,1147.47,92.2,166.84,127.49,4456.87,0.91,100.0,73.68
75.58,3079.09,134.24,202.91,92.41,4734.07,0.37,99.66,1.0
65.03,1053.79,107.2,128.1,172.66,2667.05,5.31,98.61,59.96
59.97,2690.16,115.0,217.45,421.6,5543.48,3.05,98.87,73.38
56.56,986.05,173.52,108.46,250.35,3134.11,1.75,98.82,98.67
63.0,2468.87,1.0,221.49,221.58,5893.84,3.91,99.77,146.65
59.03,3351.34,90.1,339.35,132.79,2453.43,5.97,99.47,106.91
34.4,1898.91,32.88,99.47,145.39,3490.28,3.95,98.98,108.73
55.92,1868.55,60.21,198.2,46.49,3248.3,4.7,100.0,65.95
33.53,2475.31,240.23,70.56,341.55,6032.83,0.63,98.9,70.58
56.62,1817.42,149.91,133.36,204.2,4168.61,1.43,100.0,71.52
45.39,3320.8,167.58,256.16,196.38,5764.45,3.17,100.0,89.87
100.0,2182.53,115.97,165.55,198.35,7052.76,1.49,99.65,77.27
54.2,1823.88,157.94,259.39,368.11,8204.03,2.05,98.65,107.89
26.92,1669.8,31.67,228.47,206.96,5416.09,5.12,100.0,119.77
52.32,1394.94,171.91,194.84,162.67,3016.5,0.7,100.0,146.16
65.39,1608.57,79.01,117.65,341.92,7252.21,1.55,99.37,106.03
88.47,1802.53,93.43,254.84,168.33,7720.44,1.66,100.0,107.91
43.21,1706.65,145.26,224.33,27.76,4892.28,0.89,99.27,141.32
23.35,1587.28,135.82,77.76,42.57,7373.55,0.92,100.0,123.82
71.34,3517.19,124.23,122.84,162.75,5599.94,2.93,98.54,80.63
27.39,1326.93,51.85,1.0,206.25,2013.47,5.3,99.89,53.28
46.28,2150.64,124.99,90.75,253.98,3864.2,2.01,97.44,75.84
49.85,2462.76,168.03,174.93,97.35,4090.7,1.34,98.38,61.88
53.61,2489.08,93.38,115.53,159.73,4345.37,2.78,98.46,99.73
68.78,2006.98,185.75,133.47,107.13,3319.78,12.25,99.21,114.54
41.33,1879.51,76.37,311.25,280.23,3263.56,0.17,98.58,78.75
49.53,2364.08,120.33,282.31,295.42,7422.68,2.11,98.59,80.34
54.71,2234.57,196.77,144.43,356.24,1873.97,1.62,99.07,1.0
57.99,1866.73,85.93,263.48,211.64,3696.75,1.88,99.11,72.21
56.96,954.68,172.7,297.19,347.88,6117.89,0.05,98.39,220.48
63.72,1720.45,218.73,249.48,117.64,3996.53,6.23,98.26,139.89
71.88,1245.41,128.55,223.91,199.43,5720.61,0.18,98.6,148.24
62.85,1580.99,93.65,287.87,84.53,4277.51,0.73,99.9,114.45
64.07,2071.26,81.36,261.56,231.6,5787.38,0.71,100.0,132.08
23.36,2299.12,185.23,102.95,205.63,3131.68,2.64,100.0,81.23
56.0,3294.32,183.83,184.89,5.0,1654.64,2.22,98.95,62.49
64.59,1671.82,192.47,155.83,279.86,4278.03,0.13,99.49,154.48
69.58,2590.24,118.36,292.2,256.98,1781.28,0.32,99.2,51.33
41.15,2262.17,171.89,153.57,129.99,4879.64,0.77,99.1,114.62
41.82,2955.2,117.56,139.83,205.31,2953.94,2.44,99.28,166.29
43.52,2451.36,75.85,282.13,45.56,2975.54,5.3,99.39,133.66
65.73,1342.06,176.21,220.77,110.68,7649.66,0.76,97.98,84.71
75.68,841.87,201.69,368.94,330.22,5492.69,1.49,98.77,146.13
46.85,2265.88,68.97,131.02,76.11,2234.8,0.93,99.17,103.67
73.16,1678.08,68.03,158.49,180.86,4913.05,1.72,100.0,89.65
57.47,1361.78,122.0,289.76,54.33,4742.69,1.98,99.65,124.63
52.51,1160.7,167.81,97.67,210.42,1276.76,1.46,99.97,59.77
50.77,2160.68,63.31,305.58,230.65,5625.77,0.99,99.12,37.4
69.93,3103.4,131.35,103.4,245.17,6715.08,4.24,100.0,85.63
61.51,1761.93,90.48,248.82,222.12,4238.87,3.24,99.4,68.87
100.0,2461.19,155.04,52.56,308.42,4474.29,12.88,99.78,36.75
37.96,1976.41,80.11,203.61,130.14,3997.04,1.06,99.32,96.26
65.36,1145.43,158.59,90.44,84.76,5693.82,0.08,99.59,73.34
44.42,2562.37,112.09,354.1,127.15,4550.97,2.11,98.87,56.89
37.61,1281.72,73.14,114.27,58.84,4622.67,3.06,100.0,94.35
54.78,2063.14,123.18,133.69,187.09,3543.05,5.52,98.86,57.08
57.75,1808.94,23.1,242.83,167.43,8674.4,0.02,98.54,141.43
100.0,2673.15,92.05,151.92,222.98,4532.7,4.23,99.31,166.18
51.32,1307.29,136.87,256.0,34.54,6261.05,1.45,100.0,123.06
32.4,2321.61,31.41,143.13,178.83,5477.84,0.94,98.72,77.9
60.46,1460.14,1.0,136.96,289.3,392.66,0.5,99.07,111.4
13.51,1690.23,3.03,197.8,231.5,4332.74,3.37,99.38,68.24
53.16,128.0,186.36,102.65,9.4,2924.64,0.9,98.27,121.65
55.32,3512.47,116.16,231.71,178.95,6758.12,1.86,98.24,123.88
70.89,2433.39,93.38,270.18,114.05,2720.52,1.43,99.99,126.47
74.47,1510.86,167.26,244.24,181.16,5890.68,0.61,99.25,80.25
44.93,1260.74,99.78,251.46,145.74,6793.69,3.1,98.46,123.29
51.99,1701.05,133.42,46.01,336.54,5504.73,0.71,98.98,114.66
39.68,2549.82,121.29,163.07,187.71,5006.8,3.1,98.81,105.55
32.44,723.54,96.45,181.83,208.51,4287.36,1.05,99.21,98.6
61.2,1948.89,134.71,316.36,176.03,4777.7,0.06,99.34,52.12
29.53,3287.45,158.66,153.5,222.7,2587.82,2.92,97.7,111.65
46.71,1254.24,110.75,15.86,160.48,5320.18,4.59,100.0,83.78
35.1,2104.27,96.97,119.68,249.62,6892.68,0.26,99.25,43.68
65.99,3590.32,102.87,147.1,144.73,3429.7,1.76,98.75,66.74
91.03,2490.51,5.1,27.48,303.88,5033.09,0.15,99.82,112.25
28.97,2136.15,134.15,277.5,224.68,4813.77,3.54,98.48,75.71
17.94,2402.65,59.54,74.43,166.27,5562.76,8.84,98.98,72.09
52.5,1767.39,151.49,235.68,255.79,4034.42,1.37,98.35,11.83
55.31,2957.74,115.48,112.61,224.37,2284.62,0.75,99.72,138.64
59.37,1768.47,125.26,320.56,254.46,2983.57,3.74,100.0,50.9
46.07,676.57,155.02,177.91,187.72,826.9,1.47,99.47,97.38
50.99,1774.09,73.67,161.67,158.29,6396.91,1.19,99.07,76.23
62.35,1371.29,138.46,242.26,192.17,5715.78,0.52,98.31,105.62
75.81,1851.16,133.38,119.42,134.97,4973.84,1.91,98.88,104.94
15.9,1866.64,110.76,246.04,268.14,3745.28,1.86,99.36,86.81
47.62,2886.2,73.59,161.47,312.23,4708.28,0.61,98.8,106.16
59.28,2534.7,149.76,152.43,232.11,4948.69,0.48,98.88,95.77
36.64,2232.29,155.17,192.99,307.63,4061.72,1.15,98.41,40.09
89.62,2045.94,125.68,112.83,281.42,4130.25,1.2,98.68,143.26
42.29,1306.8,66.48,184.73,155.86,7357.08,0.27,98.17,155.78
54.17,521.18,93.63,227.16,255.22,2748.53,0.65,99.39,59.8
66.12,2127.21,116.98,15.3,64.53,6787.16,0.35,99.23,33.07
43.17,2604.25,154.42,287.3,196.75,2092.77,4.63,99.27,145.12
18.07,1972.17,40.83,265.28,73.59,7894.0,0.15,98.95,52.11
46.43,1673.6,91.81,51.63,170.13,698.72,4.22,98.79,146.77
75.59,2373.15,99.87,39.17,50.43,5837.7,1.5,98.99,141.58
48.26,1989.67,115.84,267.35,278.49,3814.35,2.19,98.9,88.68
38.07,3228.02,54.93,261.16,144.46,4699.36,5.13,99.31,87.97
73.51,2910.91,109.12,249.84,261.57,4756.61,0.91,100.0,55.26
48.38,2719.66,104.48,85.85,173.2,6090.11,2.43,99.07,97.63
44.8,2578.41,68.12,346.29,14.02,1469.17,2.23,98.79,114.64
57.99,1144.88,114.1,139.6,136.43,4944.57,8.9,99.03,109.48
70.42,2512.1,92.94,219.16,132.24,5333.38,0.09,98.86,119.49
100.0,2311.43,144.78,220.14,178.67,3809.66,1.22,98.85,137.4
71.54,2472.5,75.73,327.43,315.72,4800.1,9.12,98.79,93.11
78.2,2392.83,124.49,210.01,330.63,3804.57,0.79,99.68,207.82
44.88,2364.93,79.58,233.27,159.19,5998.59,6.74,99.67,112.95
34.48,3938.61,90.01,193.83,66.57,5655.11,3.39,99.83,110.93
56.25,1994.67,134.86,104.27,113.03,5390.57,0.83,99.98,110.63
57.14,2703.44,131.74,14.51,223.16,6192.3,0.06,98.94,111.19
33.43,1718.31,99.15,202.61,170.26,7244.94,0.66,98.1,110.96
51.49,2601.45,106.53,87.01,38.22,3215.29,0.26,100.0,136.83
62.99,2705.52,47.32,228.01,134.68,8999.84,1.12,97.62,1.0
62.21,2303.1,190.14,211.9,298.04,5707.62,5.61,98.96,85.26
65.09,3216.47,154.37,209.95,206.3,4097.94,1.44,98.2,29.1
60.82,1429.01,152.57,115.77,184.26,9139.29,1.19,99.48,149.56
44.86,1706.95,40.25,282.92,145.01,4252.9,0.49,98.53,38.63
44.72,2196.67,90.23,237.98,138.6,2820.04,1.94,99.99,63.38
31.02,2664.56,103.27,105.46,228.96,4082.32,1.22,99.36,68.38
90.7,2173.6,23.45,365.48,192.79,3995.87,2.96,100.0,46.52
55.27,2948.03,164.5,183.14,249.39,6952.89,1.45,99.27,82.82
50.5,1584.82,192.69,93.26,229.2,4796.98,4.35,100.0,11.12
36.42,1249.6,223.1,139.33,181.77,5180.16,3.06,98.44,156.06
100.0,2263.69,67.71,79.29,214.58,5114.45,0.31,99.89,111.88
33.53,1993.97,125.87,308.75,126.67,7099.03,0.29,99.11,64.53
46.42,2428.0,186.14,286.44,175.66,4419.37,0.05,99.37,117.92
63.32,2028.82,107.32,259.16,300.69,4630.95,0.92,99.85,107.97
67.0,1809.99,91.65,244.09,180.96,3760.38,0.11,99.47,57.32
74.16,1995.54,26.7,299.87,160.45,4242.73,1.2,98.65,123.27
91.15,2068.19,176.63,180.64,198.94,5945.28,0.55,98.86,86.49
65.12,1834.51,119.04,233.81,75.1,6311.58,1.38,98.46,140.34
33.88,1905.81,83.53,135.05,199.88,8059.7,0.34,99.7,75.58
49.86,1765.48,134.19,187.72,332.64,4812.69,1.59,98.96,40.94
61.16,2647.67,127.65,236.01,107.22,4525.22,6.79,98.89,134.05
96.36,2183.81,128.41,1.0,204.03,5714.89,2.03,99.34,85.79
27.04,3627.73,109.15,150.42,177.89,4156.05,1.66,99.03,94.02
79.05,2160.49,201.12,213.2,175.58,3846.69,3.1,100.0,105.64
58.6,1662.4,113.32,193.8,173.96,5582.47,0.01,99.75,55.73
71.76,3917.47,200.97,163.81,244.29,4294.72,0.66,99.71,83.3
52.96,2337.54,148.21,247.13,81.17,4478.86,8.68,98.91,73.61
38.15,2741.09,137.56,143.38,241.98,6090.24,3.05,99.7,79.21
70.02,2462.47,114.34,102.25,186.22,5558.21,0.19,99.55,144.99
68.09,2484.11,168.7,294.7,21.35,8600.95,0.79,98.35,63.97
74.44,2422.96,125.65,283.41,214.19,6659.27,1.16,99.03,61.98
54.73,1276.54,73.39,152.07,190.25,3618.78,5.45,99.08,150.96
43.0,2305.27,71.73,194.5,101.54,4280.43,1.76,100.0,55.59
23.82,1120.6,141.12,267.68,194.45,2528.91,0.16,98.91,97.56
71.39,1925.95,74.63,203.52,61.54,3248.62,1.42,99.54,122.38
63.48,1540.07,116.89,242.42,118.38,7272.0,0.68,100.0,122.13
35.68,2298.23,172.86,238.05,183.33,4500.03,0.83,98.55,38.8
44.23,2281.89,135.2,174.47,28.29,2505.01,0.24,99.4,66.38
45.66,2384.8,83.89,241.27,76.38,1495.02,1.23,100.0,25.22
25.34,2249.11,190.5,122.8,89.83,2350.96,2.21,98.1,128.32
38.65,1623.22,147.39,231.54,187.13,3555.44,2.85,98.78,136.95
32.32,1865.3,170.89,194.07,219.72,5006.69,2.38,99.39,135.28
46.75,2692.28,6.62,171.14,99.65,4286.22,2.16,99.46,94.01
40.23,2795.5,136.54,100.26,94.6,6257.27,4.07,99.31,85.74
22.46,1245.25,162.11,210.53,192.43,3315.51,0.81,99.58,72.51
95.45,976.35,205.01,203.08,190.0,7207.62,0.48,100.0,34.1
80.05,1539.18,46.81,132.83,116.98,4754.58,0.19,99.24,115.8
39.42,2779.65,180.31,72.25,344.58,5824.94,0.36,99.15,56.19
60.45,2898.42,202.22,68.44,196.6,4063.65,0.32,99.62,13.15
63.35,1400.7,19.14,179.67,164.69,6830.49,4.87,100.0,147.59
78.82,2263.12,143.93,224.52,145.25,2610.99,0.4,99.62,70.31
38.63,3332.1,150.88,348.0,270.79,2778.89,0.2,99.93,104.75
76.84,2338.72,103.65,196.39,229.05,3254.87,1.02,98.1,89.22
44.04,3043.05,95.5,69.97,23.61,7116.68,0.37,99.07,140.3
28.28,2747.11,153.39,183.45,117.38,4573.26,0.28,98.35,36.13
69.48,1410.86,89.25,300.11,139.79,3292.9,0.9,99.21,125.52
80.82,1915.01,109.14,145.38,178.92,4646.47,5.04,100.0,93.13
100.0,2072.33,160.62,289.49,236.44,5309.6,0.06,98.3,113.18
31.01,2120.89,207.7,214.06,83.69,3061.31,0.47,100.0,78.82
68.98,2689.43,146.9,251.75,172.85,5287.22,3.48,99.2,80.1
46.8,2334.08,126.67,348.71,332.93,4755.02,0.56,99.82,131.76
70.67,128.0,94.18,53.02,182.62,4089.46,1.16,99.92,65.03
25.59,1129.01,69.47,271.72,117.51,2720.59,0.21,100.0,73.93
29.74,516.83,175.48,192.42,59.92,6599.38,3.17,99.61,85.31
39.48,2170.76,112.33,124.07,136.18,4156.16,2.67,98.59,37.05
56.58,2216.34,177.54,191.95,82.91,100.0,0.27,99.91,84.25
42.18,2246.26,103.52,335.28,144.49,5640.84,5.91,97.33,86.71
68.18,1376.75,87.54,306.8,228.8,5685.66,1.79,98.56,122.46
75.54,2519.9,141.04,39.94,183.33,6679.27,3.2,98.79,73.92
66.99,2549.38,116.17,138.41,136.8,5743.82,2.89,97.73,19.61
87.38,1169.4,59.72,275.43,18.84,5249.15,1.46,100.0,96.25
63.32,1021.77,210.87,198.26,254.88,4123.63,2.75,100.0,75.94
30.66,2047.91,88.65,198.56,148.28,4128.83,0.54,99.52,47.53
82.27,3302.25,166.38,74.53,189.72,6216.53,0.04,99.89,107.92
42.9,3237.82,162.09,140.36,97.94,4717.8,0.84,99.46,109.48
73.21,2442.38,57.03,91.34,143.19,2412.9,0.33,99.8,119.41
86.47,1537.0,69.88,67.73,127.81,4380.45,7.94,100.0,110.09
64.13,2668.79,104.92,99.38,59.95,4902.36,5.14,98.19,124.41
25.08,1731.3,76.72,125.75,98.28,1416.83,0.31,99.84,108.41
36.64,1510.75,206.32,139.11,178.68,6344.2,0.84,99.99,175.91
81.45,547.22,109.99,132.63,206.87,5001.16,1.42,98.79,153.92
51.62,2119.67,164.49,281.64,118.45,2546.97,1.02,99.04,104.49
56.59,1607.09,145.68,127.43,71.76,4464.61,2.41,98.66,25.95
70.18,2115.5,133.2,314.09,147.92,4815.9,1.4,99.42,169.81
68.93,438.45,122.02,161.28,250.17,6702.7,1.67,99.47,84.32
60.58,2166.88,181.86,235.14,95.48,6650.89,2.26,99.34,120.06
50.83,346.22,78.75,237.69,181.16,6940.55,0.05,98.66,113.9
48.75,2809.56,206.32,128.17,120.56,5676.6,0.03,100.0,90.33
72.16,2413.32,55.64,173.75,281.57,3823.76,0.39,98.79,75.79
66.07,1852.93,159.08,159.76,134.41,3367.01,2.53,99.59,81.21
49.85,2441.9,49.74,229.8,239.58,3738.72,0.55,99.75,1.0
76.64,1363.35,104.21,189.69,271.36,4881.44,5.06,98.0,48.27
52.42,2098.66,124.67,140.13,318.73,4954.75,0.16,99.43,75.37
37.97,2604.34,95.67,209.52,58.2,6852.14,1.73,100.0,97.01
39.82,128.0,110.92,227.17,54.17,4542.17,0.05,99.19,118.7
35.43,1734.94,50.65,348.0,284.87,1357.25,7.16,99.83,72.01
49.55,2032.15,70.63,205.45,270.13,2853.23,0.48,98.73,122.28
79.67,1910.59,144.91,200.8,124.48,3243.61,1.77,99.94,85.86
38.9,3067.97,121.48,234.27,5.0,3241.93,6.12,98.4,80.56
58.77,1261.27,85.47,124.05,187.28,100.0,0.06,99.18,97.08
41.87,1613.19,186.21,61.96,43.43,7825.03,1.44,100.0,124.36
49.79,706.89,59.0,175.03,105.51,1071.41,1.5,100.0,85.63
24.8,3105.2,101.92,285.77,196.31,3967.26,0.87,98.29,109.6
50.59,1875.6,94.72,298.68,208.41,6185.11,2.13,99.05,124.83
51.13,1741.11,150.75,49.65,322.32,6061.41,1.56,98.78,116.79
65.81,2011.26,122.41,253.29,146.45,2354.57,0.57,100.0,68.29
59.47,2493.37,114.59,25.22,92.13,7172.13,2.44,99.15,75.82
31.03,2291.15,27.79,236.73,262.56,6909.98,1.26,99.3,118.35
76.68,3901.52,163.25,231.95,213.94,4673.45,1.27,99.54,89.59
59.21,2365.76,109.11,62.08,147.32,5049.05,6.07,98.35,63.83
58.97,1722.33,125.78,280.0,182.86,3355.31,1.53,99.41,96.78
54.82,1655.05,82.57,339.51,145.98,5454.35,3.07,98.49,126.11
44.64,1773.07,74.71,195.0,242.28,5407.1,4.04,98.86,131.56
59.36,996.71,194.96,211.28,331.91,4123.91,1.74,98.89,135.84
64.51,2075.9,31.34,318.33,114.71,6161.98,3.09,99.54,96.27
20.06,2596.43,67.29,109.89,217.88,5596.72,0.74,98.64,110.28
44.22,1618.65,194.02,111.91,42.32,10783.95,0.4,98.87,139.19
49.9,1482.83,152.04,132.85,83.47,3377.01,2.38,99.43,69.46
60.12,3109.16,103.73,202.97,230.63,7399.23,5.21,100.0,134.1
78.87,1049.46,182.33,202.75,173.66,3465.83,0.09,99.51,122.92
39.57,600.53,142.34,155.74,80.18,5949.4,2.88,99.99,123.08
45.04,1240.97,131.63,175.96,180.79,321.03,0.06,97.71,27.43
44.75,969.7,131.28,156.83,259.1,4077.76,1.23,100.0,73.03
38.97,2318.36,143.26,160.66,49.78,5849.72,2.26,98.6,70.34
48.06,1795.51,145.28,138.52,337.19,5431.84,1.04,98.77,151.93
70.42,1894.22,229.8,139.16,231.57,1390.76,0.72,100.0,59.63
33.92,2855.05,110.26,39.92,233.37,4258.6,0.41,99.32,52.35
63.56,1564.07,111.8,182.11,179.88,7658.09,7.62,98.68,46.38
20.96,2590.56,58.16,43.55,337.24,6852.1,1.69,98.77,80.05
43.77,3105.93,117.41,260.04,266.61,6728.83,0.27,98.23,111.13
48.41,1729.04,213.14,155.21,146.92,9233.97,0.1,99.21,168.45
88.5,2563.92,169.22,190.45,248.17,1859.17,0.56,98.96,79.72
49.5,1878.73,92.82,170.14,114.02,4290.05,1.55,99.67,64.68
10.98,2694.87,121.5,180.47,154.78,5055.93,2.79,100.0,157.35
15.02,947.96,55.18,301.07,312.0,3683.86,7.92,98.32,163.47
55.68,896.14,71.54,91.88,214.88,5224.76,3.59,99.62,24.63
67.28,1774.11,127.47,70.13,239.54,7341.76,1.89,98.13,74.3
62.51,1425.75,95.28,209.55,285.27,5198.58,2.2,99.5,103.64
58.35,1686.3,67.77,160.33,229.34,1032.85,1.48,98.38,102.5
78.25,1894.33,144.49,228.77,106.99,6218.43,1.14,98.26,183.63
44.21,2552.01,115.89,257.33,329.52,4973.01,3.07,100.0,72.96
72.9,1762.64,41.62,111.49,226.45,1077.31,0.39,100.0,49.11
22.36,1471.3,16.24,248.27,232.81,3892.1,0.81,98.7,64.04
36.9,1801.94,91.5,118.24,185.03,1875.74,7.7,100.0,138.59
18.86,1509.6,40.59,205.97,279.97,4481.91,1.7,99.17,94.47
49.5,1394.2,26.55,101.05,352.35,4092.92,1.38,98.24,159.04
54.07,918.89,176.45,210.57,146.22,2254.74,3.8,99.65,120.85
57.28,2096.63,115.11,198.33,275.89,5451.87,2.87,99.86,67.87
56.24,1649.91,106.73,111.77,183.09,3051.16,0.79,99.73,129.51
36.45,2724.4,110.58,91.33,5.0,7383.26,1.97,98.02,143.1
51.2,1034.82,63.11,260.05,53.64,5302.75,0.41,98.4,153.33
25.05,1668.54,140.55,163.76,218.19,4530.53,0.11,99.86,38.86
82.26,3317.04,113.46,280.96,270.93,7257.32,9.18,98.39,106.23
48.93,1390.27,82.13,156.53,234.82,5468.44,2.67,99.91,50.41
45.22,1882.43,89.62,304.17,249.22,5623.89,5.34,98.95,83.18
86.78,1196.91,58.63,124.13,413.06,4882.97,3.57,98.05,85.66
30.16,1104.1,99.69,317.82,227.55,4435.38,1.12,98.28,106.27
32.49,3131.12,108.02,213.95,156.16,5727.53,3.95,99.52,114.22
33.08,2167.73,98.39,231.98,168.6,7743.24,3.09,99.55,70.85
53.64,2141.58,122.76,119.68,327.15,100.0,0.6,100.0,143.71
63.63,860.58,116.07,258.34,65.77,8362.91,1.95,99.21,148.34
69.79,2299.12,131.54,261.11,291.42,3185.51,0.73,99.06,102.46
100.0,2858.2,167.15,174.05,181.46,5346.36,0.53,100.0,164.01
10.01,2852.63,149.65,29.28,105.16,1909.35,0.17,98.61,91.83
67.17,2515.83,167.73,110.93,49.49,7684.59,1.57,99.0,20.98
43.86,1257.36,77.61,110.92,313.25,2511.02,1.0,99.53,58.13
43.27,2267.19,94.57,235.95,102.84,7020.19,0.18,98.57,77.24
42.6,2515.31,152.68,162.8,185.61,4565.88,2.53,99.51,131.81
36.82,791.89,153.57,164.35,92.27,4707.12,2.57,99.2,55.74
88.69,1263.1,86.07,154.7,356.93,2733.44,0.54,99.99,92.56
71.85,2669.71,150.58,317.54,188.84,7194.5,6.24,98.91,194.15
55.46,2661.23,72.82,203.63,58.83,4734.56,3.01,98.75,104.28
82.02,963.99,144.05,215.82,141.41,6291.81,3.27,100.0,159.31
24.75,2604.52,118.69,150.45,305.38,1280.7,0.01,99.8,47.06
28.39,2114.71,50.78,197.63,92.09,3395.77,7.67,99.96,14.13
11.44,2594.71,98.3,121.94,147.47,5451.27,9.27,99.78,30.64
41.01,1603.84,229.11,227.5,286.84,2159.83,1.42,98.73,138.34
58.23,2499.63,130.14,108.28,210.81,5650.26,8.4,98.53,85.68
57.06,2638.68,235.02,259.54,70.25,3808.64,1.89,98.54,81.88
57.99,1802.07,47.8,141.2,200.1,3600.14,0.29,98.8,163.91
26.78,2060.43,157.54,275.87,166.25,5922.94,3.37,100.0,138.53
71.06,1594.03,1.0,352.58,184.72,5307.38,1.63,99.18,113.65
59.79,3204.15,119.99,200.09,265.19,2976.79,0.84,99.86,142.94
69.66,1963.81,151.56,304.93,201.65,7021.66,0.54,99.78,88.87
17.14,1402.58,161.89,260.12,171.65,5909.84,1.46,100.0,108.95
61.23,1546.92,80.04,85.38,167.23,1373.92,2.35,99.76,46.53
31.24,2136.74,171.95,208.87,276.91,4454.28,4.19,99.35,64.43
47.05,2575.33,93.31,240.1,115.17,5671.85,1.83,98.29,84.33
65.69,1112.92,111.8,247.82,5.0,4799.9,1.07,100.0,93.95
56.82,3341.36,98.33,214.26,159.72,100.0,2.0,99.95,134.47
37.97,2264.07,63.18,213.22,214.04,5114.32,1.37,99.5,144.53
55.13,2374.52,198.49,200.41,142.53,6363.59,2.11,99.35,209.37
24.37,1979.97,122.4,210.65,132.72,4853.44,1.88,97.95,187.02
78.01,2061.48,174.37,102.11,147.22,5099.86,7.7,99.5,140.78
50.89,1944.2,172.24,181.1,177.79,6835.83,1.95,98.83,35.48
77.37,2760.46,71.6,83.76,63.15,2148.37,2.35,98.05,152.28
44.47,2042.45,180.81,160.19,239.52,6325.55,4.46,98.86,170.65
44.53,2584.94,145.17,152.74,5.0,5611.27,4.88,99.37,100.6
39.72,1744.31,67.95,147.63,228.6,2077.43,0.3,99.46,27.19
72.52,2184.95,142.44,115.84,208.2,6255.91,1.21,98.38,103.26
40.81,1485.26,68.85,221.54,224.73,8251.16,5.72,98.25,130.77
67.89,2899.57,200.32,174.55,6.44,5600.88,6.43,98.99,104.84
47.35,1464.38,160.69,166.37,206.35,5998.05,0.42,99.6,78.79
15.48,1820.51,116.44,87.39,131.17,3082.31,1.17,98.64,91.99
43.59,1827.53,183.24,176.17,324.2,3886.52,0.65,98.89,146.67
31.42,1800.23,40.9,291.64,212.55,3167.77,3.13,99.33,114.0
55.68,2553.75,82.53,292.86,74.09,5712.49,3.82,98.63,153.92
31.19,1826.34,107.38,229.88,27.85,4067.65,1.27,97.8,138.56
73.52,3023.75,231.78,176.39,124.67,3956.55,2.25,99.42,87.25
53.18,1475.07,66.48,244.72,253.04,6266.74,4.08,97.98,128.6
51.45,2166.56,34.63,146.61,283.72,8005.51,2.47,99.43,155.15
68.12,1504.95,47.78,176.06,196.33,4842.22,0.34,99.05,101.03
74.28,2342.68,165.31,140.6,187.2,2165.13,2.49,99.04,121.92
54.6,2036.84,90.29,272.67,150.12,5072.3,0.35,98.43,34.2
39.58,1939.46,112.05,262.4,178.08,5344.81,2.12,98.97,77.34
19.52,2879.93,158.14,197.23,289.42,6496.54,0.81,98.58,89.1
41.28,1589.96,112.1,338.5,148.8,4417.67,0.12,100.0,54.08
42.66,2458.56,130.21,233.0,239.29,6585.81,0.51,98.64,100.26
57.14,1509.73,146.76,228.5,132.44,6309.75,1.26,99.93,162.85
48.1,2126.88,98.47,219.93,271.19,4463.46,10.24,98.8,107.38
68.76,1211.1,111.68,99.02,232.09,6476.55,0.59,99.37,148.5
42.74,1584.24,132.1,128.46,267.49,6674.33,7.71,99.21,123.37
53.86,1990.5,163.41,195.63,349.39,3035.98,0.91,99.08,163.82
78.68,3318.25,80.38,196.29,5.0,6728.64,6.44,99.06,92.52
61.84,2118.56,1.0,247.18,247.84,4784.04,6.25,99.37,68.23
53.8,3206.27,153.98,146.57,222.22,4554.58,0.31,100.0,126.32
42.96,2202.23,166.39,205.65,220.27,4805.69,3.53,98.41,32.29
42.34,1777.04,130.0,207.08,201.65,7234.17,1.46,97.96,118.88
37.99,3125.55,133.41,210.26,201.59,7229.21,2.32,98.62,6.7
44.18,2353.91,91.78,201.31,210.27,5857.39,2.99,99.29,60.11
70.11,1598.09,145.01,87.69,261.54,5485.26,0.27,98.99,109.02
50.56,2377.4,162.66,19.1,254.37,4812.26,3.21,100.0,44.08
28.0,1843.18,122.82,124.66,177.75,9857.24,0.72,100.0,78.61
90.36,655.68,244.56,157.51,163.13,3767.38,2.64,98.88,42.48
61.4,2703.18,41.81,105.72,181.81,4195.07,1.71,100.0,123.46
26.86,2814.45,128.15,195.55,142.84,5544.39,2.31,99.49,140.43
46.16,3334.56,61.28,287.21,340.22,3367.97,1.95,98.69,95.13
57.22,2343.5,163.99,258.08,65.63,6887.76,3.33,99.12,182.88
89.09,1873.89,40.93,237.31,247.48,2351.58,4.5,99.06,85.63
32.84,2632.49,53.3,278.82,246.95,3715.04,1.19,98.68,41.63
74.52,2642.87,88.34,126.03,132.26,4276.86,1.0,98.76,37.86
82.99,3194.8,133.29,163.46,206.64,3191.59,0.55,99.52,89.18
42.43,2016.76,90.23,249.19,293.67,6873.76,3.36,98.92,107.94
49.45,1932.09,90.73,162.04,150.3,2633.02,6.82,99.0,194.91
34.27,1547.12,110.96,166.41,298.07,3266.27,0.43,99.05,52.21
50.93,2424.22,107.89,348.99,280.64,3781.61,1.22,99.08,69.73
54.27,964.22,194.37,207.64,116.11,6517.39,2.94,99.84,114.11
68.19,2591.26,154.3,341.09,80.27,7614.45,2.02,98.62,98.89
76.8,2459.48,103.77,54.14,194.89,5940.31,3.38,99.36,70.91
40.04,2457.55,224.85,149.53,68.37,2635.35,0.03,98.14,93.27
15.65,2144.76,144.58,232.71,5.0,3883.66,4.85,98.83,49.65
54.58,3121.08,71.55,207.5,135.95,7829.75,0.13,98.28,77.13
60.87,2658.4,132.83,35.56,375.68,5051.95,1.18,100.0,50.57
59.99,1623.05,146.78,181.63,139.76,2397.55,0.65,99.29,136.71
48.47,1635.57,85.62,397.84,214.16,8949.26,5.27,98.9,124.67
57.5,1432.23,67.37,219.75,243.0,3974.38,0.64,97.98,92.91
85.31,2433.9,124.32,248.35,176.29,4871.24,0.93,98.26,95.64
62.63,1347.9,101.99,148.48,149.97,3767.46,4.38,99.8,103.95
47.53,2806.37,193.96,219.46,290.58,3279.97,1.54,99.45,76.79
45.0,2974.08,157.06,199.01,183.59,7332.77,4.57,98.19,27.43
51.6,1432.69,87.96,289.51,171.78,5353.21,2.16,98.19,81.38
87.73,1918.12,141.3,286.96,251.77,5567.55,0.17,100.0,114.51
51.33,2059.63,183.36,232.6,87.34,2696.86,1.14,100.0,133.09
54.6,2666.79,50.31,205.68,66.32,4461.3,0.39,99.41,97.87
45.35,3174.54,68.86,65.67,33.76,3880.35,0.13,99.28,70.87
76.98,868.16,119.44,62.88,231.12,3513.82,0.94,99.08,117.42
94.2,1825.27,121.78,206.55,165.27,5841.16,4.78,98.32,101.96
64.01,1861.79,117.39,269.97,254.37,4391.84,0.25,99.8,53.35
56.66,1067.53,104.46,306.54,184.58,6246.74,0.01,99.06,23.01
55.74,1708.42,103.7,128.82,56.61,6297.33,5.47,99.71,73.46
7.31,2347.44,139.21,79.26,147.99,4216.98,1.51,98.92,155.98
69.9,1852.92,176.7,274.64,260.71,5817.12,1.64,99.45,117.22
57.68,966.77,95.95,134.82,156.4,4168.04,5.27,98.86,154.37
63.57,4059.86,241.92,73.83,286.81,3581.76,2.41,99.25,93.63
40.77,2234.32,218.03,160.51,139.18,3091.52,3.51,99.76,93.47
47.31,2126.19,186.46,159.11,244.74,5154.75,2.94,98.83,1.0
46.78,1279.45,151.12,305.61,19.57,3664.41,1.89,100.0,18.45
75.43,2230.49,220.4,269.25,159.62,7480.66,2.33,98.8,113.42
47.42,1933.05,105.49,141.01,145.16,7926.77,1.65,99.3,102.66
96.65,726.03,78.37,311.84,54.19,5854.86,0.88,100.0,4.31
63.62,1298.82,93.7,210.0,280.07,5438.32,0.67,100.0,100.28
29.49,2604.45,69.85,284.87,122.39,5033.44,0.39,99.53,135.22
52.43,3408.81,126.09,306.17,113.1,9272.72,0.87,99.39,107.57
41.97,2305.02,134.99,178.99,297.12,8532.37,1.72,99.25,73.7
11.11,2820.16,130.04,245.71,194.53,4631.75,1.77,100.0,1.0
86.99,1938.97,119.38,167.46,250.18,4641.99,2.3,99.87,111.19
69.06,1987.42,126.66,274.41,26.76,5588.48,4.23,99.96,59.4
65.66,2811.69,206.82,207.22,108.13,2876.73,2.11,100.0,115.45
58.31,3211.94,151.0,276.83,367.78,1760.19,0.37,99.52,122.93
27.36,2958.77,166.13,321.98,256.86,2591.67,0.05,98.92,131.83
45.33,1301.55,129.54,243.78,83.4,4456.94,0.44,99.45,110.24
71.84,2001.13,39.22,192.52,200.25,3299.07,4.77,99.24,81.15
33.98,2242.27,29.31,193.85,90.39,7618.74,1.68,99.07,118.44
4.36,1866.23,224.14,1.0,305.45,2355.34,3.78,98.92,54.42
50.46,2319.5,93.41,142.98,5.0,2596.16,0.53,99.58,147.82
52.16,2622.4,89.16,274.61,204.78,1698.04,2.47,99.65,67.7
57.71,2749.97,132.28,277.59,203.43,3838.44,2.63,98.71,167.47
69.57,3228.11,147.52,141.23,79.86,4283.02,3.32,99.42,85.04
67.75,1817.39,153.84,213.17,155.42,4856.79,1.53,100.0,114.79
60.18,1093.18,208.72,184.86,213.8,4937.36,3.16,98.68,100.03
78.91,2298.76,195.04,255.17,19.97,3880.78,5.48,100.0,22.96
24.62,3366.67,79.45,376.69,64.84,3105.58,6.31,98.59,116.45
65.09,1714.12,168.44,256.68,166.04,5753.94,0.27,99.45,64.23
67.53,2528.79,100.8,146.39,105.02,3380.54,1.96,97.95,90.19
30.21,2535.02,113.12,193.73,138.32,6406.1,0.24,99.65,96.89
24.94,2182.01,65.3,312.15,178.19,2331.66,5.12,99.05,53.83
40.08,2052.85,35.35,87.31,98.06,3653.31,6.22,97.98,70.82
41.77,1401.6,118.42,150.8,177.61,8676.03,1.38,98.87,145.24
70.07,450.84,72.2,256.8,206.82,8921.48,6.43,100.0,42.32
42.71,1269.7,166.39,303.55,250.1,2550.09,2.91,99.6,118.64
37.87,1774.79,105.95,248.72,67.88,7173.41,2.38,99.28,79.86
42.77,2816.2,135.43,151.46,123.44,7904.38,1.74,99.57,134.98
77.37,1975.81,188.38,242.92,232.97,6913.61,1.04,99.91,123.24
55.26,1684.68,45.74,233.14,46.61,4879.72,6.64,100.0,67.21
51.41,1424.31,83.77,228.07,189.56,1526.12,0.44,99.0,122.39
52.8,2507.76,129.04,192.23,182.53,5152.47,3.24,99.61,72.22
80.84,2998.85,135.63,204.24,5.0,5740.7,0.92,99.53,163.42
40.02,2792.41,175.17,127.4,135.51,5429.15,2.8,99.27,99.82
81.31,2472.3,163.36,398.42,209.77,5858.52,0.36,99.07,81.46
59.21,1015.07,124.85,212.56,160.93,3538.22,0.93,100.0,78.2
51.79,1801.83,135.17,243.88,137.31,4129.12,5.84,99.38,80.78
100.0,3411.11,136.55,182.57,194.06,690.61,1.63,98.35,83.26
33.89,2833.37,46.51,267.62,269.0,6602.4,1.35,97.17,123.73
47.93,971.75,112.18,96.13,228.38,3384.2,2.79,99.87,75.13
30.35,2009.09,132.42,60.35,111.97,4551.64,1.08,98.9,61.42
74.05,2302.17,142.93,197.56,48.69,5455.7,1.36,99.09,137.94
88.78,1514.49,73.78,364.32,226.75,3990.97,1.64,99.49,149.44
88.4,431.56,56.56,296.67,74.0,3069.47,9.21,100.0,63.82
79.48,2117.18,108.27,135.32,132.48,5460.53,3.27,100.0,83.32
51.05,1496.57,218.37,241.29,198.09,1789.76,0.08,99.04,144.74
47.7,1499.31,79.04,149.12,283.19,6380.33,3.06,99.71,113.36
21.58,1799.72,178.7,234.11,295.72,6188.8,1.4,98.78,158.95
95.72,1954.43,199.24,240.35,185.46,4010.5,0.52,99.74,122.94
64.38,2041.64,122.27,274.12,134.15,4110.75,3.84,98.62,114.39
45.16,1429.21,86.01,74.75,71.94,3222.03,0.63,99.33,80.51
81.56,1893.85,145.64,98.75,356.28,4312.05,0.77,99.35,55.93
35.54,817.8,129.75,193.95,153.91,4638.5,0.13,98.46,46.74
63.13,2265.73,77.04,117.41,241.0,4426.76,7.6,98.79,93.82
51.55,128.0,87.06,111.22,197.71,7607.6,3.17,97.68,151.35
67.77,1845.36,142.68,221.75,135.4,1851.7,0.32,98.93,53.09
53.73,2691.43,166.67,126.72,131.58,3365.56,1.34,99.98,90.06
25.98,1306.46,103.86,380.61,55.52,6316.56,0.82,100.0,28.61
56.51,2549.5,116.54,157.35,281.02,8698.83,0.07,100.0,150.37
75.98,2857.01,153.43,178.38,169.15,3444.77,5.24,98.93,62.62
54.42,128.0,111.38,223.8,308.66,6821.83,3.66,99.2,185.73
70.5,1942.05,105.03,79.36,139.61,2929.78,8.67,99.15,113.47
34.09,128.0,82.23,240.68,153.18,4299.18,0.56,99.05,156.73
54.47,1965.25,81.37,227.32,78.01,5018.29,2.4,99.88,25.56
42.51,2042.98,253.44,172.06,151.97,3757.07,0.25,98.81,1.0
69.94,310.22,110.19,221.91,68.39,4245.38,1.13,100.0,79.63
55.63,3395.39,188.25,234.26,216.24,2545.52,3.75,99.3,96.65
68.8,2248.21,204.2,314.82,189.7,6213.73,0.02,98.38,120.0
76.75,1453.68,110.82,400.02,312.74,3383.52,1.31,99.13,156.61
68.83,3073.77,138.42,115.08,48.8,3805.07,1.14,99.54,82.63
60.46,791.07,125.12,96.21,289.44,3592.5,2.35,99.88,77.99
35.04,1187.58,39.39,208.22,91.94,3688.21,0.54,99.73,85.9
54.94,438.38,42.4,33.69,210.98,5260.15,0.38,98.98,109.64
44.34,3308.73,122.44,251.95,76.91,5112.93,2.1,98.84,45.31
48.12,2280.64,98.75,209.05,198.25,9533.48,2.05,100.0,23.14
47.51,2509.58,214.58,229.38,5.0,4558.85,2.79,99.22,108.02
35.4,2258.7,108.17,175.71,119.65,4819.23,0.57,98.41,40.94
15.85,2449.64,217.55,220.4,189.55,7406.59,0.03,98.79,140.69
41.64,2102.65,96.18,237.78,337.99,5404.79,4.21,97.83,6.64
58.87,2237.64,215.61,216.0,5.0,4822.3,0.46,98.06,63.59
28.04,2123.32,145.32,92.39,179.79,4759.59,1.08,98.83,40.91
55.31,1621.99,148.16,213.76,133.31,5349.17,1.26,98.64,68.07
93.01,2015.36,94.41,348.32,7.56,6754.59,0.41,98.72,59.81
75.46,2239.52,148.85,219.27,78.77,7421.63,1.47,99.74,140.01
87.87,2125.38,204.64,210.96,137.6,6856.77,4.91,99.81,207.37
62.82,1013.56,112.76,324.8,222.04,5840.38,0.63,98.38,45.96
78.35,1106.51,103.03,140.35,187.91,5379.37,1.47,100.0,67.28
40.52,2805.99,107.66,271.17,61.88,8668.69,0.74,99.27,89.21
42.11,1833.1,201.01,157.59,14.94,4145.96,7.9,99.21,52.62
1.0,2457.31,162.77,286.93,217.59,6256.82,0.5,98.65,117.35
78.72,1283.52,192.38,263.84,162.43,7113.58,0.23,98.99,39.57
85.81,1016.8,135.68,167.02,325.03,6879.75,0.31,100.0,119.4
43.94,1457.48,121.97,178.72,148.27,3627.69,0.91,98.44,98.57
49.92,1892.2,141.2,278.22,282.89,10067.22,1.61,99.39,125.19
39.92,1582.4,173.51,51.56,228.95,8006.97,2.21,98.82,94.54
62.65,2953.75,107.64,164.65,253.94,6907.97,1.65,97.93,124.31
77.5,2173.67,188.43,249.63,218.92,3188.43,4.72,98.12,116.26
20.14,3342.26,138.29,175.35,220.89,6763.59,0.89,99.63,87.78
63.19,2331.09,1.0,210.79,5.0,839.42,2.49,97.99,117.33
49.47,359.21,164.17,36.71,158.68,4582.02,0.62,98.34,151.97
57.27,2787.23,56.38,131.64,120.27,5192.0,2.29,99.78,23.54
64.18,991.31,162.96,254.36,294.36,4191.43,5.2,99.69,13.83
51.24,2209.37,165.08,139.92,89.85,7849.95,7.67,99.24,146.93
52.93,1505.72,136.49,95.8,154.77,5186.76,2.62,98.38,130.98
50.72,3547.9,147.18,284.93,252.08,3269.81,5.71,98.37,152.18
74.41,3055.72,174.94,241.25,207.09,6355.63,2.28,98.27,90.67
63.38,1528.73,95.22,112.92,195.06,5717.15,6.6,99.11,165.15
59.41,1958.85,159.67,211.08,279.83,1844.21,4.57,99.65,210.73
29.58,2219.22,178.15,115.52,203.41,7408.32,0.23,98.9,141.12
47.43,2652.39,208.0,187.8,130.96,5182.32,1.29,99.82,118.27
72.97,2068.41,64.71,214.08,63.34,6773.46,0.85,100.0,124.38
55.75,1330.57,140.43,135.32,223.8,5738.95,0.05,99.47,101.74
68.19,1545.71,71.93,259.39,110.69,4393.65,1.26,98.32,107.86
90.33,2044.86,69.8,271.79,158.3,5763.65,0.32,99.26,112.95
75.77,2912.12,137.95,221.09,277.05,4818.64,0.07,100.0,185.9
56.86,2347.49,123.87,233.12,160.09,5523.43,1.18,98.76,64.57
44.78,1506.61,177.25,83.77,140.02,6082.27,0.53,98.74,86.1
3.93,2501.86,102.69,308.97,154.83,5264.44,5.48,100.0,95.12
51.63,1777.11,113.3,192.69,157.26,5837.2,3.35,98.19,120.08
48.48,2671.29,130.58,125.18,90.79,4330.25,6.25,99.34,104.83
62.81,3816.91,76.91,211.67,330.96,3971.42,4.27,98.77,43.52
51.92,1796.82,83.85,259.64,130.56,6394.71,2.6,98.9,97.95
48.59,2609.12,175.8,240.99,250.59,7610.33,1.82,100.0,90.8
19.41,1526.22,92.55,113.22,88.34,4068.5,0.14,98.86,94.66
36.2,1969.42,179.12,260.61,229.46,5567.3,0.62,99.29,128.6
64.53,2068.69,150.37,195.15,195.24,2463.67,2.48,99.92,142.83
89.32,1912.42,42.62,240.1,182.25,8248.49,1.03,98.3,61.41
53.05,3772.11,146.52,135.88,195.74,7062.85,0.79,99.79,172.15
61.56,1833.38,146.12,283.67,217.44,3949.15,0.22,98.89,35.13
74.05,2458.8,141.15,214.62,159.58,4364.78,0.15,98.3,66.56
38.78,696.94,112.91,295.11,164.07,7176.67,0.47,98.86,86.12
62.34,2350.4,73.0,77.21,231.97,5316.66,3.6,99.24,123.16
40.19,2847.44,187.31,87.89,77.22,6139.03,2.18,99.37,25.83
72.3,1678.68,114.92,180.8,63.33,3224.83,0.83,98.68,183.62
58.03,290.84,75.83,317.41,196.11,6038.44,0.13,99.05,23.13
60.97,2020.94,142.87,357.02,5.0,4732.55,0.42,98.23,157.0
39.35,2060.03,82.86,128.93,28.54,5537.93,1.2,98.7,78.43
69.14,2554.85,72.55,204.24,342.47,4284.48,0.33,98.25,98.78
96.69,3455.63,101.23,212.41,319.45,4620.25,2.88,99.14,6.15
34.84,1781.96,86.73,257.45,128.63,5186.98,3.11,98.61,124.71
48.2,1448.6,74.39,270.8,269.93,3946.76,0.29,100.0,88.83
59.63,1231.16,160.32,110.85,273.04,9082.95,2.6,99.47,141.93
70.73,2186.66,114.31,205.17,222.4,3101.39,1.44,98.06,39.35
43.81,2383.55,182.61,39.32,172.9,5899.74,6.56,98.68,152.19
1.0,1666.04,77.27,264.86,236.38,5544.92,3.1,99.69,26.35
82.18,2593.08,33.62,172.91,251.82,6369.65,1.76,99.37,105.11
70.21,2373.77,127.44,103.57,237.79,499.0,1.85,98.1,36.62
20.14,2078.26,212.8,226.6,40.56,1963.51,0.39,98.65,173.43
42.85,1416.31,146.55,170.41,362.98,4012.79,4.48,99.65,133.03
86.36,1710.69,280.77,300.92,396.3,6656.44,1.64,99.46,158.8
83.96,347.17,136.6,128.59,8.17,4524.74,1.71,99.6,84.45
73.77,2213.05,131.78,377.84,225.99,4451.35,1.71,99.0,82.51
51.48,2066.44,12.23,268.36,364.12,5028.42,0.65,98.6,93.38
56.66,2179.94,141.4,303.02,270.21,3486.19,3.34,98.31,89.54
52.38,2401.02,128.43,117.69,271.16,5846.11,3.97,99.86,79.23
77.56,2318.08,99.63,343.08,50.53,5345.59,0.68,100.0,86.43
37.48,1970.73,113.16,103.0,251.2,5904.33,1.17,99.39,142.01
38.88,2082.07,116.59,183.22,201.53,7729.12,0.39,99.86,133.77
75.21,1064.98,111.0,304.37,250.19,4585.68,0.55,98.64,48.12
54.11,1639.4,224.49,240.54,86.8,5198.32,0.82,99.19,123.5
82.57,2083.33,101.46,100.87,83.57,3226.21,4.65,99.16,39.08
41.57,1532.9,128.47,290.83,167.17,2745.19,1.97,99.47,154.67
53.9,2650.11,99.8,227.2,145.87,4986.65,1.77,99.25,56.86
36.55,1586.96,159.17,166.7,165.83,5185.26,5.87,100.0,126.78
55.15,2199.41,128.84,76.64,136.84,6240.92,3.13,99.76,120.48
25.43,2129.6,106.0,234.78,161.91,6035.63,0.03,100.0,82.8
45.25,2570.39,23.7,186.93,120.05,5457.84,0.27,99.39,79.68
26.27,2678.55,132.17,212.5,175.66,8032.77,0.57,97.71,85.79
68.88,2533.82,104.52,73.18,51.88,4438.25,0.72,99.51,114.55
69.33,573.8,116.96,166.51,226.27,4658.65,3.59,99.97,128.75
20.39,2883.9,60.88,238.42,203.45,5509.85,2.94,100.0,183.48
81.68,3117.12,191.66,350.12,66.44,2868.97,0.31,99.15,164.56
100.0,1710.51,162.84,183.58,299.37,6238.31,1.53,98.2,118.19
55.92,2213.65,191.54,315.46,105.58,5128.6,0.23,99.0,105.6
42.18,1424.42,177.35,262.99,287.01,5162.4,0.38,98.19,73.49
100.0,684.14,149.62,218.7,209.65,5977.04,0.55,100.0,121.0
28.62,1530.9,62.89,119.01,270.05,5676.63,4.71,99.52,149.99
55.4,1669.9,212.17,122.36,195.86,5739.87,0.91,98.84,141.12
58.59,1799.6,73.62,249.4,231.02,4298.57,4.95,99.72,106.36
81.9,1376.76,106.58,157.88,269.06,7825.05,2.78,100.0,71.07
62.19,1534.6,155.35,150.77,351.65,2368.12,2.77,99.75,100.57
45.03,2040.3,157.83,185.55,276.72,3765.96,3.25,100.0,124.07
35.98,1508.84,148.61,186.89,220.34,4005.5,0.2,98.58,142.5
48.16,2428.47,99.99,272.06,58.63,3702.78,3.37,99.88,104.49
34.86,2525.16,89.65,159.56,5.0,1856.12,0.58,98.18,133.2
55.96,3714.27,246.73,264.1,168.26,7959.3,8.26,100.0,137.52
43.72,2835.98,118.03,235.18,115.7,6156.5,3.77,99.71,83.38
25.12,2218.17,111.91,66.08,119.0,3863.57,11.39,98.94,71.96
80.1,1613.81,84.32,223.56,172.58,6254.92,5.53,98.39,162.81
45.05,2253.62,132.23,1.0,239.65,4711.05,0.89,98.82,123.59
29.64,2276.62,129.9,128.38,124.12,4476.2,5.68,99.02,117.42
51.63,1688.68,119.19,237.05,260.57,3271.85,0.8,99.35,73.34
56.37,2596.61,139.09,199.15,183.01,5031.03,2.15,99.19,12.86
20.07,1069.33,208.18,58.57,183.39,3861.85,3.41,98.76,114.19
61.63,1876.92,90.25,110.47,348.75,3250.07,0.96,100.0,114.44
34.06,2437.1,122.15,1.0,196.03,6720.07,0.46,98.01,122.46
89.22,1846.69,87.61,92.59,175.13,3519.91,4.51,99.6,95.06
65.48,1903.27,134.73,246.33,227.15,7528.17,0.22,99.33,72.56
47.0,1951.55,91.58,155.41,341.74,3713.63,0.91,99.2,105.79
40.1,1463.08,93.73,213.6,175.79,2294.67,1.56,99.64,145.35
52.9,2869.73,47.02,201.09,219.58,5945.1,3.27,98.73,116.99
67.26,1335.37,124.89,202.61,170.25,4195.8,4.06,98.66,41.28
54.49,2270.71,141.49,281.85,170.73,2154.53,1.43,99.0,87.76
50.66,2337.55,213.02,183.77,135.89,5458.48,1.7,98.83,69.08
56.17,1383.96,143.48,272.85,129.59,2649.36,3.85,99.03,158.83
42.92,2099.17,97.52,1.81,332.65,1419.47,1.26,99.7,86.33
48.14,1411.26,52.02,288.91,130.16,6218.67,1.64,99.28,154.9
13.28,3021.73,58.94,96.79,41.34,7680.19,0.04,99.22,103.91
74.47,1250.85,55.22,114.16,191.29,4289.53,6.04,99.36,78.59
60.98,1590.27,213.9,143.63,271.6,7180.95,1.67,98.97,56.62
39.53,1191.04,134.39,286.71,291.83,6443.68,2.6,99.83,80.9
92.97,1097.61,90.85,128.86,72.5,6201.03,0.57,99.6,95.51
56.74,3161.85,72.01,147.53,280.15,4694.53,2.14,99.2,50.28
34.28,2427.94,77.19,123.06,365.3,3926.96,1.23,98.41,120.6
72.13,2146.21,89.54,220.43,118.43,5619.42,0.24,100.0,61.08
62.96,1588.4,185.81,259.49,164.33,6166.43,3.55,99.67,36.68
62.89,2683.33,118.5,336.35,69.16,2730.87,3.66,99.6,42.19
46.48,1471.04,47.63,391.99,346.83,4416.28,0.13,100.0,75.79
64.01,2603.55,235.52,252.01,45.69,4659.2,0.99,99.69,116.92
49.76,1437.24,62.99,229.25,144.02,4492.05,0.66,99.17,160.6
66.12,1596.84,90.46,102.61,250.62,3784.81,1.45,98.84,85.4
16.9,2578.8,185.51,352.74,118.44,2601.27,1.34,98.82,108.3
46.32,2652.68,140.76,217.23,90.98,4452.33,2.14,99.39,92.18
89.44,2466.23,96.5,176.87,175.3,4500.1,0.57,99.88,9.79
39.66,1313.23,58.43,231.0,395.11,4149.03,0.5,99.88,110.11
42.92,1735.29,71.67,149.09,156.96,6168.8,2.57,98.23,94.13
46.04,2157.83,74.68,12.99,161.36,2536.48,7.48,99.85,31.93
30.7,1453.5,120.35,245.74,79.6,5504.71,5.85,98.99,162.6
10.83,3007.67,129.55,307.4,214.66,1771.29,3.14,98.79,119.0
50.39,366.64,112.57,244.55,259.54,4880.76,0.14,99.46,28.36
57.72,1502.88,118.04,199.43,125.43,939.92,0.54,99.75,115.94
53.95,1691.3,67.46,201.06,228.22,3398.26,2.34,98.34,216.05
52.1,128.0,134.66,213.78,126.13,4960.49,0.7,99.35,95.26
55.86,1070.64,184.03,211.33,9.57,2434.98,1.0,98.07,122.62
75.46,2485.7,111.86,195.14,221.16,2446.64,6.14,99.75,72.27
51.19,2069.2,110.89,202.03,366.69,6767.41,0.18,98.42,77.04
43.52,3149.2,124.15,324.4,72.37,2127.96,3.95,99.33,157.56
49.38,3129.66,175.91,237.78,196.14,4786.1,0.1,98.94,120.43
66.59,2351.13,75.26,208.41,297.88,7656.87,0.82,98.8,137.79
83.24,2267.27,192.54,252.74,170.82,5256.36,1.62,97.8,85.6
42.44,2094.15,141.06,252.74,51.58,5052.1,0.88,98.22,113.09
56.98,189.44,121.43,275.68,184.05,3715.62,6.3,99.15,91.94
61.77,1071.81,180.66,139.45,314.13,3721.77,1.4,98.55,119.58
35.15,2118.47,60.9,161.56,134.41,4698.01,2.65,98.98,90.46
55.41,2479.22,146.1,134.92,200.9,1406.21,2.42,98.65,166.13
25.69,2250.77,141.52,261.34,85.18,6822.9,3.6,99.01,85.55
19.62,1423.27,73.23,257.43,171.05,5373.63,3.99,98.36,112.03
62.33,2704.18,143.03,98.14,214.8,1853.98,1.26,98.87,22.98
47.32,3085.71,134.17,231.27,191.33,6846.84,3.98,99.01,142.64
59.05,2704.59,111.06,309.78,141.17,6222.64,2.12,99.22,48.03
54.64,2740.72,163.14,181.17,219.87,5790.36,2.32,97.92,69.15
35.47,1656.54,91.41,225.12,240.25,9025.27,0.38,99.24,45.48
54.09,2801.15,133.52,258.44,246.2,5173.41,0.56,98.42,38.01
30.34,2150.03,113.42,94.36,153.64,7754.29,2.33,98.24,133.88
82.82,2406.09,89.27,212.16,124.11,5045.92,0.62,100.0,63.38
27.88,2303.8,145.14,301.77,356.68,5814.37,1.35,99.71,36.63
51.08,1962.96,109.61,152.54,192.39,4003.98,1.35,99.59,34.21
34.15,1446.0,46.35,266.6,156.83,1606.42,0.53,99.05,139.33
66.41,1990.5,29.95,202.17,47.06,1712.15,1.67,98.79,80.48
48.37,2738.73,159.45,146.04,96.08,4848.0,1.66,100.0,93.01
44.63,1738.97,58.97,192.28,122.19,4572.94,0.28,99.29,131.88
72.06,2673.34,133.97,157.91,219.55,2876.05,0.96,98.57,118.66
55.59,2563.95,122.75,128.93,147.94,4501.1,0.91,98.5,102.7
65.33,1838.74,101.57,179.65,181.37,5810.24,1.65,99.42,145.83
35.37,3020.16,217.83,205.47,51.01,7323.65,2.77,98.96,43.53
26.9,1799.12,128.98,186.72,306.4,3754.14,0.04,99.92,82.69
57.14,3104.68,157.78,178.77,113.63,5707.25,0.28,99.25,131.3
48.62,2351.89,134.24,218.08,201.16,8130.61,0.72,98.36,168.8
67.53,2036.89,108.42,242.51,132.25,6350.01,3.33,100.0,173.2
53.4,1426.54,119.05,108.47,151.37,3614.96,1.31,98.49,47.15
59.1,1986.22,192.93,179.81,108.54,5182.52,1.43,98.34,97.98
22.53,1905.37,174.41,42.12,206.67,5332.59,1.05,99.14,114.7
92.77,1167.19,217.6,187.03,91.77,6147.43,1.07,99.53,88.46
51.72,1895.67,131.08,212.04,208.28,5070.31,7.59,98.57,122.8
68.95,1485.34,76.15,245.58,169.31,5870.53,4.58,99.69,185.38
38.28,2458.19,97.97,212.33,236.7,6835.44,2.59,98.85,59.0
61.16,2962.4,60.61,243.85,245.58,3106.72,0.78,100.0,44.81
28.94,1189.16,158.35,205.22,151.42,2622.91,1.44,99.43,120.48
64.04,3246.62,90.7,145.96,212.94,6095.89,2.34,98.44,76.42
47.88,1958.01,1.0,110.73,139.65,4724.1,1.0,98.71,122.04
55.58,1365.49,243.19,178.96,298.45,6553.6,1.49,99.55,102.77
68.96,2578.43,91.47,138.7,147.69,6957.81,0.31,98.63,87.55
30.35,1735.48,91.17,190.42,161.84,1669.28,0.2,99.15,67.38
41.31,1990.78,203.58,160.65,137.81,3493.34,0.37,100.0,98.86
64.15,1765.01,59.59,233.53,114.02,4774.74,2.82,99.65,79.36
96.96,1476.28,176.83,203.92,363.03,3157.32,0.42,99.62,139.65
52.24,2554.8,90.63,235.8,223.78,4148.66,5.17,100.0,99.18
66.82,1847.59,53.81,235.39,186.13,2698.38,0.92,98.67,44.02
52.86,1042.34,205.29,185.63,137.14,4210.53,0.37,99.19,150.98
93.84,2433.74,166.15,190.53,280.18,3261.14,3.49,98.99,89.5
20.06,1204.09,166.0,240.13,130.89,5620.32,1.22,98.76,178.41
56.89,1240.72,138.38,395.68,190.87,6624.36,0.98,99.02,84.21
22.49,2882.82,149.96,120.87,378.27,5735.74,0.8,98.88,63.05
4.87,1210.56,58.39,203.34,93.85,9675.94,0.8,98.74,83.05
60.95,426.49,125.58,104.34,228.56,6689.95,2.18,98.99,90.96
57.79,2484.0,73.56,198.33,205.97,6622.43,1.56,98.74,84.72
49.3,1835.3,50.55,146.08,227.53,4852.22,1.26,99.43,69.69
52.88,1895.64,140.55,190.41,154.36,4447.66,1.18,98.53,76.77
100.0,1827.85,177.91,212.42,126.7,7291.59,0.31,99.91,161.01
49.84,2210.17,100.83,160.85,200.38,4544.55,3.52,99.71,84.93
65.2,1521.1,109.4,57.3,138.96,5062.86,5.23,99.51,180.83
42.01,3081.28,63.09,314.04,5.0,4690.07,3.24,98.88,136.78
60.9,1014.64,120.36,267.14,105.8,5971.92,1.2,99.23,92.48
50.24,2359.41,158.0,189.56,151.5,6604.75,7.16,99.11,121.33
46.79,2497.48,159.58,128.42,82.99,6915.79,1.93,99.22,73.79
91.38,1516.24,147.26,206.8,193.59,4453.25,2.98,98.26,137.65
78.54,1331.39,89.08,228.88,111.82,5327.89,2.7,99.27,148.18
57.73,2760.02,87.49,261.6,176.09,5596.46,2.46,99.43,118.86
8.92,1354.4,159.77,268.98,375.11,7635.56,2.05,100.0,74.77
47.78,1623.34,160.6,284.05,290.43,1784.93,0.48,98.5,118.81
100.0,2669.12,111.4,60.73,233.23,5020.6,0.7,98.37,67.17
50.39,2072.32,98.69,175.63,342.83,3842.48,4.36,99.89,39.58
77.06,790.0,178.36,279.45,173.47,4041.45,0.4,98.14,105.44
83.84,3270.94,102.0,126.11,174.38,3469.12,0.33,100.0,29.8
59.38,1676.99,157.3,297.54,85.0,5970.42,0.67,100.0,78.39
38.16,1766.07,113.16,344.83,295.03,588.67,0.9,99.61,109.72
6.29,2227.05,67.62,295.3,356.13,4750.78,1.61,98.14,157.56
68.68,2485.55,200.62,252.93,261.67,1721.22,1.86,99.09,69.43
38.7,3420.77,126.0,164.2,308.1,3753.49,3.13,99.16,54.5
58.52,885.95,84.46,222.53,5.0,4615.26,0.15,99.4,126.56
30.0,2626.17,50.46,92.31,390.57,4269.84,0.47,99.59,103.7
49.7,2568.11,55.5,137.51,170.61,6226.07,1.41,98.68,97.99
55.67,1951.98,101.35,143.14,392.04,7249.4,0.58,99.94,35.5
60.37,2599.09,216.26,204.96,335.85,8524.69,4.13,99.56,138.46
32.7,2701.99,90.77,168.63,249.52,4986.47,2.04,99.56,10.6
78.94,1080.63,192.37,220.93,149.13,7089.95,1.35,99.04,102.81
43.06,3272.84,113.46,270.23,194.24,7635.1,0.0,99.47,144.04
21.51,956.87,60.94,143.22,8.1,4142.72,3.91,97.7,99.57
52.82,1253.28,96.34,211.89,263.77,7219.57,1.24,99.48,85.14
55.69,1864.75,55.95,166.72,5.0,1083.77,1.52,100.0,53.51
58.21,3395.46,77.2,215.21,153.12,5535.87,2.4,99.75,72.13
82.24,1832.22,75.71,254.89,318.89,7889.83,5.54,99.66,182.72
50.27,2025.65,24.81,273.7,244.87,5178.77,0.34,99.74,73.08
52.61,3050.46,195.64,253.62,42.31,4657.3,0.15,100.0,113.23
32.94,1837.78,130.55,233.12,59.37,4648.23,0.26,99.06,61.65
71.41,1223.09,85.69,86.38,126.23,7643.24,2.7,99.89,82.9
58.69,1755.94,131.09,113.5,187.05,2134.98,0.28,99.52,29.85
46.6,3007.55,78.23,134.07,258.89,4296.19,1.39,99.25,93.02
16.91,2097.61,1.0,228.69,234.37,6516.17,2.45,100.0,80.53
83.89,3399.46,267.83,96.72,84.71,5572.2,2.49,98.72,149.0
30.45,2564.55,129.48,227.0,235.69,7136.37,1.04,98.75,61.2
43.17,1596.63,90.55,221.16,245.28,6228.07,2.4,97.55,77.86
62.17,2083.75,23.3,45.14,223.97,4150.62,5.99,98.55,131.18
31.07,1450.75,45.29,112.99,403.04,6046.64,0.06,98.89,93.66
25.13,1580.1,202.72,283.51,245.37,2624.75,2.23,99.16,88.45
12.52,5183.36,195.1,255.79,267.1,1369.06,1.48,99.51,88.07
69.42,2761.04,157.66,131.97,348.83,3899.28,0.48,99.82,55.39
44.1,2650.77,64.25,117.21,256.51,5143.81,0.74,98.27,77.67
100.0,1611.77,195.5,3.97,130.4,3539.07,3.63,99.28,98.2
35.11,3146.71,142.49,317.7,291.84,5313.88,1.77,98.51,48.5
36.57,2817.59,152.75,203.28,143.87,5105.35,0.03,98.27,52.48
43.69,3365.13,142.31,350.7,91.57,1651.8,6.73,99.43,143.64
59.86,3331.18,44.65,184.67,99.27,4028.58,2.19,99.27,115.03
45.6,1012.64,60.09,222.61,290.82,6693.87,1.17,99.55,107.08
67.25,1271.11,94.49,271.3,235.82,5875.73,2.49,99.61,73.25
35.43,1345.35,152.18,331.11,275.48,3746.38,0.46,98.86,103.83
27.37,1387.24,50.98,240.08,236.26,6114.02,0.6,99.97,1.0
19.04,2274.42,111.23,200.19,197.0,8159.31,0.33,98.56,46.72
10.53,1651.24,111.17,202.24,208.62,4235.98,1.01,98.46,120.01
44.64,3498.82,159.64,116.33,233.2,6334.58,4.7,99.48,68.0
48.98,3381.28,153.73,169.45,125.78,6050.49,0.98,99.35,86.61
42.37,2043.48,69.49,204.1,63.87,4140.71,0.68,98.63,109.34
79.87,3416.73,192.33,310.55,136.34,2960.96,2.43,98.62,64.91
79.56,3089.69,61.84,165.6,228.97,7971.2,4.07,99.47,70.21
48.3,1732.51,174.61,285.01,121.69,6959.52,0.56,99.38,80.64
19.12,641.55,92.49,193.45,371.67,4499.52,3.3,98.47,101.05
43.67,1895.42,128.2,299.48,219.71,7184.37,0.73,98.75,29.79
43.0,1596.76,131.3,254.14,190.75,5998.75,0.57,98.56,107.07
41.86,2192.55,129.89,248.74,125.43,7171.18,1.28,97.72,94.06
41.05,2110.46,153.72,278.31,262.42,1773.49,0.14,100.0,99.38
41.93,2092.11,139.57,266.65,70.93,4265.08,3.96,99.37,65.38
47.27,2414.58,159.18,285.11,208.42,7832.19,4.15,100.0,92.96
42.29,1199.23,143.23,370.54,140.8,9773.56,2.26,98.99,133.25
59.17,2335.95,56.78,329.35,190.88,4298.41,0.72,98.52,122.24
62.21,1740.27,133.49,237.31,223.76,4267.07,0.36,98.59,144.08
36.79,2187.99,91.81,164.66,76.89,6229.51,2.4,98.59,58.99
80.42,2718.19,64.54,229.31,29.62,5619.67,0.22,98.84,122.32
35.4,1190.92,105.51,45.9,96.15,5959.91,1.06,98.12,70.04
22.64,1851.09,129.16,266.32,259.13,1107.89,0.19,98.93,4.25
62.62,1965.03,132.48,115.2,213.58,4570.27,1.11,98.8,132.29
38.65,1688.01,172.8,289.8,143.74,6449.63,0.29,99.81,125.89
61.43,2677.88,185.37,358.42,357.13,762.12,0.07,99.58,154.39
6.93,1543.73,136.81,83.93,295.66,2088.67,1.19,98.93,36.47
82.85,1659.22,145.86,195.98,273.91,1806.98,1.68,99.53,101.56
68.45,1551.06,124.77,114.85,114.82,6171.3,1.16,98.43,86.08
24.99,2812.44,158.36,61.74,272.91,3326.7,0.39,98.32,140.76
25.42,1703.29,144.35,191.49,210.66,2838.27,0.16,99.13,39.43
88.45,2370.03,117.28,250.81,115.0,5098.97,0.27,99.27,84.87
40.25,3430.99,227.6,260.35,170.63,2766.97,2.6,99.1,98.75
38.32,1995.63,92.69,212.31,86.54,5812.87,0.03,100.0,124.66
9.68,2826.44,192.72,66.86,115.79,9345.07,3.98,99.68,111.59
47.98,3217.95,52.29,209.87,77.02,4336.34,3.67,99.92,93.71
50.45,2767.03,160.68,80.6,266.09,1502.55,4.25,98.81,82.56
69.31,2036.24,191.83,85.84,173.62,4184.79,4.22,99.43,91.44
27.02,2497.48,24.64,120.25,95.26,5881.93,2.2,98.47,125.08
24.59,1146.83,126.95,283.98,226.56,5702.04,3.76,98.69,61.97
64.02,1501.97,155.77,243.62,180.14,6509.19,2.62,99.43,85.63
75.13,1624.73,132.6,225.81,274.55,3931.17,0.71,98.58,85.64
23.58,3616.43,138.91,130.99,192.0,4495.94,2.81,98.65,11.54
76.63,1479.19,126.81,168.98,50.65,586.5,1.91,99.5,16.76
55.75,1468.77,65.29,90.39,135.29,6105.29,0.06,98.67,35.34
76.84,1317.26,238.4,309.14,75.85,2641.69,3.09,99.87,86.47
53.6,2439.87,94.82,375.78,230.67,5360.11,4.09,99.05,115.04
4.55,2147.83,141.71,244.53,277.6,3431.77,1.46,99.08,70.31
51.96,2808.73,87.66,258.54,41.04,4843.64,1.34,99.38,30.01
76.2,2517.88,6.21,187.28,168.8,6725.17,1.11,99.11,132.76
37.13,1081.73,73.77,70.44,283.75,4213.07,2.54,99.4,106.22
47.24,1482.91,47.62,132.48,39.68,3668.62,0.49,98.56,86.0
51.48,3003.73,174.58,162.77,140.85,5004.64,2.97,97.3,104.74
1.0,1905.69,89.66,169.18,179.98,3843.53,0.69,98.21,52.8
88.43,2879.31,94.3,150.77,276.07,3304.73,0.61,98.88,136.28
36.97,1943.22,66.78,203.82,229.02,8359.86,3.31,99.54,107.75
65.11,1370.64,124.7,131.99,247.41,1661.28,0.38,100.0,89.1
53.27,1835.72,84.18,373.42,234.22,6176.94,3.97,98.78,81.39
80.15,1370.37,169.62,90.77,146.42,4755.92,7.62,98.74,97.85
63.12,1652.11,135.1,270.98,327.91,3513.5,0.77,99.44,114.3
50.3,2188.65,91.41,179.05,119.62,5625.32,5.26,99.36,25.29
37.13,2406.12,162.51,237.02,5.0,5061.93,1.67,99.38,63.7
70.96,934.87,120.4,240.65,17.95,7376.95,0.6,99.02,81.76
17.53,2035.84,121.07,212.56,169.48,2957.9,1.21,97.81,80.16
67.92,1637.37,46.87,109.33,150.16,4070.95,3.22,99.34,66.52
33.02,1594.11,116.45,173.44,131.73,6820.88,2.2,99.17,126.1
80.05,2140.88,136.08,213.53,193.52,4631.07,1.37,98.09,67.38
58.23,1662.68,186.68,208.51,288.04,5984.16,0.59,99.61,52.22
67.88,3015.5,82.41,118.15,220.86,7186.65,2.59,99.71,76.27
56.64,2879.64,233.91,303.3,238.37,6011.95,0.75,99.59,155.25
19.95,2875.28,147.84,1.0,82.82,3899.96,0.8,98.92,95.53
37.79,1701.56,44.03,179.99,133.25,4368.22,2.75,99.35,75.71
68.45,1374.25,77.74,126.29,243.03,7201.91,1.63,98.57,81.79
58.33,2105.42,191.05,214.57,189.72,5279.38,0.41,98.23,24.91
78.62,1942.76,182.16,281.34,222.94,4633.3,2.32,99.13,87.5
63.07,1621.82,120.9,87.44,235.24,5690.5,0.6,98.15,104.48
35.67,1224.99,127.5,388.29,194.96,2688.39,2.86,99.11,112.52
39.08,2018.94,61.77,216.15,322.37,4573.84,1.3,99.16,88.65
57.06,1765.15,186.07,230.54,132.16,4858.64,1.81,98.63,65.12
8.72,2529.84,70.61,84.82,106.28,4829.21,1.84,100.0,131.18
88.47,2513.57,162.24,196.27,21.15,4290.32,0.32,98.78,80.03
63.83,2818.56,187.6,277.73,247.37,4444.16,2.1,99.35,55.76
79.54,1166.49,122.41,216.79,128.7,4794.86,4.04,99.07,64.24
23.39,2328.74,168.38,211.22,293.94,7628.5,4.44,99.86,81.53
79.89,1538.77,212.38,195.85,202.32,1034.43,2.33,98.97,83.19
99.63,1193.71,133.4,89.76,149.51,6258.15,6.95,98.31,73.34
28.58,1747.98,111.23,89.3,85.08,4843.82,1.82,99.49,107.46
70.43,2796.09,116.66,293.55,256.19,4888.76,0.59,98.15,91.5
55.02,1787.38,82.85,270.58,175.15,4268.85,2.16,98.61,130.34
24.11,3143.82,81.72,282.42,204.1,5903.25,4.8,98.84,98.14
64.86,2432.21,142.12,134.17,234.4,6710.37,0.89,98.87,80.75
71.67,1772.14,111.8,187.39,203.92,1586.85,0.62,98.96,74.75
42.98,2860.03,136.38,298.54,103.52,8769.09,6.79,98.9,79.04
78.32,2359.78,45.5,101.71,226.91,5259.42,2.91,99.29,51.93
21.66,1395.21,115.37,290.39,253.82,5197.43,0.1,98.72,85.54
25.1,3349.16,171.51,153.08,212.42,2490.41,1.65,99.5,114.17
57.73,2229.64,64.05,131.58,236.91,3972.19,0.53,98.61,126.11
55.51,2061.16,120.83,197.45,245.3,7446.32,0.68,98.31,102.16
40.67,1449.13,27.27,110.64,144.35,5123.62,0.18,98.41,230.35
71.19,2873.68,54.73,48.25,140.98,5748.36,0.53,98.91,107.95
65.62,2410.09,160.38,206.08,380.41,4169.86,1.41,99.88,25.64
72.16,2488.47,104.54,242.74,299.32,8547.38,0.16,99.18,111.58
52.54,1692.73,211.1,297.22,175.66,4724.13,4.41,98.88,140.22
67.05,2631.87,141.62,248.56,241.45,7034.92,2.99,99.17,84.38
46.09,2686.27,146.53,357.23,95.61,4727.71,0.96,98.35,36.43
96.08,1579.86,66.18,308.89,126.1,5625.57,0.28,98.01,22.6
38.75,1056.11,100.74,259.05,67.78,5633.96,10.22,98.51,91.15
97.11,2454.96,83.37,237.49,205.71,6664.22,1.66,98.47,54.43
55.7,946.66,66.73,298.41,206.76,6329.79,1.1,100.0,86.61
27.49,2154.41,153.19,22.96,277.54,4146.68,0.44,100.0,79.98
82.36,1734.93,163.23,161.6,160.92,7086.27,0.45,100.0,153.71
57.52,2901.07,139.95,51.32,275.99,3217.75,3.18,98.35,128.46
72.02,1773.01,78.6,253.05,238.76,2869.62,1.47,100.0,72.44
79.48,2823.09,136.54,140.58,401.33,4475.45,8.27,98.7,78.37
61.76,1688.05,24.37,441.57,330.04,5708.12,6.12,100.0,132.22
43.16,2747.99,186.15,158.57,314.29,3159.94,0.46,99.51,99.77
74.51,3490.24,55.09,208.51,255.21,4859.91,14.76,98.51,107.67
55.02,1300.37,63.98,167.82,99.52,2507.42,8.62,100.0,142.23
68.72,2252.43,125.76,160.89,206.35,4514.79,3.21,100.0,64.13
11.93,3972.15,130.21,100.28,382.28,6749.31,0.99,98.46,133.07
63.94,2094.61,116.36,97.59,225.63,3481.53,0.51,99.43,79.24
42.23,2091.25,64.49,25.64,106.04,2801.0,0.22,97.84,5.22
88.07,2599.95,176.67,243.64,210.24,5681.52,0.11,98.92,48.28
67.46,2076.76,35.7,166.03,90.94,3582.34,3.44,98.93,57.88
59.8,852.94,45.84,354.69,102.94,9361.13,5.82,98.91,148.62
64.73,2840.6,114.65,100.47,217.16,5345.58,2.96,100.0,89.99
35.03,645.94,56.79,318.11,246.56,6844.33,2.85,98.26,82.83
87.47,1756.25,181.13,325.78,108.19,2633.59,1.07,99.04,154.82
94.83,2893.2,61.09,302.16,129.64,5823.26,2.05,99.73,63.87
62.86,1798.42,197.85,218.78,51.63,3189.03,2.22,98.28,79.2
86.81,1562.41,171.76,172.94,168.36,4677.61,0.59,98.58,96.21
43.62,2663.48,181.75,302.09,5.0,3645.91,2.68,99.98,92.9
39.06,1452.22,214.36,136.68,153.08,6871.47,0.32,100.0,108.5
55.82,1192.44,124.06,221.66,187.16,5578.07,0.69,98.9,116.92
63.7,2240.16,69.35,196.5,21.98,5211.34,1.78,99.8,61.83
47.12,1919.95,114.85,128.69,89.35,7449.91,1.55,100.0,20.14
65.76,1177.43,91.67,222.24,174.59,5028.56,2.44,98.91,110.87
61.13,2493.87,84.54,259.35,162.31,6854.7,1.75,99.75,20.92
35.03,2373.14,127.54,125.53,166.47,8241.07,0.1,98.9,107.89
65.38,1796.17,104.41,236.81,205.92,5252.27,7.61,98.25,124.33
72.27,1844.07,82.39,21.68,29.55,5467.16,2.88,99.2,140.02
58.43,2377.27,107.73,116.07,243.78,6718.18,4.25,99.03,89.79
78.05,2881.25,147.45,163.41,151.31,7586.16,3.26,98.55,175.31
30.65,1850.04,167.82,228.59,126.34,5230.77,0.48,98.96,39.37
64.36,2506.28,39.85,269.55,12.16,3852.62,5.4,99.04,153.22
31.59,2443.64,104.84,206.63,155.92,6559.82,8.28,99.4,64.33
32.72,2663.52,112.93,245.33,226.08,6029.01,0.16,99.93,96.44
42.38,2075.52,60.87,187.15,192.74,6542.52,0.34,99.93,101.28
36.16,1409.37,114.01,232.38,195.37,6257.73,9.27,99.14,148.92
44.04,1724.25,127.4,228.15,149.49,5372.18,0.69,98.82,51.1
50.72,2288.0,145.94,159.28,174.55,5476.27,3.43,100.0,180.44
71.74,3320.93,123.86,171.57,80.33,6264.04,0.15,99.13,9.26
48.58,1709.19,75.95,248.01,179.57,2390.85,2.64,98.78,91.8
23.29,2611.35,220.6,344.97,135.8,7393.42,2.42,99.32,117.95
77.8,1818.36,161.46,296.55,78.77,5809.96,5.55,97.92,136.33
38.26,2125.33,147.64,109.67,247.92,3476.96,2.61,98.87,37.86
53.83,3108.78,170.24,109.95,38.25,5333.21,0.08,98.82,16.21
63.93,2583.0,132.23,157.15,227.19,7373.46,1.2,98.65,147.45
58.99,1179.09,184.32,207.91,232.84,5522.5,0.86,99.47,104.73
76.88,1647.27,122.84,203.86,132.55,3682.3,1.69,99.95,18.8
64.58,2927.35,120.09,299.22,272.74,2705.91,1.12,100.0,74.62
37.77,2147.31,151.76,303.61,130.65,9436.81,0.66,98.85,65.46
98.57,1243.81,198.82,200.45,125.0,1869.95,2.16,99.0,140.37
58.89,1474.73,195.6,181.78,71.97,5606.44,0.75,98.72,80.51
52.05,2540.45,149.64,241.34,179.24,3944.25,3.8,99.58,87.69
74.28,2744.09,145.83,285.06,93.72,6876.39,0.78,97.89,84.78
59.99,2060.5,154.8,244.19,108.75,2810.65,1.45,98.93,161.85
62.98,3780.72,169.28,165.48,174.12,7895.07,3.5,99.4,131.3
100.0,2624.91,184.94,151.02,177.88,4774.89,3.46,98.76,122.65
49.5,1877.56,108.17,111.15,293.03,4603.74,1.76,98.9,103.1
48.64,1477.01,185.9,215.48,263.79,4436.12,0.96,99.89,102.69
57.33,1365.58,137.15,249.85,229.59,3933.33,1.63,99.16,58.62
76.43,2282.79,152.55,258.79,166.81,4336.34,3.79,100.0,129.84
24.87,1705.86,189.1,292.14,143.64,6293.04,0.49,100.0,79.97
15.69,3219.62,157.35,318.42,177.61,1900.89,0.26,99.57,43.77
43.26,3074.42,165.8,90.0,129.93,3651.83,1.74,99.0,89.12
22.32,2491.15,100.53,232.38,116.92,7691.25,1.71,100.0,95.53
46.5,1222.7,194.92,235.14,172.91,4837.22,0.69,97.43,148.84
65.05,1577.45,154.78,194.08,100.95,3969.62,1.14,98.11,129.26
37.19,2926.97,126.3,133.73,106.48,2705.39,0.19,99.74,55.49
26.46,1653.85,175.05,315.57,265.94,2893.58,0.28,100.0,136.54
56.39,2833.5,249.39,152.91,55.83,6767.97,3.52,99.68,1.0
72.25,2380.22,61.55,24.59,86.42,3519.29,1.25,99.33,111.66
21.1,2084.2,79.81,201.61,294.59,6448.16,0.21,98.87,67.48
71.4,1556.02,254.27,180.97,144.71,3235.07,6.53,99.59,38.84
71.35,1982.03,141.33,348.62,303.84,4773.66,0.47,100.0,47.82
74.08,2180.75,129.54,239.18,74.94,4875.64,0.76,99.72,153.6
79.37,2770.78,114.23,175.58,186.64,3643.42,7.19,99.24,113.07
99.04,1427.99,180.42,184.25,249.46,5138.52,0.4,99.92,110.11
47.88,1864.03,250.56,183.33,98.46,1191.38,6.93,99.41,133.79
57.19,2079.38,86.74,377.37,330.69,4840.68,2.56,99.56,85.62
46.67,2511.87,115.16,254.04,144.87,5801.3,1.11,99.88,150.11
55.04,1412.07,102.46,87.43,225.82,3497.1,1.81,98.55,86.11
85.66,1126.4,156.64,180.44,118.98,5383.4,1.42,99.18,1.0
28.1,2519.78,181.12,198.11,314.25,5276.26,3.27,99.28,159.31
37.78,985.44,201.05,111.39,207.3,5348.57,0.13,98.36,1.0
82.54,2947.49,158.34,57.36,368.76,2579.33,3.36,98.44,84.33
75.4,1938.85,245.97,247.65,286.12,5171.31,7.05,98.76,125.12
47.74,964.73,91.26,135.63,255.33,1899.9,1.12,99.93,1.0
72.09,1711.71,78.27,299.9,94.04,3867.01,0.42,99.06,89.18
61.82,2313.39,193.47,200.66,187.55,4993.05,0.23,99.29,88.49
85.01,1675.11,126.14,162.06,151.5,5375.02,0.85,99.42,131.7
56.49,2062.02,51.2,6.66,182.36,2823.25,0.28,99.64,114.32
75.51,2566.05,104.2,297.79,193.29,4488.49,0.52,99.55,41.39
100.0,1906.47,132.78,223.48,98.94,6430.18,2.13,99.25,69.04
66.96,1392.06,87.69,164.14,165.91,3236.56,1.07,99.1,52.11
55.99,1838.71,69.27,128.78,171.33,1123.45,4.63,99.97,20.73
69.45,3038.39,109.62,327.93,89.08,5953.22,1.25,98.85,68.96
47.69,3227.55,66.77,114.86,252.04,3304.03,0.33,100.0,154.33
100.0,634.05,151.76,170.51,200.02,3849.63,0.3,98.8,112.79
58.6,2811.72,22.81,245.58,253.19,5235.08,2.36,99.0,112.06
49.54,2223.1,124.52,316.06,223.85,5139.07,2.01,99.7,46.59
38.29,2694.79,145.98,182.69,25.77,6838.77,2.46,100.0,16.98
76.94,1662.66,115.47,141.21,105.0,4564.68,0.83,97.84,117.73
72.34,810.22,174.66,191.46,328.79,5122.95,4.93,99.81,135.38
45.05,2457.14,51.47,272.36,250.66,1952.76,0.24,99.53,101.52
66.53,1389.32,84.95,290.35,34.05,6130.79,0.07,98.88,125.38
24.83,1076.2,103.5,89.99,222.3,3755.51,2.71,99.45,81.63
58.7,1125.12,155.64,209.2,105.13,10815.92,2.26,98.36,97.23
64.06,2468.64,130.93,85.26,5.0,4615.51,1.36,98.64,66.14
89.15,2145.62,227.17,270.74,329.15,5763.91,0.09,99.5,110.44
39.58,2595.73,79.71,233.79,186.78,6147.87,0.24,98.49,87.57
29.43,2516.35,50.25,126.31,199.53,4840.39,0.43,99.31,119.22
37.09,1753.35,209.45,322.73,66.89,5786.17,2.04,98.74,126.29
28.27,1998.67,48.46,226.8,76.22,9059.81,2.18,98.88,80.87
81.73,1689.99,154.15,218.02,36.75,3643.24,2.26,99.95,115.55
85.97,1900.77,71.07,185.67,307.53,962.12,3.25,98.38,67.16
61.4,1370.92,16.53,199.36,32.1,2654.79,0.05,99.18,166.84
79.43,2321.34,101.26,169.48,325.51,6795.07,2.06,99.53,151.47
57.68,2800.58,164.97,140.7,91.19,4137.7,0.58,99.38,106.79
53.1,1476.37,58.91,298.33,69.49,9197.44,1.69,98.79,64.63
48.34,2944.89,148.8,160.58,175.02,6308.8,2.68,99.46,104.79
48.79,2127.47,158.14,157.89,118.42,3824.55,2.55,98.48,46.49
24.04,2216.76,56.42,189.66,188.76,3598.67,0.68,98.86,111.37
60.29,858.4,108.61,313.96,101.06,4196.72,0.88,100.0,9.75
54.19,782.92,198.85,290.49,151.79,1283.94,4.99,99.65,51.87
69.91,2148.88,152.53,168.41,111.74,5499.94,3.78,99.2,109.73
56.87,2600.81,106.93,298.14,257.51,6248.34,0.59,99.51,150.71
51.75,1578.03,140.76,208.65,226.14,3258.81,1.77,98.64,109.68
37.58,3217.07,85.74,132.53,202.29,2207.16,0.23,99.4,82.23
56.44,2562.46,175.68,161.91,274.82,3361.0,2.12,98.88,56.42
69.76,1412.16,175.66,309.86,203.69,6795.01,1.94,98.79,74.54
32.13,2069.59,126.05,366.63,196.09,6445.8,0.61,99.11,24.31
56.75,3781.85,131.54,225.59,169.2,5387.61,1.1,98.78,79.12
59.66,1178.21,70.06,154.68,115.54,7955.37,3.05,99.3,183.1
40.64,2417.79,52.4,190.01,115.74,1959.64,0.59,99.49,100.09
43.24,1822.08,101.17,139.0,193.24,4624.92,2.93,99.01,111.69
59.61,2542.83,115.63,150.66,271.61,6008.39,0.76,97.2,20.61
32.33,2935.09,173.13,142.8,231.33,6421.58,3.66,98.59,151.21
62.0,1777.63,166.12,193.65,230.82,6446.76,0.06,98.44,155.84
37.09,2831.24,129.24,209.65,80.45,6303.05,0.6,99.46,103.6
76.26,3602.84,179.53,188.15,227.05,7375.09,0.39,98.69,119.57
100.0,2094.39,72.83,182.29,144.07,6370.1,4.42,98.85,68.25
37.78,2597.42,173.87,260.84,195.82,2922.05,1.12,99.79,83.96
65.68,1634.69,80.48,181.66,229.68,4181.29,1.58,98.65,202.74
40.47,2061.48,181.98,186.8,75.94,1948.55,0.55,99.34,76.29
75.82,1924.33,119.33,185.88,194.17,6793.37,0.27,98.77,168.21
29.69,2605.86,20.09,323.46,201.26,7150.25,1.82,98.87,177.16
64.61,2891.27,156.51,160.7,269.88,2803.33,0.67,98.39,112.69
37.54,1971.24,160.48,247.7,133.48,4316.05,5.29,98.84,90.18
50.86,3121.54,97.17,140.13,174.49,1840.23,1.29,99.56,42.0
34.38,3119.03,101.44,228.0,195.3,4782.17,0.3,98.52,116.56
71.45,2640.8,112.02,243.7,133.49,3511.41,0.05,98.7,95.6
38.26,1686.78,23.74,286.74,131.85,2898.12,0.53,100.0,90.75
66.04,1619.72,1.76,169.26,128.37,4955.42,0.77,99.38,75.91
48.12,1479.33,185.08,110.88,168.5,8387.33,0.46,99.44,107.05
52.71,2712.42,78.8,137.28,337.24,6431.21,0.91,98.76,113.69
57.96,1199.76,212.76,277.16,171.71,4546.88,4.22,99.93,93.66
39.76,2521.79,188.52,366.54,223.88,4912.57,0.1,100.0,142.08
59.21,1291.22,198.36,266.76,182.84,8380.98,3.23,98.78,94.24
85.61,2624.48,87.49,99.03,152.32,7265.55,1.11,99.95,89.0
39.44,2060.05,39.58,264.05,177.82,4440.81,4.74,100.0,50.04
78.44,2981.55,65.66,124.5,249.24,5902.12,2.2,97.75,86.61
84.96,2847.02,97.68,172.07,175.19,3202.54,0.36,99.8,92.39
38.68,3052.55,1.34,214.98,165.52,5044.57,6.41,98.67,1.0
25.9,3070.57,96.23,228.43,158.87,6375.58,0.34,100.0,115.51
61.04,2148.54,109.92,205.24,90.59,6836.63,0.82,98.64,131.63
44.05,1236.84,55.28,151.91,273.61,3847.76,7.71,99.62,182.98
92.37,1311.23,67.98,284.8,139.78,6803.16,0.48,97.97,57.8
55.7,587.21,108.97,157.79,312.25,5267.19,1.99,99.98,90.66
38.96,1289.43,137.81,300.36,202.02,4480.65,7.59,99.25,113.15
32.06,2096.18,75.46,91.25,306.53,8436.71,2.34,100.0,92.79
76.8,1656.24,134.61,217.24,162.01,4351.39,2.17,98.7,65.05
43.58,1921.91,126.84,101.91,114.01,3005.66,1.94,99.35,36.23
55.88,2392.9,122.34,133.27,273.89,3789.62,1.62,100.0,97.89
74.12,1835.15,87.4,158.96,129.51,6306.19,5.96,99.18,144.21
45.31,1262.72,53.33,321.65,295.7,3223.93,1.57,99.5,95.2
54.08,2010.74,204.82,304.64,232.08,6492.85,2.18,99.69,92.53
54.67,1419.06,151.52,269.94,311.8,3463.73,2.69,98.11,110.44
68.67,1858.45,170.29,202.66,92.12,4864.87,1.5,98.84,125.16
66.81,2987.94,115.82,215.04,266.09,8978.26,4.37,100.0,108.14
50.6,1858.65,111.8,301.32,113.15,3411.5,0.05,97.77,45.51
56.27,3287.67,144.53,256.1,5.0,1363.9,1.01,99.98,113.36
47.56,3050.15,28.27,201.44,260.63,7461.48,1.92,98.79,69.91
25.45,1642.49,64.27,318.93,179.42,2479.43,0.04,100.0,66.21
60.15,1270.21,80.11,265.16,266.62,3537.67,5.53,99.51,51.8
92.84,2011.21,97.27,219.39,188.28,6311.72,3.5,98.64,91.54
37.33,2855.33,76.02,163.28,181.93,6239.63,0.49,99.89,73.48
39.54,1704.87,136.64,156.06,314.79,726.86,0.81,100.0,83.27
37.59,2683.66,124.07,173.11,190.65,4382.44,2.26,99.62,55.1
69.49,2893.91,189.64,236.56,137.2,6533.95,0.83,98.89,130.81
63.97,1506.18,243.69,266.86,172.05,8651.33,3.89,100.0,79.35
51.83,1574.76,56.86,84.46,194.19,2770.09,0.57,98.55,65.95
36.64,2546.86,127.37,44.27,5.0,6922.65,3.41,99.95,27.42
56.85,2154.29,127.28,123.88,224.2,3808.41,1.25,97.51,162.29
23.71,1567.76,119.29,167.39,302.3,6874.93,1.21,99.28,32.82
57.87,1801.47,65.76,295.68,175.59,3127.38,0.37,98.81,106.48
72.43,1998.64,74.14,177.57,142.13,4585.94,8.19,98.24,121.48
29.98,952.6,132.02,220.38,214.9,5697.33,0.85,100.0,79.5
24.35,2583.95,72.73,233.43,336.92,6717.64,0.46,97.7,111.77
86.59,1712.92,127.96,118.11,222.23,6026.55,0.07,100.0,114.83
42.76,128.0,107.7,316.79,199.29,4227.39,1.36,98.13,128.63
77.72,2031.29,127.08,146.82,144.85,4095.92,0.07,99.94,119.15
51.92,1528.9,72.33,324.78,83.75,8202.17,1.22,98.65,82.48
51.76,3230.18,127.87,189.91,182.11,5498.96,4.66,97.83,78.99
63.77,1638.19,75.95,173.0,183.74,4144.15,1.38,98.88,176.97
37.32,1279.65,128.03,111.14,6.11,5968.5,0.09,99.59,138.75
57.65,2403.55,186.97,215.78,114.59,6121.09,0.61,98.57,67.08
47.37,1585.69,133.05,380.35,284.3,2563.85,0.1,99.38,108.2
28.59,1502.38,136.09,233.09,156.77,5875.29,4.27,99.68,110.79
61.75,2404.65,160.86,221.63,5.0,2288.46,0.55,100.0,94.27
49.73,1319.67,49.82,146.67,324.11,3839.26,0.13,99.24,165.25
51.86,1027.91,205.95,247.36,99.76,3224.69,6.68,100.0,90.87
30.8,3256.2,67.22,212.61,137.68,4767.48,1.34,99.79,91.7
86.83,2453.65,163.98,194.97,275.6,4213.22,1.04,99.14,127.9
72.53,1863.05,157.35,239.58,113.21,4639.72,5.24,100.0,57.21
74.28,2045.57,74.89,54.73,5.0,1589.32,1.51,99.83,73.91
48.89,2402.11,170.44,191.96,199.58,4862.98,0.66,99.08,153.78
20.42,2729.34,144.89,104.24,251.72,3017.68,3.14,99.7,93.82
94.06,1518.82,214.5,202.31,137.78,9110.32,0.63,99.39,62.83
53.78,2304.3,129.67,142.06,168.94,4280.65,1.17,99.58,101.99
40.02,1693.31,114.57,147.53,73.82,4535.94,3.25,100.0,100.73
63.34,1915.71,94.26,93.32,90.41,6251.08,5.36,98.64,148.46
78.34,2160.49,32.83,289.25,151.05,7380.49,1.86,99.38,138.51
54.54,2043.32,104.09,145.78,238.38,2880.29,1.41,99.22,103.19
80.57,2562.9,106.21,150.06,188.8,6031.48,0.16,99.75,161.31
76.66,2388.96,133.1,322.45,271.8,6739.29,1.92,98.88,146.04
33.47,992.28,48.84,245.44,328.82,5332.39,0.79,98.8,109.3
41.52,1097.52,108.05,37.23,259.79,5296.33,1.45,99.15,61.14
74.15,1789.2,148.81,310.83,36.9,4078.5,2.73,99.53,166.64
1.0,3328.04,153.78,331.83,154.46,4420.08,2.04,98.88,145.73
52.01,1451.89,27.01,324.35,258.93,4806.01,0.2,97.34,46.55
26.38,1902.24,155.32,253.46,169.24,4233.35,1.01,98.53,71.21
45.47,1672.56,107.67,111.86,34.26,6598.54,0.45,100.0,41.65
49.02,1660.17,110.75,196.06,130.32,3430.67,0.33,100.0,52.05
47.84,2172.77,1.77,84.12,5.0,6539.86,0.5,98.85,145.75
43.95,3028.54,194.68,130.72,155.03,7390.04,5.07,100.0,98.6
33.06,2367.18,128.84,111.13,118.36,5665.69,2.49,98.97,68.42
100.0,1485.53,43.43,149.84,147.54,1778.92,4.77,98.13,125.23
92.35,3975.26,138.76,213.12,286.33,6101.95,1.41,98.99,128.63
31.76,2103.0,137.22,164.41,60.17,3841.31,0.0,99.71,148.44
86.64,1643.95,181.13,160.97,115.36,4050.21,0.07,98.8,119.4
47.01,3036.47,104.52,176.73,77.24,5651.53,0.31,99.62,120.62
57.58,1719.65,120.6,319.96,276.42,6989.73,3.03,99.39,62.08
53.73,3212.04,87.86,373.1,281.81,2009.52,0.45,99.0,98.91
41.81,1438.55,149.9,163.94,212.41,5103.63,0.21,99.74,93.75
74.68,3049.02,80.83,226.89,207.75,8585.14,3.95,100.0,1.11
57.52,2188.73,75.35,132.7,71.97,3021.83,0.52,99.33,109.31
45.47,2951.74,116.61,261.41,197.93,4639.27,1.4,99.61,26.67
28.91,3379.24,58.71,161.88,79.03,3891.21,0.83,98.18,123.83
37.13,1255.17,200.11,143.11,183.71,6265.98,4.54,100.0,79.57
22.17,2941.04,216.36,360.13,149.1,2749.14,2.44,98.83,80.25
55.24,1061.77,97.32,91.51,126.52,2173.13,1.21,98.6,74.95
31.07,1314.97,50.67,3.77,182.55,6497.67,3.98,99.82,70.61
49.69,1485.61,136.83,258.79,240.95,5429.58,2.59,98.93,85.85
82.4,2400.55,95.89,170.59,339.79,2864.85,3.31,98.71,132.1
78.99,2071.11,178.73,148.32,229.59,4876.75,7.59,98.99,51.63
54.35,1931.0,80.64,418.53,385.02,2692.7,0.45,98.35,95.45
53.26,2150.36,147.23,258.42,198.08,6660.11,0.45,98.71,179.45
92.6,2461.9,125.7,195.32,340.55,5500.92,1.63,99.92,68.14
65.42,2515.77,86.19,143.37,219.2,3713.61,1.52,100.0,94.36
48.44,2813.92,132.0,235.66,201.58,3955.72,4.07,99.25,128.66
26.48,3322.02,163.93,61.37,164.86,4173.45,0.34,98.72,182.38
62.88,2033.05,124.34,158.71,206.92,3064.98,1.11,99.49,157.08
71.59,1683.24,124.86,197.03,218.84,7411.97,1.5,97.87,89.38
42.37,2477.48,76.36,217.08,52.43,7093.66,1.25,100.0,110.71
60.82,1247.02,177.21,188.61,243.0,4277.73,0.14,99.15,86.68
47.73,1572.91,172.23,144.54,46.44,4433.88,0.32,98.48,138.7
51.32,2747.57,99.47,273.65,243.11,2978.73,0.33,100.0,90.23
5.24,1961.11,113.79,67.87,233.91,4710.89,1.81,99.23,163.09
50.56,1202.27,190.71,177.77,307.91,5880.64,1.12,98.9,17.78
74.39,1005.14,63.32,158.57,102.41,7126.15,0.39,100.0,119.53
42.37,2082.1,150.21,280.95,91.16,3386.97,2.67,98.83,124.91
56.05,2847.33,92.07,163.29,279.65,1967.47,3.25,99.72,1.0
39.88,2837.98,208.9,235.01,83.26,3187.13,0.47,99.69,29.61
62.21,2125.62,123.17,226.64,74.41,6001.19,2.57,98.61,147.58
50.67,3454.24,183.02,53.19,198.78,4921.68,0.13,99.1,115.77
36.22,1974.63,81.93,194.75,175.8,6786.29,3.88,99.02,126.68
81.65,1951.0,57.57,60.58,193.98,5074.86,6.58,97.96,162.15
73.58,250.79,108.29,228.1,228.4,7908.27,0.34,97.83,81.15
42.9,1734.85,133.13,141.57,228.9,2145.81,3.09,97.68,161.84
64.96,2644.41,94.46,294.93,172.99,517.31,0.2,98.89,212.03
65.75,3142.77,157.92,185.54,184.33,7435.8,6.5,98.5,145.62
67.85,1466.84,109.5,138.4,173.97,3567.58,1.2,98.55,112.33
21.11,2371.58,15.93,295.99,183.17,5247.66,1.53,98.91,92.77
75.13,2780.82,147.64,130.25,55.13,5241.9,2.89,99.2,103.4
43.61,2055.85,75.87,271.58,248.08,5588.27,0.57,98.98,102.01
47.84,449.7,101.92,237.4,274.41,4147.3,1.02,98.71,96.1
100.0,2221.1,197.66,170.77,237.37,3286.64,0.15,100.0,50.92
61.04,2581.0,208.64,93.12,230.45,3142.63,1.91,99.06,112.06
47.27,1384.8,91.23,299.33,90.85,6086.59,3.21,99.9,104.3
10.89,1870.09,148.89,240.04,52.63,6388.7,3.82,98.33,149.63
82.8,1239.15,92.39,138.24,254.78,4549.84,1.54,100.0,117.83
28.1,248.9,105.66,219.57,182.57,3925.76,2.9,98.82,65.75
34.93,2766.9,89.71,280.49,195.26,6023.61,0.32,100.0,51.15
48.37,2045.38,33.78,208.96,199.3,2333.08,2.72,98.28,94.77
83.33,3166.37,124.75,219.07,203.13,8509.46,0.01,98.45,60.27
70.46,2648.13,134.41,282.56,238.19,5814.28,0.43,99.07,100.8
51.84,1800.05,86.45,322.98,171.41,4712.94,2.01,98.95,67.93
61.17,1989.77,174.39,190.43,8.54,6493.82,0.77,98.38,146.11
42.99,2444.32,98.2,93.0,241.96,6135.19,1.06,100.0,118.43
57.79,2724.82,88.14,95.79,231.98,5423.1,3.5,100.0,134.71
56.47,2273.87,146.33,144.72,63.48,1597.54,1.69,98.96,88.42
74.38,2821.92,42.87,125.21,75.06,5739.71,1.02,99.91,102.93
74.34,1840.33,165.33,65.4,259.47,7620.59,1.25,100.0,131.71
64.88,1350.0,99.89,347.83,280.72,4000.61,3.77,99.19,109.64
47.75,2002.63,169.46,242.25,5.0,6725.57,1.33,98.73,123.33
69.84,2191.63,184.41,158.1,219.68,6528.26,4.16,100.0,67.77
53.16,1206.93,152.01,197.4,160.14,5529.33,0.57,99.99,129.31
33.36,1112.29,79.4,57.09,186.67,5306.3,1.53,98.32,71.6
46.93,2361.17,57.46,292.59,191.82,6007.72,0.92,100.0,178.44
56.69,1763.55,48.3,44.03,111.41,5748.5,1.79,98.49,102.8
73.2,1931.91,175.15,240.8,238.74,8403.55,1.71,99.47,139.19
51.33,1796.22,113.26,52.93,118.07,6740.16,1.69,98.63,77.32
30.82,3112.42,90.04,166.88,247.23,6272.8,1.5,99.31,86.42
56.13,2931.23,113.4,299.42,267.21,6902.95,1.21,99.28,84.46
57.27,1181.85,174.03,69.28,101.51,6274.04,4.82,100.0,24.59
58.72,1675.04,158.94,188.1,103.71,1254.53,0.62,98.06,1.0
73.4,2643.0,141.93,250.22,190.23,4789.84,1.14,98.66,83.47
75.38,2469.36,151.89,237.13,315.33,3884.78,0.47,98.87,19.47
43.12,2018.98,129.01,205.61,126.66,5590.35,0.81,99.43,106.44
42.68,1251.68,135.11,239.66,143.71,3997.92,0.57,98.98,88.64
34.2,1570.22,131.05,151.13,208.9,6064.01,2.22,97.66,1.0
68.98,1686.26,120.0,354.62,239.11,4241.99,2.46,99.72,73.7
83.98,2241.9,157.67,71.15,227.43,8055.83,0.65,100.0,94.0
48.7,3240.61,138.06,292.97,182.91,7970.13,8.22,99.5,151.45
50.17,1567.18,75.96,215.16,152.5,2395.87,0.67,98.88,76.73
84.34,1329.78,146.44,249.37,209.86,5581.17,3.53,99.34,29.34
65.11,1971.99,132.36,263.56,5.0,4168.62,0.69,98.35,24.22
63.72,2770.22,150.57,244.45,348.23,5453.63,1.07,99.94,74.14
31.18,1035.18,114.79,135.12,163.28,6056.04,2.19,99.55,55.6
68.57,3065.54,160.59,177.1,196.41,2698.25,1.63,98.83,86.74
36.42,1927.58,116.93,83.87,368.94,3247.51,1.41,99.26,101.83
32.32,1533.98,156.19,176.12,113.28,3471.5,3.16,99.92,116.47
48.06,927.87,97.18,225.8,389.89,4007.45,2.46,100.0,117.64
43.28,2542.56,100.64,248.57,246.57,4059.94,4.91,99.15,71.0
50.57,1928.18,150.1,231.31,220.19,6434.18,0.52,100.0,120.18
26.18,2167.49,103.41,59.59,237.95,5400.48,0.03,100.0,33.89
74.18,1417.43,230.29,155.03,104.27,3431.92,17.73,99.57,100.46
77.55,1824.63,148.32,147.02,31.59,4424.67,0.67,98.92,103.53
16.05,1707.39,121.25,95.19,73.76,734.59,0.09,98.94,100.02
74.57,1977.58,161.0,133.13,277.87,8635.49,0.57,99.34,53.54
38.79,1579.31,95.97,200.1,95.8,5032.52,2.21,99.12,57.89
72.14,974.07,166.15,313.1,31.13,6786.69,1.77,100.0,120.86
53.63,3957.95,164.76,123.75,172.86,6427.71,0.46,98.54,78.28
55.58,1093.62,182.68,109.69,231.72,4935.08,0.41,99.55,118.59
51.3,2175.02,97.96,152.04,183.48,712.56,1.18,97.8,70.64
79.24,807.58,58.86,227.0,234.57,3995.73,0.03,99.46,209.13
30.21,650.07,89.49,297.9,283.95,5636.51,0.0,99.81,83.82
67.16,2116.48,105.92,193.08,231.42,5108.92,1.92,100.0,142.76
77.03,2170.06,203.36,84.33,166.14,6872.67,0.79,98.79,190.06
69.33,2931.05,229.75,101.35,131.01,4996.47,0.05,98.7,139.42
100.0,2327.68,137.23,215.06,249.37,8315.72,1.23,99.92,80.87
44.42,1943.13,120.47,279.62,204.78,3092.64,5.48,100.0,91.1
74.15,1383.28,102.5,345.26,102.53,5931.82,0.59,99.04,1.0
52.88,3097.31,161.23,105.41,297.2,3147.92,0.58,97.83,1.36
79.67,2698.2,229.43,211.18,203.59,6645.35,1.26,98.46,94.3
54.85,1175.57,209.29,117.61,238.76,3644.42,0.32,99.14,71.72
47.24,2074.57,176.9,128.11,144.72,1838.16,2.03,98.21,50.28
81.12,2148.84,176.17,121.34,281.76,2324.63,3.66,99.71,96.36
45.17,1806.04,161.62,173.26,37.32,4150.28,0.43,98.66,71.43
26.75,2588.3,117.64,129.42,330.79,7805.55,2.15,99.15,56.16
44.66,2630.21,83.17,398.31,5.5,6334.5,4.38,99.97,135.17
67.38,1914.66,118.96,163.23,56.1,5804.39,4.67,99.46,43.43
82.84,1851.39,141.12,279.02,202.66,4882.88,1.61,100.0,122.89
57.22,3097.27,47.32,147.24,132.23,2972.63,0.33,100.0,104.59
81.36,2700.99,112.35,378.66,150.45,3320.95,2.15,98.47,149.64
27.84,2098.65,78.7,227.13,132.2,4006.85,2.65,99.62,76.03
46.13,907.55,170.69,266.95,109.52,3843.75,2.81,99.31,41.16
49.23,2288.8,92.51,152.71,208.53,3817.81,5.45,100.0,69.61
52.71,2536.66,136.41,278.12,175.63,3287.46,1.91,99.57,93.35
56.68,128.0,85.0,226.79,259.64,5010.95,1.26,98.85,134.51
68.82,2224.31,199.88,169.68,187.22,3647.74,1.4,99.53,127.22
46.1,1756.32,34.96,113.61,142.49,7036.94,0.78,98.94,86.3
57.78,1893.4,143.79,181.0,249.7,7018.83,0.12,98.75,91.92
54.1,1412.83,56.14,174.15,15.1,6081.84,2.53,99.12,122.9
36.48,1944.27,94.53,269.52,5.0,5874.05,0.04,99.37,137.21
52.73,3022.39,130.31,181.42,37.1,2206.04,0.13,100.0,108.07
52.13,1735.52,132.77,46.28,149.08,9123.49,0.81,98.85,106.53
51.7,2723.9,131.46,251.69,215.23,4493.13,5.35,97.86,104.52
55.64,1483.57,127.59,303.45,5.0,6428.68,1.32,99.06,105.77
56.51,2579.13,87.91,66.71,178.96,6499.35,0.48,99.38,105.82
46.35,2049.16,111.8,344.38,148.09,3125.83,4.55,99.33,55.12
80.45,2294.42,121.58,311.73,192.33,3869.87,1.7,99.02,30.27
31.61,2053.01,129.77,149.53,8.32,5716.24,0.92,99.86,59.92
40.58,2497.14,116.72,110.63,415.37,2217.07,2.52,99.42,76.42
100.0,250.69,156.48,284.24,182.93,4839.12,1.16,99.62,121.29
34.24,1054.12,124.67,90.43,70.45,688.82,2.62,97.91,84.16
27.92,2339.96,130.07,146.53,191.65,5018.24,0.49,99.08,103.12
69.69,617.52,100.87,94.79,314.54,7475.36,0.33,99.1,97.82
13.46,1676.59,67.38,200.47,64.2,4995.67,1.24,100.0,114.85
50.29,2009.96,127.7,317.21,45.47,2366.14,0.77,99.13,77.87
97.92,1468.3,180.37,229.99,169.38,4004.85,1.86,98.74,65.97
24.1,1563.91,142.19,281.45,177.06,6107.21,3.11,98.7,29.11
15.36,2238.11,79.13,171.86,243.85,5300.23,4.64,99.89,108.29
25.02,2754.51,160.74,207.78,312.78,5813.48,2.86,98.79,1.0
72.97,1377.09,103.24,101.88,250.2,4689.93,0.84,98.6,101.54
77.5,1645.46,155.73,192.25,55.11,3621.63,2.6,99.84,130.55
44.75,1536.12,101.56,140.32,83.61,5225.76,1.51,99.47,89.02
68.66,353.03,137.67,187.18,108.15,5122.3,4.73,99.03,109.61
82.81,2147.2,94.08,181.68,249.99,6848.91,2.45,98.27,77.77
90.75,2702.3,95.35,174.84,234.6,4154.23,0.33,99.59,94.77
50.07,2759.65,41.69,368.6,293.54,5087.74,0.16,99.78,88.53
8.97,1438.46,145.6,341.4,230.23,4738.61,1.57,98.53,122.79
38.58,1171.81,138.51,313.29,123.53,9093.13,0.91,99.46,83.62
46.46,2063.12,141.32,343.6,162.29,3644.61,0.37,99.13,47.47
49.82,2628.49,133.77,313.54,48.47,4307.67,3.2,98.58,108.06
51.24,2156.4,81.89,198.21,236.53,3276.62,0.94,98.89,89.91
77.38,2250.51,168.29,190.01,123.65,7346.9,0.18,99.17,67.11
80.49,2847.28,169.64,218.83,290.19,7480.32,0.61,98.28,120.85
51.57,1530.6,80.59,183.15,234.03,4609.58,2.26,99.6,174.86
76.97,1894.02,146.61,116.8,354.42,7134.07,2.09,98.7,113.85
62.15,3192.22,163.75,223.73,217.78,5590.58,0.61,98.73,126.87
56.29,1910.23,96.5,74.71,216.1,6263.64,0.83,99.55,101.07
73.13,1160.86,105.2,211.01,163.57,3209.26,0.1,98.88,152.19
56.45,1579.45,146.71,120.42,145.39,5290.48,6.13,99.05,121.1
96.16,1391.27,44.48,193.52,156.72,8370.27,0.79,99.13,72.73
26.23,2298.01,65.57,215.3,269.92,7659.41,5.3,98.66,118.86
44.7,1420.84,70.51,171.77,58.63,6449.54,3.36,98.84,112.27
52.47,2237.72,30.18,68.76,185.7,6711.91,0.82,99.19,79.2
63.79,1532.75,174.25,104.96,30.03,9379.42,2.37,99.19,144.72
80.36,561.64,20.59,236.66,213.57,6414.38,1.28,99.57,44.41
54.51,2262.63,137.16,155.4,138.73,3808.97,7.51,99.6,109.88
26.56,2151.92,160.58,244.87,225.33,7183.42,2.03,100.0,77.73
71.85,2410.43,105.32,200.78,113.18,4866.25,1.46,98.15,30.74
70.1,1576.91,86.58,184.17,156.87,5879.8,2.03,99.84,99.69
16.16,1502.32,131.64,227.81,236.91,5213.29,0.5,98.96,78.46
54.92,2329.03,120.09,146.01,191.33,3724.19,0.73,99.66,71.64
23.2,3111.31,170.18,232.03,318.85,5555.3,2.49,99.44,52.61
41.71,2055.82,1.0,166.44,136.66,6740.37,0.17,98.8,175.41
36.94,2345.21,74.06,402.9,128.88,6329.76,0.72,100.0,1.0
71.19,1822.89,148.08,109.29,291.31,5863.87,1.93,99.73,8.53
57.34,967.46,122.52,171.42,146.95,4638.84,10.9,99.49,115.91
29.29,2725.2,157.6,174.65,142.81,2013.86,5.2,100.0,113.52
72.6,2683.89,133.1,91.85,214.48,4914.69,3.57,98.52,39.42
26.32,2545.54,113.26,258.07,165.25,5997.72,1.39,99.22,71.08
61.6,1920.64,104.89,165.7,151.96,1114.14,3.27,99.59,120.07
38.72,2465.94,236.25,9.62,117.63,4879.39,1.64,98.45,83.98
47.69,2673.63,196.75,255.61,302.61,4829.33,1.23,98.74,126.85
65.09,3182.11,144.78,149.11,166.44,3353.6,0.51,99.9,93.18
65.43,2739.97,123.92,191.61,129.41,6368.75,6.03,98.85,74.12
81.74,2092.67,146.91,254.15,153.28,6699.55,1.82,99.81,36.69
53.35,1132.22,161.34,170.82,211.94,8265.45,2.25,98.76,92.38
61.13,2156.96,140.94,170.17,311.52,4949.24,0.3,100.0,69.35
46.25,2227.6,82.43,397.18,164.78,7324.72,1.13,97.56,134.82
58.64,2544.32,209.23,27.7,102.35,3525.34,6.69,99.91,133.21
63.79,2995.72,132.31,97.12,352.7,4331.86,2.83,99.38,85.18
53.03,1981.39,220.7,112.64,192.2,6223.07,4.29,98.13,93.54
18.92,3518.69,129.36,343.12,170.47,3819.14,1.01,99.04,80.16
61.63,816.5,107.72,148.43,186.47,4708.08,0.14,97.85,73.76
62.29,2341.54,189.21,219.22,67.91,6511.2,0.87,99.45,52.18
41.4,1489.04,135.06,162.07,175.91,4989.11,0.94,98.78,97.7
29.31,712.94,126.67,248.26,248.36,3344.65,0.72,97.84,83.4
84.52,1906.76,59.98,198.98,289.81,3938.81,1.5,99.32,154.6
64.83,1027.98,153.01,220.25,147.76,4507.89,0.43,99.3,80.9
50.42,1935.0,95.33,302.98,196.92,6057.59,5.55,100.0,191.23
32.26,2072.34,97.61,235.22,291.42,4415.14,4.76,99.78,167.3
38.56,2830.98,95.47,141.19,183.38,591.75,0.61,97.53,66.21
81.05,992.69,141.95,224.97,244.75,6415.29,2.11,98.83,91.99
57.75,2683.91,43.23,393.49,218.19,6161.8,1.39,99.97,32.88
43.99,2116.66,109.46,245.2,120.22,3082.02,0.58,98.06,78.2
65.19,2768.19,169.01,212.15,97.55,2960.05,4.55,98.66,109.97
38.71,1745.77,57.72,90.36,275.34,7431.97,0.53,99.2,103.22
85.02,1115.43,128.64,257.95,5.0,4566.93,1.96,98.83,62.68
82.06,1195.75,88.43,269.78,119.82,6356.44,0.82,100.0,91.94
45.67,1143.73,99.82,225.02,54.42,3750.85,3.5,99.33,115.02
42.43,2382.47,202.76,209.13,275.47,6179.5,1.94,99.22,89.9
2.64,3081.85,37.48,426.6,302.83,3338.86,3.57,98.56,148.94
25.37,1652.53,158.28,268.43,114.81,5760.11,0.85,98.43,91.43
28.21,2488.39,96.1,299.2,428.84,5642.41,0.02,99.27,31.5
57.7,981.59,93.62,205.35,303.95,1283.73,0.5,99.14,30.97
48.48,2174.22,64.42,189.47,197.74,5223.16,3.37,98.35,79.97
28.09,2515.99,157.69,250.57,315.0,3706.49,0.76,99.36,47.41
49.38,1034.31,110.43,189.4,122.24,6967.41,0.77,99.24,30.23
65.11,1905.28,104.12,195.97,155.11,5423.35,1.19,98.98,77.92
65.56,2549.14,125.49,237.06,221.69,4554.86,0.64,100.0,126.87
17.01,128.0,111.49,158.98,117.72,7733.94,3.29,99.19,76.46
52.43,2982.82,19.97,217.63,64.41,1574.21,0.78,99.03,108.22
27.33,2295.58,95.46,206.41,95.58,8469.13,1.85,99.99,152.49
73.03,2549.71,164.77,277.36,162.3,8375.81,1.2,99.09,110.33
70.68,1759.1,44.67,151.09,222.24,4298.56,0.68,98.92,57.69
37.04,842.09,65.5,40.01,149.59,6599.12,0.62,98.38,94.01
39.68,2421.84,98.66,175.15,32.41,5873.66,1.39,99.24,77.49
45.77,1990.19,83.72,231.78,222.33,526.66,0.47,99.85,115.11
9.94,2070.48,118.61,277.13,294.6,4799.26,0.85,98.91,102.46
61.72,2809.32,65.35,144.57,120.6,2722.91,0.08,98.27,83.69
49.54,2581.44,100.61,243.37,329.65,2558.79,3.12,99.91,98.2
74.4,3392.87,117.6,290.81,258.2,4484.35,0.09,99.94,82.19
33.03,2155.7,152.45,260.1,85.13,4546.79,4.12,99.61,31.09
42.62,1564.15,182.24,136.75,121.69,7188.47,0.1,99.27,17.43
24.87,1916.11,106.92,145.34,151.83,3645.51,3.77,99.49,129.96
34.91,2338.96,214.4,234.8,163.33,4289.33,2.07,98.11,136.11
31.36,2759.1,110.8,330.03,5.0,7461.2,1.41,98.79,102.47
74.92,1021.08,161.44,201.13,112.22,4669.34,0.31,99.67,132.71
41.03,2053.98,216.58,186.77,130.17,4076.34,0.59,99.44,163.61
57.48,3174.68,126.97,90.43,350.15,6542.34,2.34,99.83,76.93
47.38,1879.85,51.32,170.86,200.42,5955.14,1.44,100.0,65.73
29.61,2699.71,124.55,142.78,108.18,5179.87,1.44,98.34,124.4
51.63,2393.18,89.42,202.18,140.53,6663.29,0.29,99.54,150.9
66.98,2717.1,106.28,78.97,218.26,2754.19,1.29,99.02,68.09
30.84,1481.17,219.25,173.71,145.98,3952.61,1.78,98.89,153.99
71.18,1484.22,58.86,119.29,127.32,8597.01,0.26,100.0,79.88
38.01,2062.19,135.02,275.22,130.21,100.0,7.33,98.1,103.99
45.34,975.44,76.11,131.27,223.18,3788.93,3.54,99.07,80.48
65.61,1859.18,104.62,154.21,55.65,2869.81,0.76,99.03,104.99
41.73,2225.01,157.24,222.57,82.18,5127.83,1.66,99.23,52.99
55.75,3297.24,135.91,163.7,96.51,6088.89,1.64,97.82,136.16
48.71,2329.9,108.75,388.76,80.63,6992.53,0.23,98.51,29.59
57.59,2485.66,87.51,274.44,105.87,4261.31,1.15,99.23,57.63
7.39,2863.13,135.8,201.38,260.72,3338.98,0.47,98.22,146.87
18.41,1372.74,205.38,229.45,273.27,2387.71,0.81,99.87,185.52
67.32,1932.44,74.93,11.57,204.45,5086.26,5.76,99.61,73.87
75.74,3745.79,215.58,298.54,199.33,8829.14,1.6,98.09,156.36
36.79,1992.61,179.97,240.95,119.7,3942.15,0.14,99.04,146.73
50.12,2829.5,188.47,194.15,5.0,4870.8,2.23,99.46,111.31
60.89,2722.62,135.42,245.27,192.95,5245.15,13.2,98.24,75.8
68.86,1013.32,178.56,255.03,206.8,4238.88,0.37,98.1,151.13
14.45,2265.34,69.56,166.69,119.37,7561.84,2.3,98.53,87.47
37.28,2150.72,86.6,230.41,83.15,7176.78,3.48,100.0,113.6
48.35,2278.97,158.29,283.9,65.39,6472.88,3.72,99.97,8.53
69.06,1520.12,134.79,236.39,195.09,6728.96,2.46,98.77,78.88
100.0,1266.16,112.58,179.79,187.37,3766.58,4.81,98.27,70.57
50.44,1714.79,1.0,223.73,287.51,2933.78,0.07,98.62,100.05
26.86,1979.54,98.23,310.58,107.51,3780.79,0.13,100.0,82.45
63.05,2877.49,61.3,262.72,154.09,5504.74,0.29,100.0,74.68
81.42,3320.12,144.68,106.95,181.55,4415.77,0.09,98.63,94.84
57.16,3025.62,110.44,246.93,130.51,6024.36,0.26,99.42,64.01
36.87,2650.13,88.58,236.33,255.51,5194.79,3.4,99.02,28.76
74.16,1344.96,252.15,293.13,291.43,2589.22,4.54,100.0,77.12
68.27,1761.77,171.91,202.63,80.5,7233.4,0.82,98.43,85.94
34.48,2194.95,172.79,170.45,138.77,4079.62,6.3,99.89,125.02
62.63,1605.29,230.11,90.55,299.21,6415.34,1.08,98.26,86.78
74.95,2452.04,160.11,144.43,209.08,3474.31,0.38,99.86,110.6
78.64,2552.34,81.45,296.64,190.55,3414.12,2.29,98.6,66.06
53.67,2423.4,75.61,215.84,210.71,3327.79,1.09,98.98,94.29
47.84,2765.59,168.25,192.02,239.03,2422.68,0.04,98.75,25.77
79.55,1414.79,17.03,303.65,215.02,2465.84,6.78,100.0,69.88
30.8,2700.98,116.11,287.17,199.22,5685.11,1.82,99.9,1.0
63.77,1561.05,11.44,141.14,180.86,3330.49,1.9,98.91,47.37
27.6,1389.34,124.94,296.08,301.34,5622.67,8.11,98.62,44.06
76.31,2420.48,162.7,67.31,156.03,5183.17,3.59,100.0,119.61
49.84,2899.11,133.97,236.76,180.11,6584.11,0.9,96.82,109.08
80.37,2389.61,166.91,227.3,319.68,3166.74,0.09,99.54,137.73
64.83,2062.56,218.24,291.98,209.32,6909.52,0.5,98.53,42.21
30.54,2265.11,112.82,230.48,174.01,3369.47,0.87,100.0,127.86
83.49,2143.5,260.38,180.44,236.77,100.0,6.45,100.0,71.92
86.02,1259.83,130.63,186.75,200.46,5342.46,4.39,99.22,166.77
72.65,1178.17,167.46,415.46,113.48,3424.67,0.04,98.94,87.85
39.77,1992.82,89.45,206.61,202.06,7699.67,8.72,99.25,159.22
48.88,2103.9,200.97,247.77,107.21,5541.78,0.59,98.76,210.06
57.91,2055.93,172.09,38.31,344.41,4846.66,2.99,98.64,111.94
40.93,2521.27,193.57,133.81,201.49,5362.82,0.25,99.36,166.27
88.85,1897.17,122.73,241.5,95.56,4104.73,0.5,99.64,81.76
57.89,2442.09,57.23,70.84,144.66,8031.7,1.41,99.29,147.46
1.0,1946.79,143.02,243.95,248.36,4013.38,2.43,99.4,92.45
61.79,3324.35,35.15,141.99,81.8,5833.95,0.85,98.76,117.68
48.04,2104.5,103.19,117.29,424.84,3525.87,4.13,98.55,115.19
53.5,3686.51,129.55,141.69,49.03,5002.99,5.63,98.54,87.93
47.63,2294.41,238.86,322.2,263.31,2773.37,0.26,99.74,35.68
71.14,1898.43,135.93,226.67,136.21,5411.49,2.54,99.26,40.74
77.39,1418.39,126.98,127.17,107.2,5116.67,0.28,99.34,141.42
60.66,1037.98,116.85,262.03,228.4,5987.92,0.83,99.44,102.49
48.21,1353.99,52.9,266.38,139.14,5842.64,3.42,99.16,133.89
54.17,1432.28,124.29,169.5,323.24,5052.4,0.82,99.28,74.95
55.39,2324.37,125.14,276.73,53.88,8671.08,4.76,100.0,81.11
38.95,1679.68,71.57,280.54,230.61,4967.08,1.06,99.74,80.7
66.58,2178.85,60.66,268.11,155.23,5070.5,0.74,99.08,28.22
64.2,2945.38,95.92,146.1,206.67,4846.59,9.04,98.87,81.16
85.81,1986.53,123.25,105.68,226.27,5364.68,1.17,99.92,82.42
80.11,3503.41,97.12,64.57,24.15,4485.07,2.7,99.43,94.6
41.29,1224.93,67.46,147.56,201.06,4337.12,1.83,98.98,84.95
71.41,1942.59,134.46,170.58,278.01,6353.71,0.45,98.3,149.49
35.98,1670.48,146.94,177.09,221.97,4912.88,1.39,100.0,71.76
68.92,2703.55,126.06,196.22,146.81,6897.21,0.16,98.41,128.49
44.67,480.15,91.85,338.64,52.76,1591.01,2.47,99.4,107.03
34.53,1037.82,149.74,172.83,225.72,7741.07,1.46,100.0,96.24
60.6,1972.86,110.47,196.1,348.85,6611.45,0.26,98.96,125.06
1.51,3133.96,60.55,54.59,239.57,4907.41,2.91,99.17,81.47
19.98,2206.09,171.81,378.24,284.19,4860.44,3.27,99.8,74.04
51.45,1101.92,137.68,94.73,263.97,6153.23,2.65,98.36,80.55
56.65,1209.98,114.04,143.45,144.62,3152.55,0.8,98.03,103.25
47.61,3219.09,41.45,255.66,188.14,5069.13,2.57,98.95,21.63
23.41,1613.21,82.76,219.7,258.17,5279.29,1.72,99.26,88.31
38.64,1387.93,220.93,331.45,37.83,1320.8,1.57,99.25,122.71
62.82,3082.16,44.58,257.6,238.66,5626.34,2.09,100.0,94.03
66.64,2755.77,107.43,193.5,293.3,2565.95,1.99,98.54,99.72
54.68,2939.84,119.18,283.53,175.38,6949.34,3.21,99.1,113.44
78.14,1382.97,136.02,292.9,253.26,7408.51,8.54,100.0,98.53
62.95,980.43,45.14,147.19,130.11,7718.99,2.59,99.01,30.06
40.05,2141.22,128.71,277.04,183.44,4419.62,1.17,100.0,153.33
49.39,2282.59,35.69,182.22,155.42,4394.43,1.24,99.04,199.55
26.94,2303.22,124.87,191.72,221.38,1442.69,0.06,98.71,156.0
52.84,3082.73,87.38,211.43,170.59,6224.35,0.35,99.17,86.45
77.24,834.36,76.71,169.54,29.14,2284.42,0.52,99.38,59.57
68.71,2649.79,161.74,165.23,115.37,2391.56,9.28,98.91,155.55
83.04,1280.36,108.22,278.78,354.83,4453.27,2.88,99.48,100.71
48.94,2647.01,143.69,77.68,231.08,3009.69,0.31,99.1,132.19
81.92,1715.53,145.34,115.07,5.0,3268.86,1.38,100.0,55.32
51.13,1478.22,183.5,253.98,288.7,5084.77,0.48,99.56,115.46
84.43,1621.07,59.59,194.17,76.25,6586.65,0.71,99.21,110.49
54.56,1036.07,165.95,279.32,260.4,5971.1,1.86,98.98,150.4
69.14,2076.3,120.82,228.63,296.3,5341.0,1.83,99.76,127.73
84.5,1507.13,101.09,93.3,189.15,7064.44,4.11,99.22,101.69
51.13,2598.41,62.54,205.03,90.28,5229.72,0.36,98.88,170.68
59.37,2496.04,150.33,242.76,115.64,4052.0,1.38,98.69,84.26
80.78,3229.71,73.89,218.72,236.63,3613.87,1.83,99.69,156.36
52.34,2304.43,145.89,162.54,77.81,5994.23,5.33,98.87,117.61
28.58,2412.47,216.39,178.08,127.63,3018.12,1.45,98.99,124.68
97.86,3028.07,169.0,155.19,226.16,5627.86,0.83,99.59,213.94
45.6,1608.64,189.57,93.98,121.39,4228.94,0.69,99.95,9.35
58.18,1006.22,84.05,82.98,307.87,3491.64,0.49,99.62,39.43
78.12,2188.07,158.14,231.2,86.57,3460.55,6.56,99.8,141.98
42.83,1052.16,62.79,130.28,5.0,6737.62,1.85,99.7,131.61
34.84,3765.76,108.33,246.05,109.96,3456.39,0.72,99.21,100.13
60.07,3066.85,207.06,152.39,207.91,4497.41,2.73,99.48,139.79
19.14,3562.78,89.61,94.95,257.7,4156.41,0.68,100.0,50.32
49.24,2091.71,175.57,167.36,143.25,6906.47,1.4,99.06,173.22
59.9,2433.4,170.78,367.55,155.05,7768.95,0.05,98.44,150.47
49.6,1726.37,173.74,192.35,177.22,6635.93,3.75,97.43,162.42
24.13,2666.05,56.65,251.67,336.77,4323.84,6.27,100.0,32.06
86.88,1197.12,146.26,213.5,214.09,5616.07,4.02,100.0,137.69
57.07,267.83,112.17,87.58,135.65,3362.55,0.38,98.51,95.06
83.62,1494.5,174.42,315.92,364.66,5378.76,3.49,100.0,190.52
49.8,1029.17,37.25,180.17,181.01,1837.24,0.85,99.92,105.45
37.4,3082.55,138.39,95.16,5.0,5423.51,5.51,99.65,59.49
60.38,3318.97,131.32,159.02,55.19,4900.67,0.71,99.55,118.35
50.68,1065.95,20.49,183.5,230.24,5793.35,0.19,98.68,27.29
31.44,2952.2,75.73,259.96,20.05,4977.82,3.83,99.29,137.3
84.4,2713.97,28.49,145.54,224.82,6503.1,0.25,99.44,77.99
42.55,949.16,83.68,409.63,109.8,3625.71,1.56,99.25,87.86
18.19,1774.81,147.46,125.03,285.99,6361.65,0.94,99.16,104.96
81.56,1641.89,129.77,248.96,195.08,5850.17,2.83,100.0,82.47
44.91,2571.6,128.47,42.08,32.67,6961.09,2.76,99.91,160.1
42.84,1187.85,68.01,190.1,262.28,7082.05,2.99,99.81,83.71
19.69,1978.79,176.02,229.38,302.72,3286.56,0.13,99.85,115.69
89.82,1567.85,119.06,110.43,65.09,5930.66,3.91,99.36,117.4
29.21,2379.34,121.69,319.92,107.75,2901.77,1.26,100.0,96.67
56.17,1896.25,167.02,234.76,225.21,7087.4,0.49,98.36,63.46
73.25,1673.33,70.43,174.59,241.35,3464.38,0.71,99.25,3.84
63.43,1898.69,131.43,233.89,391.79,4315.96,4.66,99.7,139.27
53.81,3473.23,141.17,152.53,260.18,5391.6,0.01,99.58,53.53
20.97,1756.17,92.72,300.11,396.07,6329.26,3.24,99.46,175.4
38.81,1319.3,152.62,281.22,181.75,5668.34,5.15,99.85,70.25
58.76,2456.4,143.86,229.87,214.53,6378.14,0.58,100.0,145.78
39.26,1947.53,114.94,248.94,128.87,5022.47,3.45,98.46,100.2
59.07,1057.34,113.39,81.82,132.97,5439.38,0.35,99.41,158.32
68.63,3610.05,146.18,317.36,193.24,1819.73,0.03,98.69,110.18
74.25,1801.26,159.42,192.05,127.57,6846.96,1.86,99.95,114.22
30.48,1783.49,123.14,282.0,5.0,4475.89,2.08,99.71,48.74
98.93,2159.88,176.01,259.99,119.99,4225.21,0.33,98.52,125.41
70.35,3259.08,152.93,280.78,276.9,8486.25,1.44,99.2,132.16
54.97,872.18,30.58,116.18,186.55,124.1,0.97,98.15,101.97
76.79,2241.19,49.76,126.36,187.06,5171.52,0.16,99.86,139.0
100.0,3509.09,179.11,379.86,111.29,968.24,1.42,98.82,111.44
26.23,2138.11,107.66,78.45,209.97,5611.1,1.76,98.41,143.59
50.49,1183.27,128.21,112.19,329.28,3741.58,0.49,98.96,99.77
7.43,1615.12,176.96,203.46,306.06,100.0,2.69,99.61,139.41
58.85,2192.82,119.68,203.6,212.93,6960.43,0.15,99.4,105.56
62.31,2979.56,121.86,156.8,103.16,2678.41,1.6,98.86,177.3
54.22,1810.46,76.56,249.29,339.05,6707.73,0.72,99.13,81.57
41.91,2626.66,138.5,272.17,275.33,3245.6,1.15,99.0,91.27
14.01,1043.24,149.33,198.55,46.72,4164.3,4.48,98.55,68.48
62.47,1037.4,91.11,178.52,21.89,889.53,2.22,97.89,79.5
84.11,1710.04,73.9,198.22,51.71,5764.35,0.32,99.2,74.28
43.18,3054.62,251.31,160.21,135.57,3966.92,4.35,99.61,177.38
63.8,2096.21,115.35,64.14,261.16,4340.19,0.93,99.19,178.69
23.64,2250.87,85.82,224.07,259.02,4828.95,0.83,100.0,90.26
64.14,2242.66,155.33,261.27,210.66,2033.57,1.39,98.78,151.9
47.13,2824.45,117.46,187.69,167.36,6243.98,0.46,99.17,88.56
39.75,1620.85,65.71,18.79,393.42,3985.7,4.91,99.54,112.34
39.79,2529.8,144.15,154.26,183.06,9131.35,1.26,99.51,156.44
47.13,1466.38,77.34,272.46,172.17,4136.73,1.0,99.02,85.69
62.65,3436.29,198.82,84.94,134.32,4298.77,0.37,99.16,55.0
28.76,1487.73,144.73,255.67,379.08,2558.15,3.25,99.14,113.86
47.06,1430.33,106.16,164.37,244.88,2095.5,6.11,99.68,62.7
54.17,2432.77,125.47,198.5,86.9,6579.84,4.07,98.71,96.45
33.02,2103.85,165.16,145.13,76.23,6910.06,0.35,97.5,108.13
90.93,2276.8,129.3,109.15,28.8,3982.28,2.79,98.96,122.25
37.93,2207.12,226.11,314.74,171.29,5218.38,0.46,100.0,122.73
41.61,1284.73,176.79,265.27,45.14,7235.36,0.08,99.76,107.29
35.43,3177.35,144.38,251.58,74.92,5521.04,1.33,98.1,129.4
90.97,2673.48,73.15,272.68,276.15,5872.67,2.22,99.67,157.49
66.06,2999.26,112.66,240.22,260.19,5157.08,0.27,99.35,129.12
36.27,1678.17,143.94,275.53,314.23,3825.47,1.86,98.94,137.31
77.12,2339.57,78.86,146.89,47.67,5693.81,3.71,98.45,59.45
59.01,2186.16,184.67,310.21,89.79,8356.55,0.47,98.63,104.14
60.15,2837.6,71.29,303.07,123.43,4063.24,1.12,98.81,111.83
48.11,2860.17,88.14,230.44,327.61,6561.44,1.38,100.0,188.16
40.01,2183.14,91.89,176.96,185.66,5326.46,3.56,99.65,7.38
61.76,985.43,157.19,102.12,343.98,3938.38,2.95,98.7,130.67
44.1,3293.76,79.75,218.29,236.47,6611.5,2.93,98.82,117.21
91.34,2437.19,30.0,334.79,169.88,6402.19,2.27,99.17,124.61
29.61,1622.09,174.4,107.13,231.65,6044.71,1.92,98.9,40.67
85.72,2332.58,97.78,281.45,24.36,8147.51,1.42,99.21,103.05
52.77,990.23,66.57,162.28,5.0,8303.98,0.92,99.1,170.16
60.98,2786.75,82.26,169.11,203.33,5097.14,1.44,99.27,49.07
71.66,1018.15,205.84,105.96,181.3,4809.0,3.84,97.8,123.78
42.4,1893.42,87.15,139.8,354.03,2430.72,1.69,99.76,71.74
72.28,2219.12,113.83,251.74,55.89,7759.77,8.48,98.81,162.24
1.0,2775.19,97.65,261.69,213.52,4868.54,0.31,99.83,128.67
40.6,2122.58,58.37,218.87,242.58,3904.1,1.16,100.0,114.07
36.52,2492.47,82.86,159.93,210.85,3319.84,0.45,98.18,65.33
29.93,2028.28,54.94,111.72,278.91,3307.02,0.91,99.27,89.23
50.7,2025.47,167.79,204.94,123.09,8165.69,3.12,98.91,80.6
62.71,2107.83,125.04,170.8,254.9,6616.9,3.48,99.48,60.05
69.05,1915.66,244.13,216.89,230.54,2321.62,0.06,97.72,89.0
59.82,867.4,84.55,174.3,284.93,2394.4,6.13,98.95,17.07
41.69,1510.17,77.06,176.35,134.0,5219.36,4.11,98.63,124.02
62.38,2219.34,196.69,212.72,73.24,3170.37,4.71,100.0,78.43
57.49,1873.62,172.9,228.18,123.43,4546.3,0.95,100.0,66.83
73.72,1938.93,139.24,297.91,84.32,7795.44,1.37,99.0,37.64
70.54,1821.65,64.32,173.04,129.15,6924.95,0.37,98.4,111.76
55.61,1443.48,207.25,243.64,149.91,1919.52,1.01,98.61,172.18
37.05,1702.83,116.39,344.29,97.97,3179.99,0.27,99.23,82.95
41.94,1833.22,98.47,245.77,180.7,5442.25,3.98,98.22,149.99
44.0,2051.6,177.15,293.14,73.89,7033.58,1.74,99.56,118.19
48.69,2323.36,118.89,150.35,173.41,3520.64,0.29,99.06,88.67
60.36,1921.61,61.72,142.37,135.43,5663.35,4.23,99.45,172.88
69.3,1327.24,122.02,187.25,169.09,4181.15,0.17,99.48,25.94
53.98,1069.34,80.93,195.76,215.4,8153.71,5.23,100.0,100.78
55.32,3866.21,1.0,285.67,142.36,6120.35,0.22,99.64,80.88
57.87,1257.13,75.91,141.63,109.98,4652.13,2.53,99.41,107.73
44.68,1684.96,93.61,192.91,121.09,2309.6,2.07,99.37,48.75
36.49,2409.9,62.22,285.99,272.08,3089.38,3.05,97.82,127.21
19.89,2300.6,148.76,217.24,294.87,454.59,1.66,99.33,29.91
41.1,2412.61,81.13,199.13,133.66,5490.04,0.86,99.63,120.76
64.46,1738.1,143.92,219.08,166.09,6198.86,0.64,99.12,74.86
40.94,2214.99,58.33,109.8,26.6,6289.62,5.82,100.0,113.48
50.24,2090.94,165.46,108.5,163.63,3894.81,1.16,98.16,66.78
64.33,1829.51,56.18,72.94,49.36,7304.14,3.69,98.68,60.93
65.41,2219.79,2.92,216.53,136.05,7850.41,2.57,98.76,158.53
33.41,2786.76,181.86,273.51,276.96,3802.34,2.14,99.21,163.09
74.94,2032.46,77.21,261.25,44.83,7126.72,7.05,98.75,49.22
77.55,2037.12,207.85,291.49,98.82,5251.75,1.67,98.33,101.36
32.4,2795.71,148.23,316.34,99.26,4051.83,2.64,98.95,125.95
38.52,2720.95,159.51,211.57,29.8,7216.15,3.79,99.91,92.36
78.82,3156.76,172.27,194.83,257.64,2828.27,0.09,99.73,93.71
52.06,818.64,125.63,318.08,204.95,2327.1,11.2,98.71,123.91
10.6,2681.58,126.2,143.92,342.8,4286.83,0.61,98.94,116.87
27.01,2469.11,184.07,105.72,90.42,4588.64,2.42,98.66,77.04
50.01,1428.04,125.57,172.89,20.51,2042.05,6.14,98.32,116.07
31.74,2224.11,83.59,163.54,264.72,5883.2,2.88,99.5,84.45
46.73,2783.79,149.29,203.87,147.52,3595.08,0.52,98.3,80.8
55.65,1467.59,14.32,132.0,138.0,2643.17,0.9,99.66,65.54
84.25,2357.79,185.98,229.58,313.02,6169.41,1.07,100.0,65.66
49.19,2657.95,187.02,154.47,195.28,4227.06,1.77,99.46,105.35
76.45,1298.29,179.91,298.26,261.38,6903.62,1.85,99.64,33.79
83.58,1948.4,177.99,104.43,123.96,5826.63,3.1,99.62,32.67
83.69,2258.68,115.79,188.84,114.74,4643.69,3.93,98.86,88.28
60.7,1490.71,114.67,173.21,147.12,6976.35,0.19,99.46,95.15
15.73,1432.59,58.52,218.47,240.33,5756.67,0.64,99.42,53.02
64.22,1953.47,207.4,274.14,184.58,4964.49,0.84,98.76,165.05
75.97,2609.15,95.75,221.3,222.12,5921.08,0.03,97.44,65.17
53.38,2498.61,136.99,189.71,5.0,5979.66,1.08,98.47,68.81
89.89,1445.01,132.7,255.3,10.62,3030.1,0.89,98.54,65.49
72.2,2504.52,52.98,267.44,5.0,9244.74,1.49,99.55,132.99
66.37,1462.84,32.77,221.54,145.86,5121.76,0.21,98.16,162.84
76.73,920.88,120.28,231.01,54.21,5157.76,1.07,100.0,56.36
61.67,1791.0,97.31,251.73,332.07,1837.19,1.82,100.0,128.62
5.14,2834.08,115.53,68.49,178.08,5231.36,3.26,99.94,105.64
45.02,2507.17,173.27,171.94,199.5,5309.26,2.91,98.84,64.51
78.94,2046.9,131.25,230.1,81.92,2930.36,1.04,97.75,105.54
38.85,1756.31,157.93,176.67,79.11,3128.79,0.99,99.78,42.23
50.53,1775.17,142.27,176.95,319.61,3381.27,0.08,98.68,84.99
34.1,2124.15,104.18,229.99,340.42,4468.83,0.17,99.75,54.94
90.68,1300.09,69.91,231.81,217.42,5383.94,4.12,99.62,81.56
88.63,1804.32,133.24,237.36,5.0,4598.63,3.28,98.89,97.75
37.32,1897.1,124.19,136.62,141.71,5544.96,0.04,98.35,154.79
57.95,1102.25,165.76,86.58,208.19,6215.5,4.29,99.33,97.13
41.39,1461.09,112.45,264.35,159.48,5977.2,1.9,98.1,55.18
67.3,2335.35,105.13,140.61,5.0,5655.38,3.24,99.4,95.66
65.19,2054.66,108.53,135.08,346.46,5514.24,1.4,99.53,12.05
71.23,1831.87,74.06,127.86,104.81,5520.54,0.33,98.74,129.2
61.64,1410.0,192.35,292.08,59.3,4735.83,0.88,98.15,62.56
100.0,3151.79,176.98,216.96,177.22,3812.3,1.2,100.0,171.0
34.44,1461.41,59.35,227.4,286.58,4832.3,2.8,98.83,131.56
20.79,2224.11,160.2,255.16,226.17,6175.68,3.35,99.05,99.32
47.14,1706.49,27.75,196.61,61.59,6165.47,2.71,99.96,83.1
23.64,2073.4,169.26,281.02,46.75,5914.17,1.29,98.8,77.8
25.15,2368.33,85.18,104.26,5.0,4144.64,2.18,98.67,80.44
34.97,1088.82,138.0,113.15,153.76,4610.37,0.7,100.0,94.72
36.56,2043.37,23.52,108.74,137.42,4617.24,8.81,98.69,78.82
35.91,2881.51,60.06,233.73,226.25,3907.29,0.37,100.0,117.23
65.36,3281.05,143.44,240.51,118.3,6609.1,2.57,99.31,153.77
44.88,1956.99,84.95,162.19,267.63,1686.93,0.34,99.29,99.13
51.41,2077.18,78.0,181.4,238.92,8639.61,0.66,98.85,139.23
72.88,3595.93,189.79,301.45,114.4,8732.99,2.76,99.06,42.06
39.67,2842.45,230.55,144.45,215.21,5090.01,2.61,100.0,109.26
49.71,1615.9,166.85,223.63,299.61,5729.36,0.27,99.8,98.43
62.32,1614.71,65.41,145.14,93.54,6528.49,2.27,98.25,39.21
16.17,2717.58,208.18,287.68,160.8,3635.71,0.46,98.51,84.79
7.3,1340.27,41.93,250.27,159.05,6021.68,7.22,99.47,129.23
61.92,2809.41,104.78,88.09,147.81,7374.31,1.85,99.65,1.0
64.84,2282.01,122.74,179.14,252.17,1755.11,0.01,99.74,87.01
96.28,2410.4,216.2,33.68,259.3,2406.79,0.47,99.15,76.88
58.16,1868.29,165.63,272.04,216.6,6350.36,0.52,98.61,105.77
71.39,1607.12,96.81,363.78,212.3,4513.85,0.57,98.63,131.25
51.09,3071.39,72.75,25.56,129.4,4304.08,1.63,97.59,122.96
60.94,1875.28,170.11,85.83,209.75,4411.09,0.46,100.0,133.87
88.35,1760.35,93.33,213.39,64.33,2971.45,1.06,97.36,142.23
12.52,1991.9,130.84,198.52,403.07,4261.64,0.38,99.03,80.46
63.27,2183.12,51.51,167.13,301.52,2623.36,2.2,97.96,1.0
97.71,1326.42,148.46,60.99,266.09,7355.7,1.68,98.79,121.9
60.64,1652.59,144.43,225.88,216.75,5239.87,1.98,99.6,54.68
88.01,1615.38,57.92,271.0,216.83,5191.79,6.85,97.6,106.29
42.42,2639.7,171.58,427.76,27.89,6199.96,1.02,99.45,38.31
54.36,1427.83,147.74,304.58,66.72,10022.38,0.49,99.81,65.35
55.67,818.96,157.0,96.1,77.94,3105.52,13.4,98.91,118.2
10.65,671.03,101.07,199.05,185.25,1684.0,0.12,100.0,77.24
31.64,1018.73,128.95,247.37,154.66,4944.76,3.33,97.63,28.22
33.06,3001.08,123.17,144.94,253.02,1711.89,0.35,98.0,40.82
71.44,2059.34,112.59,262.4,93.1,4390.41,2.19,98.99,140.1
72.44,2398.87,128.53,256.27,272.4,6574.08,1.28,99.0,80.87
61.48,2423.54,182.82,298.99,106.17,7750.39,3.65,99.28,81.79
71.48,2087.33,173.75,264.18,142.38,2181.63,2.63,99.85,70.56
51.72,1995.65,60.91,222.81,260.59,3302.11,0.38,98.32,34.22
79.04,2779.17,169.27,148.97,225.42,5654.23,2.19,98.25,84.29
55.18,2150.2,179.56,96.55,67.37,6357.13,0.49,98.71,144.48
56.16,3027.37,112.44,217.52,275.77,6459.45,0.37,99.92,63.88
49.69,2482.58,145.42,167.69,188.01,7655.21,0.18,99.77,19.47
68.69,1615.54,144.7,175.42,5.0,6311.48,0.24,99.15,125.97
46.58,1700.01,77.5,289.74,104.16,4784.23,2.43,98.84,98.37
74.53,1538.77,100.9,309.51,143.13,6911.57,9.69,99.09,102.6
32.36,2900.28,157.54,101.17,74.76,5125.65,2.25,99.45,110.14
33.02,1764.46,95.21,183.17,300.84,5494.49,2.47,99.27,25.22
68.75,1489.07,168.77,165.34,146.27,4110.4,3.05,98.21,90.47
53.23,2271.84,185.25,225.19,221.42,5282.16,4.4,98.17,104.69
45.92,1979.98,177.18,18.7,198.59,2066.67,0.62,99.02,93.28
72.8,2254.2,218.99,83.13,243.52,6862.51,1.86,99.71,92.99
42.85,3370.87,115.46,190.6,330.57,3183.58,0.49,98.46,141.28
51.0,2687.15,128.86,262.89,240.81,3401.49,1.49,99.49,112.6
82.98,2066.91,136.03,206.02,336.84,812.23,0.47,97.95,120.14
85.78,1062.1,116.98,253.72,243.2,3519.5,0.13,99.25,88.72
86.45,1698.03,147.11,215.78,191.84,3274.85,0.18,98.65,1.0
49.36,2545.73,34.44,302.1,208.93,5391.11,7.48,97.74,81.98
79.61,1228.27,130.25,318.87,5.0,2669.84,0.01,98.82,94.02
36.02,3546.68,51.13,139.16,139.04,4200.69,2.34,98.32,87.24
36.86,2058.09,71.87,270.69,167.08,3775.84,4.37,99.01,92.0
7.99,2082.19,156.64,240.65,219.42,1831.76,1.0,99.49,103.54
88.46,1581.35,110.04,400.37,177.7,5428.61,2.46,99.52,132.99
37.72,2395.72,154.88,136.17,210.05,4605.37,0.86,97.82,60.7
52.47,1237.4,108.96,190.66,60.91,5071.89,1.51,99.6,86.78
36.79,3563.42,175.32,117.42,37.68,6494.35,5.49,99.49,156.48
68.9,2970.15,108.05,122.17,73.52,5013.56,0.09,98.9,30.15
47.49,2737.01,22.25,230.85,321.41,4400.66,0.62,98.31,83.91
28.9,1074.7,131.27,216.44,65.89,6660.71,0.22,98.91,7.71
63.83,2191.79,11.56,243.32,109.03,4413.76,1.37,100.0,84.68
26.33,2894.36,47.36,241.58,189.46,4091.73,2.94,99.62,99.07
38.25,2463.17,75.85,181.15,36.75,6205.21,7.51,99.88,22.32
12.86,1346.52,69.61,180.6,101.49,3595.96,0.34,98.51,103.39
26.52,1592.93,92.75,122.34,240.91,7101.02,0.09,98.83,67.88
58.57,1731.64,67.9,143.91,140.58,5288.72,0.3,98.29,138.19
15.71,1625.59,49.7,195.46,331.51,7824.18,6.93,98.73,114.01
25.38,3118.15,197.09,215.76,27.13,4892.18,0.77,100.0,73.31
54.95,703.29,86.09,256.86,148.9,6706.87,0.62,98.89,86.68
44.13,2507.14,8.46,248.71,140.6,2049.52,2.66,98.72,157.02
94.84,1143.39,101.95,324.57,179.2,7307.77,0.26,99.37,90.39
91.68,1375.12,63.76,122.18,69.59,6240.72,0.86,98.8,41.17
37.64,641.19,75.75,181.39,127.76,3838.16,0.31,99.26,49.31
66.14,1663.66,155.52,129.18,251.02,6556.87,7.32,98.8,87.47
69.99,3105.51,97.59,302.18,155.75,2719.1,0.67,99.33,140.0
43.05,2233.38,62.37,159.8,83.72,4104.8,0.63,98.93,75.4
25.09,1209.15,142.31,292.4,367.2,3468.04,2.01,98.42,51.22
54.75,2760.0,177.5,316.22,184.42,6655.99,0.03,99.94,95.36
51.54,2909.91,146.84,233.07,235.2,7246.99,2.12,100.0,108.1
46.28,2120.83,1.0,223.44,248.77,4191.89,1.21,99.55,115.64
63.85,3472.32,64.25,203.09,173.63,2711.45,0.41,98.15,26.96
39.99,2623.09,122.37,174.63,108.92,3241.63,1.33,99.04,107.64
31.96,2525.86,107.79,165.01,197.93,5165.73,13.79,99.37,105.41
57.18,1485.63,103.64,188.21,116.99,5052.71,3.65,98.02,77.38
62.72,2487.18,70.86,345.95,213.44,4387.84,7.31,98.82,140.44
31.47,2199.75,49.72,116.65,165.22,3506.53,5.21,98.22,113.1
73.56,2411.88,220.39,216.37,272.65,7931.16,3.43,98.48,60.72
19.59,1568.79,121.36,256.9,77.26,3884.0,0.82,99.44,113.77
43.44,2137.67,152.11,177.25,244.67,3500.87,2.62,99.17,19.5
49.84,1476.2,120.31,233.29,235.24,7065.19,0.99,98.43,75.9
42.28,545.01,122.32,79.63,158.49,4491.52,1.12,99.15,78.62
43.7,2746.81,116.89,306.0,245.72,5921.45,4.13,98.95,121.44
92.42,996.33,63.98,290.49,217.7,3424.7,0.46,99.82,216.59
37.98,2123.03,44.28,192.13,240.04,5910.95,0.7,97.75,83.27
100.0,2281.1,139.31,129.61,234.32,6323.35,5.33,98.68,153.6
63.74,2276.59,129.39,263.43,184.51,2990.67,2.41,100.0,149.31
56.84,1849.84,166.91,108.15,126.34,4038.67,0.13,98.39,41.81
64.52,2237.85,156.77,119.63,125.3,3371.3,0.26,98.44,148.57
100.0,2377.68,79.57,195.71,160.68,4049.55,1.73,98.84,66.81
35.13,2562.48,176.63,321.44,255.88,7881.94,3.21,100.0,95.37
32.59,3261.41,158.25,251.25,236.9,5462.41,3.15,99.48,186.86
39.9,2211.94,154.54,148.24,270.54,8506.45,1.11,98.46,115.67
55.64,2092.83,232.47,65.43,279.57,7669.0,0.6,99.14,69.28
20.48,1413.29,222.2,203.32,160.47,7035.6,3.1,98.95,112.82
55.45,2353.16,154.5,220.11,356.62,7617.88,5.77,99.51,33.83
88.87,2515.17,148.26,194.18,170.64,7087.87,1.17,99.17,137.48
58.03,1913.39,174.08,344.51,135.55,8068.13,0.3,99.34,69.26
49.15,2429.23,90.8,189.45,210.0,5980.39,1.88,98.97,1.0
42.64,1843.24,91.51,17.43,223.53,6235.38,0.15,100.0,80.59
72.97,2517.69,153.67,167.43,113.26,6184.27,1.89,99.17,74.44
38.48,2686.82,77.18,236.37,165.72,4208.96,0.38,98.76,114.95
91.93,2677.04,149.64,230.95,139.77,6523.12,1.45,99.94,48.86
93.67,2130.49,127.84,185.87,192.74,7264.05,1.96,99.61,108.95
60.14,1320.02,77.19,172.62,251.63,3919.26,1.18,98.56,67.78
54.77,1619.66,121.29,40.03,156.07,3456.97,3.51,96.44,92.19
75.61,2464.61,185.25,206.86,231.54,4008.17,0.94,99.58,137.66
76.9,3762.17,124.12,172.91,55.0,7442.13,0.34,98.89,138.96
38.88,1809.5,124.33,219.94,260.08,4573.19,1.25,99.23,146.02
44.47,2367.09,136.45,239.3,139.19,3012.56,6.62,100.0,64.53
28.55,1658.76,142.96,299.29,137.59,3130.64,4.24,98.53,106.89
63.18,1366.22,103.46,123.55,216.03,3373.11,0.75,98.41,108.61
68.33,1574.58,137.51,96.48,220.76,3716.83,0.56,98.22,145.09
28.0,590.27,67.55,154.08,169.89,2481.89,1.32,100.0,81.89
45.9,2995.4,80.05,141.15,100.01,6090.11,2.13,100.0,35.44
28.05,486.91,86.44,133.97,136.84,4659.2,5.23,99.67,128.96
37.02,1863.32,143.49,315.59,188.57,5962.01,1.9,97.85,148.64
66.02,1223.31,128.01,211.87,224.09,864.64,3.62,98.2,107.69
40.33,1428.93,113.28,357.79,105.93,6930.36,2.38,99.69,51.29
48.98,3011.57,154.54,199.75,122.39,4852.2,0.21,99.48,181.62
22.45,2188.75,138.94,106.25,203.66,5900.03,4.45,99.01,99.81
58.74,1372.22,105.5,135.35,172.51,7738.39,0.45,98.25,68.61
54.11,1635.34,68.24,281.96,193.18,5662.13,0.91,99.94,138.9
40.42,1512.16,79.01,109.29,5.0,8800.89,3.67,100.0,161.59
51.22,2017.52,46.66,244.63,153.46,1616.5,7.75,99.51,30.73
58.61,2169.02,127.03,171.46,256.79,4428.39,0.74,98.67,116.5
38.7,3374.9,76.89,125.61,124.57,1753.76,0.97,100.0,146.89
25.47,706.59,95.23,310.92,223.79,5565.92,1.33,99.32,90.84
91.11,2023.63,113.62,152.91,71.21,5137.7,1.38,100.0,100.92
42.33,1827.1,172.2,133.79,39.35,3034.07,2.78,98.95,89.82
53.06,2710.58,166.44,193.69,217.6,8912.32,3.4,100.0,156.41
75.22,2296.37,117.26,159.34,175.1,4353.02,9.43,98.89,50.85
100.0,2461.25,183.28,377.2,149.77,1028.87,3.26,98.74,84.69
30.11,2289.56,19.38,284.83,256.18,6224.33,0.71,99.78,180.95
64.0,1395.61,213.86,152.74,151.93,6252.22,0.89,99.15,70.18
40.85,2895.89,154.62,161.97,123.06,4136.91,1.92,99.47,33.35
44.22,2606.95,125.14,38.44,113.33,6419.05,2.32,98.49,94.58
40.6,2688.87,75.43,210.99,94.29,3289.56,0.19,98.5,138.2
32.49,2932.84,98.1,140.24,222.0,4249.14,0.84,98.93,93.49
54.17,2340.37,150.47,207.04,151.91,5708.67,0.45,99.45,75.57
25.51,3084.69,151.6,42.7,282.83,6663.81,1.42,98.66,115.03
73.94,2312.35,153.42,197.86,5.0,4596.42,0.37,99.95,194.61
56.1,1894.66,83.58,335.89,263.06,4131.66,1.74,99.12,84.75
63.45,2043.38,73.51,204.33,212.37,4925.81,1.26,100.0,177.89
45.68,2031.31,129.76,138.03,171.83,1316.5,1.03,98.46,111.53
47.66,1684.43,158.49,198.36,63.77,4496.79,2.09,99.44,60.41
60.75,3190.32,120.16,194.86,30.61,1434.98,1.08,99.52,161.52
31.72,2255.41,194.07,375.35,247.6,3485.09,1.02,99.39,81.05
47.84,2114.32,121.66,173.37,201.79,2439.69,2.11,99.17,32.7
37.81,2319.79,119.96,103.74,200.09,5950.86,0.12,99.79,106.76
37.19,4133.9,153.53,201.72,170.78,3684.33,1.13,98.33,76.37
12.8,1255.79,180.96,215.64,256.48,7228.22,0.43,99.4,167.6
81.79,1456.47,52.54,244.98,127.27,1674.98,0.08,98.51,111.22
41.27,1081.6,64.1,260.46,149.72,4561.7,0.07,98.79,73.62
78.27,1885.18,104.34,356.44,164.11,5152.19,0.37,99.39,129.77
76.38,2219.86,277.95,152.35,160.77,5882.13,1.14,99.86,95.12
29.28,1722.27,106.93,145.08,300.29,8876.46,1.67,98.24,108.01
33.23,1670.19,113.91,51.67,67.1,1459.89,3.18,100.0,1.0
100.0,2147.68,150.92,252.93,5.0,3636.37,1.87,99.9,48.93
90.02,1696.52,168.85,129.01,49.14,8594.58,1.47,99.23,104.25
54.37,2265.12,128.49,271.34,241.53,3342.06,0.07,98.45,43.73
60.15,2827.96,178.22,160.67,170.93,5795.16,0.71,100.0,71.22
42.38,2521.92,60.3,338.08,36.12,3308.42,2.36,99.52,132.08
63.65,2664.71,81.7,85.32,188.97,2490.84,0.63,99.52,115.66
40.66,2808.14,178.12,281.83,150.84,3532.03,1.8,98.73,141.68
14.35,2245.98,120.55,272.31,230.35,8559.72,1.85,99.34,95.54
28.57,1936.95,56.88,242.13,251.48,2900.2,0.73,98.76,67.71
55.42,1507.42,53.87,110.62,406.63,4463.21,1.7,100.0,151.48
32.38,1774.18,79.45,242.49,73.61,4541.66,0.24,100.0,96.85
53.65,1681.42,120.11,210.15,12.35,6649.42,2.6,99.09,52.2
33.51,2560.17,143.37,53.58,233.02,7032.0,0.05,98.79,160.36
39.35,2290.75,103.55,324.66,268.8,5193.96,0.07,99.75,97.71
72.06,2535.73,139.25,172.35,65.19,100.0,4.08,99.66,134.18
59.95,1235.76,98.15,318.5,65.27,3399.38,1.74,98.38,106.82
54.81,3050.22,181.2,194.59,210.99,2843.57,0.36,99.0,134.07
72.58,1749.11,247.59,278.59,334.3,7085.63,1.84,100.0,120.8
64.61,1277.99,100.37,131.24,101.11,3342.1,0.92,99.19,82.9
83.93,1740.55,144.0,217.15,187.84,8030.29,0.63,99.36,80.48
45.8,3786.64,139.92,211.52,9.08,5734.74,3.34,99.58,123.53
46.41,1776.6,126.93,174.11,162.13,7042.64,1.3,98.81,99.62
28.98,1820.43,152.66,130.46,169.77,9060.39,0.69,99.74,94.75
46.42,1913.53,143.94,1.0,312.08,3301.11,5.75,99.46,77.66
74.3,1943.97,96.45,132.34,116.4,2084.1,0.36,99.99,84.29
81.0,1500.97,185.83,256.04,241.78,5336.6,0.31,98.02,34.63
74.21,2148.25,130.08,88.38,110.54,6717.34,0.2,99.45,115.38
19.12,2800.92,100.76,104.95,188.13,3803.21,0.27,99.35,69.42
76.66,2268.0,242.16,85.21,366.96,5065.5,0.58,98.21,99.37
18.23,1270.18,114.19,216.71,341.38,7190.67,2.4,99.01,92.44
72.96,1806.96,132.75,128.53,356.45,7012.51,2.23,99.48,102.91
47.64,1661.93,128.77,297.63,215.78,3952.81,2.88,99.24,96.33
69.05,2085.06,113.51,258.77,161.08,5488.42,1.71,99.18,113.23
28.35,2979.32,142.43,216.01,205.64,3315.71,1.36,99.19,59.87
78.42,1943.78,77.75,224.32,221.94,2390.07,1.13,98.87,92.11
25.7,1986.29,149.83,138.96,215.04,7444.8,4.15,100.0,96.13
41.63,3292.35,32.08,138.98,115.98,1160.23,0.84,99.43,60.59
35.04,2661.34,55.1,256.88,112.36,5343.79,4.44,99.42,55.74
19.91,2449.86,211.29,273.07,126.34,4333.47,0.64,98.27,72.28
56.89,3418.69,57.19,256.18,276.33,5987.77,0.34,98.98,101.99
91.12,2390.87,22.0,162.35,286.11,3767.01,0.59,98.83,51.53
100.0,657.43,58.43,168.69,466.51,7054.91,1.38,99.18,132.67
56.94,2630.87,207.0,125.46,218.31,4600.0,5.2,98.97,70.52
77.33,933.59,30.41,261.46,109.04,7612.6,0.39,98.77,94.69
59.64,2364.4,72.21,43.08,136.9,5393.94,1.73,99.04,121.82
64.98,848.38,47.09,23.66,165.82,3110.33,0.49,98.44,36.01
48.16,1721.2,106.29,39.61,315.56,5976.62,2.26,99.62,149.6
58.9,1793.35,98.2,28.58,245.96,5751.67,1.25,99.76,59.71
65.75,1508.92,95.96,308.57,58.79,4807.38,2.65,99.55,148.12
43.43,1803.8,212.81,262.94,174.88,3652.95,3.88,99.8,115.83
53.45,2770.79,60.05,104.11,47.57,6549.15,0.82,99.75,22.81
53.83,1548.23,114.89,191.53,233.32,3262.6,5.57,98.3,88.94
71.53,2429.6,136.93,317.26,116.39,3451.97,1.26,100.0,63.67
33.68,1372.05,70.99,240.02,124.99,5949.45,5.52,99.81,160.64
53.97,1915.35,144.33,369.15,10.91,4620.53,0.52,97.86,103.39
93.24,2274.69,100.01,190.86,248.11,1463.42,4.55,98.67,17.48
78.28,1350.43,138.72,147.59,288.78,3268.6,0.81,98.34,145.5
81.98,1129.8,114.6,113.51,117.64,5730.53,2.78,99.5,116.98
55.49,2392.31,17.47,201.89,165.42,4514.45,6.9,98.83,111.62
61.42,2834.16,185.3,274.89,136.86,4818.02,4.86,99.22,95.91
75.04,1992.65,223.52,207.93,160.36,5471.68,1.25,100.0,38.18
86.21,1727.88,111.16,171.34,106.23,5821.34,0.85,100.0,158.25
15.97,2156.97,75.1,300.52,80.98,5209.0,1.9,98.53,85.4
28.69,2086.84,195.3,242.31,303.18,100.0,2.45,99.52,152.57
81.19,2218.03,214.52,190.93,5.0,4900.6,1.55,100.0,95.58
49.46,278.23,111.56,138.67,225.37,4070.59,3.77,98.56,87.38
41.57,1299.63,109.07,179.64,205.5,5055.14,0.12,99.88,25.85
29.92,1456.34,116.0,237.82,328.85,6921.85,1.83,99.08,66.69
43.9,2153.61,36.27,137.57,158.73,3069.57,1.49,98.54,147.88
26.95,2178.11,105.44,101.31,146.58,5126.47,0.08,100.0,123.85
96.82,2493.33,205.75,161.59,107.24,5858.68,0.03,98.9,115.99
54.55,2228.31,111.57,196.06,212.0,4442.85,1.86,99.1,118.67
53.84,1137.49,68.0,309.06,116.26,2643.67,0.25,98.95,95.13
66.76,3060.9,144.83,107.2,78.41,2832.99,2.93,99.94,76.22
74.25,2938.34,86.64,218.14,113.66,4937.81,5.96,99.89,63.03
73.92,1167.26,116.68,177.79,94.79,3883.36,0.39,98.68,76.68
76.47,2280.89,56.56,181.76,89.46,1529.92,3.2,99.28,100.66
42.38,1631.2,68.17,323.15,187.68,3563.38,1.79,99.46,64.15
49.04,2145.2,156.88,206.5,162.49,2658.97,1.19,99.88,95.67
70.38,2785.32,125.79,126.92,229.46,6347.11,2.1,98.77,98.16
44.45,3539.07,81.2,271.1,193.25,2328.31,3.24,100.0,87.73
54.9,2573.89,125.98,265.22,71.76,7556.72,7.06,99.77,29.24
62.98,2254.45,89.64,119.91,5.0,8887.49,2.16,98.54,52.96
70.7,1810.13,80.81,104.57,84.95,3666.94,2.75,99.54,88.53
19.45,2175.49,178.2,232.84,248.74,3895.21,1.87,99.54,9.56
69.29,2999.84,159.14,197.36,246.7,6698.77,1.67,98.7,136.02
50.33,2016.7,118.94,162.35,268.62,6951.22,0.13,99.5,146.99
69.15,1427.72,127.22,284.5,255.41,4113.64,0.34,99.2,129.07
70.54,914.22,119.58,152.62,277.84,4208.46,0.95,98.13,106.29
87.16,2407.13,144.35,233.73,216.57,4223.13,2.1,96.96,45.68
82.07,2221.1,80.02,293.97,342.26,3466.96,0.16,100.0,107.27
81.93,1595.86,163.13,172.87,206.43,6640.7,1.57,99.11,151.19
83.87,2766.21,137.68,53.67,359.93,5279.76,0.03,99.28,49.68
60.83,1752.76,106.85,167.75,123.63,3694.39,2.91,98.48,197.17
55.64,1953.75,95.61,215.14,121.33,5116.31,2.2,98.78,127.71
72.46,2036.34,162.06,280.24,162.69,4319.02,1.47,100.0,52.58
69.64,1802.33,112.48,158.31,176.63,9506.28,1.69,100.0,54.6
48.82,2213.11,85.06,337.85,151.09,4552.16,5.4,97.9,74.79
63.1,2854.06,100.77,96.09,228.57,6332.35,4.74,99.24,92.85
54.3,1248.26,158.46,213.13,170.79,5782.47,3.15,100.0,79.94
37.92,2389.96,39.47,180.87,125.35,4728.84,0.82,99.34,1.0
80.81,2168.51,102.23,307.77,144.36,5792.47,0.23,99.68,42.91
56.1,2155.63,173.53,82.11,289.59,5378.88,0.78,99.08,94.73
95.97,2658.29,111.59,234.05,208.54,9476.19,2.79,99.56,102.6
22.49,2082.51,133.64,180.46,29.14,4825.24,1.89,100.0,131.09
43.86,2384.16,174.34,322.33,315.96,307.76,2.45,99.57,68.37
55.65,2549.11,164.62,133.72,219.02,8940.27,0.22,98.35,100.98
77.75,1694.94,98.0,233.23,237.52,4082.65,0.35,98.76,95.38
62.99,2257.43,113.48,132.94,263.62,5155.64,2.18,99.74,61.53
61.21,1872.45,165.24,215.04,268.27,4021.2,0.93,99.15,119.84
32.45,1955.12,166.97,170.45,97.28,3921.95,0.92,98.82,114.25
31.86,1822.56,115.6,169.18,83.68,2986.41,1.0,98.44,187.7
61.45,2377.76,117.32,41.01,395.68,1395.52,3.18,98.5,137.7
27.72,2105.15,133.38,233.17,117.17,3708.52,2.4,98.7,33.19
44.36,2324.18,188.35,113.42,214.08,5925.65,0.22,99.52,132.31
65.02,2035.74,173.38,110.67,326.83,2036.45,0.84,98.84,37.74
35.35,925.12,154.67,75.58,140.08,5909.62,2.24,99.32,153.97
87.11,2069.96,66.07,115.52,147.59,9175.55,7.47,99.31,83.21
79.48,2092.48,106.26,240.04,263.38,5516.23,4.87,99.74,107.69
23.57,2217.82,108.89,236.09,199.16,2498.94,0.57,98.62,147.57
36.35,1632.39,190.92,253.1,224.56,5724.52,0.14,100.0,113.83
9.28,1211.17,108.06,117.84,172.76,6723.7,1.7,97.97,127.5
39.35,2485.22,182.67,217.18,132.63,7347.61,1.04,98.97,69.06
70.33,1856.48,91.47,150.77,150.04,5337.86,0.41,98.9,57.73
46.72,2167.87,95.46,276.38,287.46,6087.99,2.11,98.65,96.11
64.22,1850.98,144.07,234.08,153.39,6530.38,0.35,97.66,121.37
24.55,2043.76,198.41,147.48,218.59,6084.08,0.87,100.0,90.94
70.96,1733.5,109.41,283.25,92.81,5573.03,3.17,99.78,160.67
43.9,1370.34,1.0,240.59,363.63,3850.07,2.31,99.55,117.72
55.24,2379.61,41.79,89.04,208.7,6717.96,1.87,98.69,82.84
53.14,1625.82,134.9,66.28,210.57,4035.52,5.34,98.85,88.79
29.57,2162.77,46.26,92.19,263.37,9684.47,0.27,98.96,72.98
31.94,2335.32,76.72,331.93,136.72,3848.32,2.35,99.03,114.0
74.36,1637.23,120.62,118.76,287.44,6444.65,0.25,99.76,79.33
62.98,1205.28,1.0,350.09,43.53,2700.48,0.29,98.85,102.99
76.0,3746.26,101.01,114.61,124.7,4141.88,1.41,98.6,156.25
61.49,1678.56,61.76,106.09,107.89,3939.41,0.05,99.3,113.22
57.86,2484.39,45.04,270.4,10.75,2538.92,1.39,99.23,92.95
20.48,3405.62,79.89,274.04,132.42,3966.06,0.02,99.55,86.17
49.59,2600.94,66.54,244.47,175.32,5648.68,1.84,100.0,147.83
54.45,1837.69,143.47,254.09,81.91,4554.67,0.75,98.92,110.65
94.06,2001.02,179.83,135.87,68.91,7147.34,0.17,99.85,125.32
68.74,1465.17,101.78,266.64,183.7,3323.46,3.04,99.3,71.8
85.72,2665.19,90.19,219.2,172.8,6255.18,0.99,99.92,41.83
66.95,2444.39,99.29,170.78,156.08,3933.37,1.17,100.0,146.33
40.77,1687.9,64.59,207.57,66.05,7032.52,0.94,98.67,137.63
57.34,1318.48,55.56,284.85,144.49,6410.06,0.17,100.0,52.7
59.72,1123.14,37.72,231.35,120.04,6823.41,1.23,99.33,128.49
36.22,2738.56,53.52,27.38,187.73,4709.54,2.19,98.4,149.76
47.31,2132.26,201.6,271.3,129.71,7392.84,4.67,98.4,79.45
50.88,2198.49,85.48,265.17,176.51,2012.06,2.89,100.0,93.18
87.11,1471.94,1.0,169.67,62.03,5803.32,0.17,100.0,171.54
13.39,1023.55,90.65,209.34,54.28,5248.8,0.36,99.97,145.49
79.12,2721.83,40.48,209.02,230.18,6501.18,0.09,98.82,65.68
36.26,2077.43,122.97,41.64,248.88,4863.67,0.25,98.94,69.34
27.56,2683.06,117.58,167.87,144.65,3228.71,1.31,98.1,85.77
78.6,1777.85,122.79,170.96,182.49,3034.68,0.5,99.0,105.5
69.64,1882.23,117.96,187.3,139.53,4978.74,2.09,99.32,116.19
80.09,2547.31,101.36,157.93,278.75,4531.79,0.07,100.0,44.95
71.01,2560.64,47.21,253.03,161.72,6542.46,3.89,99.01,70.66
96.2,2606.3,116.27,135.27,135.1,6716.92,2.26,98.97,20.21
66.17,1841.36,170.95,272.81,266.97,5086.09,6.95,99.4,125.5
51.87,2478.18,210.68,249.26,110.33,5046.2,6.11,99.8,97.13
61.86,2824.37,108.1,308.83,194.1,6916.3,2.36,100.0,86.21
79.87,1974.66,113.52,338.7,85.64,4559.11,0.34,98.71,77.87
39.41,1688.56,145.02,339.24,239.81,4632.53,0.5,99.08,88.63
41.96,2987.92,194.66,105.15,253.39,2619.07,0.65,99.3,111.32
48.82,1589.89,95.69,227.53,64.02,6581.42,1.11,99.01,47.39
12.91,2488.63,154.63,142.58,49.98,4838.34,1.69,98.77,65.57
57.76,2007.1,78.86,462.42,205.97,7046.34,2.3,99.02,54.29
17.28,758.9,136.49,249.13,354.67,2827.38,0.16,98.35,1.0
56.06,2838.02,168.53,313.3,259.56,4115.46,1.89,98.78,166.23
72.31,128.0,55.46,234.83,160.89,6702.94,0.12,98.34,122.17
45.46,659.11,93.74,1.0,103.11,5587.14,3.51,99.21,62.52
88.54,2417.13,167.74,137.31,70.55,2870.37,0.08,98.93,104.54
25.79,2416.95,150.81,145.15,244.54,6660.61,0.99,98.82,48.4
78.83,1601.69,171.8,168.79,263.05,2651.37,1.09,99.21,115.04
68.5,2151.48,162.42,228.77,123.2,6490.33,1.69,97.47,191.07
20.68,276.0,102.94,240.11,157.79,3236.63,0.2,98.98,133.13
100.0,2542.88,229.96,1.0,184.23,7180.66,5.41,99.34,15.77
53.73,2222.81,126.85,181.05,343.16,5203.2,0.97,99.88,33.61
37.45,2016.05,1.0,161.13,185.86,5619.29,1.01,99.63,35.54
26.86,2062.59,105.88,310.48,91.71,4854.12,0.56,100.0,78.24
50.6,2393.28,96.54,247.38,75.9,5157.82,3.03,98.2,92.34
52.45,2027.77,159.76,185.35,97.99,5149.33,0.02,99.93,151.46
57.05,736.16,97.44,217.89,293.76,6270.19,0.22,99.41,40.71
49.04,3585.43,174.95,65.04,226.18,4886.66,1.27,98.82,95.89
67.66,2888.56,147.9,252.91,148.91,7632.16,6.9,99.28,1.0
47.25,1148.54,70.0,168.36,5.0,3674.95,0.07,100.0,53.83
16.3,1806.4,112.98,135.41,103.26,6549.19,0.13,99.3,41.36
52.01,1882.78,81.22,305.14,210.96,6015.52,2.51,99.26,9.38
7.65,2803.19,129.24,221.89,211.7,7220.12,2.66,99.8,125.35
62.08,536.51,80.93,146.77,210.91,5217.66,4.54,99.05,68.87
35.41,1698.69,123.72,151.65,58.74,5592.96,1.72,98.65,102.14
58.27,815.55,106.38,229.27,195.93,5572.57,1.03,100.0,39.64
81.28,1848.43,112.39,223.05,92.17,2811.34,1.2,98.19,142.04
36.03,1717.25,222.55,202.35,180.17,5708.89,1.13,99.23,56.86
76.23,2103.79,101.98,103.73,110.9,10885.83,7.26,99.15,139.47
46.33,1624.59,23.28,115.56,276.34,7896.51,0.96,98.62,137.87
90.06,1522.28,170.79,140.13,210.37,3596.21,0.2,98.28,105.27
47.7,2481.76,170.4,184.31,167.11,1759.06,0.68,99.11,109.1
38.19,2366.27,21.05,196.7,304.23,5093.93,6.44,99.46,54.53
68.74,2433.98,84.96,187.2,146.48,6949.99,1.12,99.93,30.2
46.28,1924.17,141.79,190.86,52.64,4930.43,0.76,98.66,102.64
38.17,1647.78,146.21,350.5,275.03,8400.55,0.74,98.65,103.67
45.44,1964.8,119.76,267.94,202.7,3595.55,0.02,100.0,79.95
54.11,2398.81,120.89,295.06,151.32,5404.95,2.01,98.87,62.14
81.84,524.25,73.07,237.14,122.06,4804.48,2.58,98.97,60.48
16.32,2323.88,1.0,205.79,225.97,6316.55,0.87,100.0,35.83
55.46,2264.4,222.48,232.8,253.23,6439.86,4.12,98.05,133.22
67.5,2091.51,71.57,218.07,111.0,7139.54,2.72,98.36,67.14
58.87,1943.48,128.83,264.64,230.88,4776.92,1.84,100.0,57.17
81.2,251.72,112.06,121.99,202.55,7264.03,2.43,98.78,120.22
53.51,1740.1,164.86,257.98,105.35,5620.97,2.93,98.83,73.94
51.31,3300.61,125.74,213.36,180.35,7447.5,1.5,98.89,71.09
66.85,2057.03,127.67,55.43,130.8,7699.36,1.01,98.98,140.25
56.99,1832.9,1.0,206.86,291.63,5032.95,0.27,98.88,48.94
47.19,2059.83,78.33,95.5,121.6,3786.98,1.04,99.3,51.24
65.32,2296.34,157.23,157.2,315.8,5366.63,1.6,100.0,19.3
41.95,2509.17,152.73,187.26,191.83,6783.16,5.91,98.64,93.98
42.78,1887.78,72.42,79.43,22.9,2290.92,0.34,98.79,71.44
44.44,2345.44,41.1,195.7,5.0,4109.3,2.83,99.22,169.45
82.06,3221.66,126.33,205.48,161.23,6228.67,0.55,100.0,71.31
1.0,2752.38,1.0,260.41,300.03,341.78,6.29,98.99,120.99
62.91,3686.21,62.57,163.7,290.76,3138.51,1.81,98.57,60.17
55.69,1588.26,208.01,221.96,194.97,3896.55,1.13,97.79,127.65
21.38,3221.33,192.25,192.37,113.66,4849.72,0.85,98.67,153.09
61.19,1494.53,144.36,166.54,142.44,4420.74,0.45,98.59,74.05
64.52,2295.5,135.37,66.35,198.66,4454.78,2.51,98.37,88.26
66.79,2560.73,22.49,191.07,277.86,2604.02,2.02,99.25,86.38
1.96,1690.46,82.97,259.56,231.23,8185.58,4.42,99.02,105.8
82.33,2109.57,105.24,125.3,267.15,3905.83,1.82,100.0,134.55
40.25,2685.32,84.03,182.58,237.93,1574.56,0.37,99.35,70.07
68.73,1550.81,102.49,194.36,264.5,7043.45,2.3,99.91,137.0
69.82,3216.57,184.96,288.2,5.0,3604.84,4.22,99.08,103.1
37.47,1078.78,92.91,202.41,99.67,2818.23,9.31,98.59,158.08
68.21,3405.78,102.95,223.05,80.57,6220.41,2.31,99.63,108.53
47.29,2748.93,156.98,199.31,72.01,4066.07,0.68,98.41,38.8
13.57,1985.19,49.03,160.62,180.5,5303.28,1.67,100.0,123.52
78.35,1766.13,77.99,109.24,49.74,3859.6,1.45,98.68,95.37
39.5,1693.08,83.11,177.19,95.06,4166.72,1.43,99.72,83.7
37.91,1952.94,122.78,231.47,171.12,3213.36,0.16,99.46,115.79
46.94,2014.05,102.75,209.85,35.68,2814.77,0.43,98.52,63.88
60.44,2926.66,104.33,318.36,136.24,11248.79,1.49,100.0,87.39
53.85,3426.06,86.76,275.67,237.5,3509.62,3.2,100.0,74.23
65.96,2187.57,66.46,299.24,69.71,2366.92,0.4,98.68,122.26
28.21,1456.06,150.46,37.42,251.67,7034.83,0.36,98.74,82.02
40.15,1665.99,103.11,326.35,107.44,5479.73,2.85,99.25,100.71
52.68,1919.84,150.95,221.34,204.45,5031.34,2.35,99.81,101.59
92.96,1326.91,64.42,232.71,80.44,4121.75,1.33,100.0,114.71
52.72,1222.74,86.74,271.68,220.8,4268.26,0.1,98.95,75.98
76.7,3515.99,108.94,201.71,152.68,4464.71,1.28,99.3,143.19
55.77,2259.83,113.61,114.37,221.96,7045.77,3.6,98.95,136.49
45.33,1464.81,157.72,315.79,130.93,4552.94,0.02,98.91,170.13
50.07,2619.62,98.47,138.54,230.05,7059.15,0.22,98.83,58.91
51.63,1223.16,157.34,121.14,256.22,4903.4,3.31,98.25,102.3
67.07,1280.79,138.75,181.26,190.78,4630.74,1.49,99.8,31.55
82.49,1485.87,114.66,169.12,136.84,3161.59,2.17,99.27,50.07
62.19,3206.16,72.44,200.3,158.97,8860.51,2.73,100.0,124.78
78.74,1870.98,157.84,192.14,66.22,5026.96,0.71,99.78,90.31
35.7,338.81,73.68,307.77,198.26,4997.8,0.71,98.92,56.34
46.71,2895.05,118.94,236.75,236.07,8345.96,0.61,98.4,126.11
40.51,1833.53,117.3,131.38,320.96,5749.71,0.37,100.0,108.45
61.29,753.41,109.65,142.36,297.75,5949.0,0.73,98.01,1.0
47.82,1826.32,100.53,168.94,92.04,5107.51,6.11,98.96,139.2
69.6,2412.7,78.9,169.26,199.09,3606.62,0.18,98.97,97.44
36.38,2330.83,39.15,158.82,168.03,7190.17,0.55,98.75,73.14
55.86,3306.89,190.19,111.86,289.62,2450.56,0.77,98.6,41.24
68.74,1451.06,95.41,223.23,116.17,3241.87,0.33,98.35,113.48
13.69,2080.7,113.59,163.55,259.03,3601.32,0.16,98.69,75.72
97.43,1558.3,113.29,123.86,91.17,5452.27,0.35,99.16,89.07
49.34,968.46,174.78,238.84,170.46,4971.49,1.5,99.41,97.16
14.5,2667.87,216.66,267.83,100.39,1647.16,1.82,98.83,115.99
58.16,2372.29,127.99,180.35,5.0,9171.32,0.48,98.83,106.48
55.67,2246.57,112.15,342.52,98.6,6367.7,1.4,98.47,155.56
53.36,2346.75,63.83,377.24,156.82,4116.24,0.01,99.32,23.94
74.82,1568.17,47.82,239.75,308.36,5780.0,1.84,99.23,72.08
69.95,1344.01,31.3,162.5,82.14,5804.58,0.0,99.47,138.28
60.96,2074.35,80.21,221.52,125.48,4405.75,2.06,98.82,177.45
64.0,2860.85,15.46,102.04,50.37,5708.95,1.32,98.56,141.63
52.91,3173.65,173.94,130.25,283.98,5730.09,0.23,99.19,115.24
90.51,2604.8,141.15,65.38,138.56,6964.56,0.19,99.56,130.08
25.42,2068.42,107.42,149.72,149.55,5124.31,0.01,98.58,128.82
57.79,2236.85,175.47,101.4,148.7,5578.95,1.6,98.76,71.96
56.3,2056.12,66.44,249.92,5.0,4624.04,3.29,98.34,119.43
71.27,1329.84,79.0,140.07,48.01,4219.84,3.88,98.38,56.36
38.12,2065.25,23.31,222.13,94.34,3614.88,1.68,98.82,100.49
20.13,1113.62,158.72,259.83,235.44,3552.72,4.36,98.61,75.55
58.14,1961.15,79.48,293.71,5.0,4163.28,3.96,99.76,114.1
60.62,3193.27,120.78,171.73,228.72,4575.44,2.4,99.22,73.87
84.79,2624.0,170.13,224.85,210.88,6810.61,0.9,100.0,98.0
29.59,1401.82,188.54,227.4,16.66,4317.28,3.51,100.0,54.84
78.09,1997.3,118.54,301.77,151.47,4401.3,0.99,99.21,80.29
100.0,1463.94,139.21,262.68,284.75,4473.72,1.03,97.8,141.55
47.44,2004.24,74.81,304.27,83.65,4913.78,2.27,99.48,20.74
29.18,2776.78,204.17,66.83,130.32,8056.73,5.26,100.0,97.45
46.86,2505.11,111.69,146.86,428.5,4317.54,1.39,99.64,151.2
55.28,3786.9,124.01,282.55,209.33,6010.0,0.39,99.44,130.7
66.28,2882.73,99.66,246.46,156.78,5629.46,0.31,99.03,98.41
43.17,2190.8,179.96,190.0,137.06,5111.73,0.72,98.38,125.01
86.1,2522.0,129.98,162.08,213.58,3275.4,1.22,99.64,65.57
32.71,1906.29,158.05,263.09,241.64,5942.6,0.71,99.06,124.37
20.22,1258.75,137.7,41.63,5.0,1533.85,2.49,99.42,144.23
77.13,2962.04,108.98,263.38,5.0,3163.0,1.56,98.79,104.44
9.51,2754.29,166.47,207.26,90.18,4025.12,1.04,100.0,135.16
50.92,1879.26,137.27,160.89,166.15,4595.85,0.48,99.37,54.39
100.0,2239.76,71.95,240.2,186.8,5151.33,1.86,98.93,48.63
54.76,2916.66,70.54,169.12,26.69,7504.21,2.24,98.4,126.26
32.58,2640.45,127.44,202.32,161.57,6134.3,3.07,98.22,193.89
53.85,1023.83,165.37,196.3,173.53,5303.96,9.39,99.63,98.64
53.98,2218.53,201.97,259.56,103.51,4395.34,0.53,98.79,130.42
58.21,1930.66,31.14,212.73,131.9,4414.32,0.03,98.89,1.0
68.25,2827.1,121.28,47.27,114.61,2957.89,1.39,98.82,119.47
34.22,2769.73,144.48,88.63,221.79,1206.53,5.15,98.44,75.35
88.75,2971.03,134.78,113.27,180.62,2704.5,0.57,99.0,175.06
59.9,1265.47,170.47,236.52,77.19,7107.52,2.82,99.24,125.99
69.54,1499.12,152.78,244.55,265.95,3718.92,0.77,98.5,98.35
42.44,2827.86,70.72,333.63,56.94,4055.54,0.99,99.43,73.16
80.73,1633.85,69.26,118.85,25.84,6837.89,5.9,98.34,146.31
49.86,983.0,135.62,304.74,157.94,244.55,1.24,98.89,147.26
60.55,2420.82,169.53,44.97,157.48,3945.18,2.58,99.46,62.7
36.34,1664.95,127.17,201.42,186.55,3023.74,1.6,99.19,141.88
35.06,3300.85,41.1,219.62,73.68,5528.44,2.89,98.05,135.62
68.76,2255.33,67.64,219.33,260.38,6002.42,0.76,97.25,106.04
46.13,2160.18,154.58,175.23,334.33,6031.69,4.19,99.6,128.17
37.92,1789.53,102.57,209.43,178.05,7714.79,1.59,99.68,117.68
42.14,3161.58,125.9,101.18,208.44,5997.19,0.74,99.51,53.48
68.98,2298.99,173.27,269.21,5.0,5448.09,0.08,99.04,109.35
42.42,1762.05,59.89,219.98,140.86,9380.1,0.03,99.03,89.9
52.65,1492.14,99.29,228.98,117.36,1169.7,0.87,99.13,51.53
55.3,1996.57,93.86,177.68,102.77,8961.28,0.49,99.61,63.65
16.65,1363.65,137.77,173.76,120.82,8135.48,0.11,99.11,28.66
25.58,2768.21,158.64,241.98,129.81,4732.8,1.61,99.46,25.42
61.73,782.16,45.99,327.2,49.06,3727.32,8.98,100.0,71.93
40.26,1950.34,119.72,88.51,136.15,3815.07,1.1,98.52,139.32
76.13,2475.09,163.47,84.47,86.25,4480.65,1.61,99.07,43.38
74.34,2287.48,27.26,221.3,250.95,7153.44,0.5,98.6,46.96
69.38,1545.9,116.78,173.42,209.73,559.81,0.46,98.92,171.65
91.4,2510.18,59.21,209.93,209.85,8617.52,0.8,99.13,56.96
53.34,1427.77,87.92,198.1,267.91,4998.32,3.6,98.58,96.21
67.98,2032.33,1.0,249.76,105.63,7118.23,6.47,98.06,115.07
43.31,2504.29,189.64,177.11,204.28,2786.72,2.69,98.29,87.11
100.0,2372.04,102.21,103.34,276.32,6302.56,0.04,99.51,93.19
94.67,1575.47,79.64,136.81,99.35,5696.12,1.15,98.73,62.83
55.24,2886.25,136.41,187.16,5.0,6015.23,1.09,99.05,69.09
62.73,2108.69,67.88,99.6,117.84,3754.76,5.47,99.23,107.92
82.19,2568.1,63.14,197.05,266.09,4311.22,2.74,99.84,46.91
52.06,3118.37,195.52,204.86,94.22,2776.89,2.51,99.0,152.23
41.87,2830.26,210.43,171.38,138.14,6375.37,1.66,99.37,23.37
72.48,2832.09,90.4,216.74,109.83,7416.59,2.08,98.41,103.57
56.57,2182.88,173.37,70.86,162.87,5508.16,2.4,99.09,52.47
58.66,2603.75,137.8,123.75,85.63,177.16,1.61,98.52,113.88
38.31,2197.52,49.31,108.58,46.52,7442.08,3.73,99.1,56.17
20.65,1201.47,73.59,270.39,140.32,5214.44,0.08,99.29,118.64
59.72,2259.92,197.55,384.49,155.66,222.09,5.67,99.04,127.61
73.1,2227.45,48.66,129.53,280.48,1934.11,2.97,98.9,131.1
50.48,2456.61,234.05,181.18,185.96,3103.4,1.51,99.39,75.5
83.73,1958.4,91.43,144.53,74.55,4999.26,3.94,98.92,155.26
40.92,1514.98,199.04,217.7,114.15,3161.3,3.52,98.91,97.2
33.91,2507.55,104.72,151.33,244.21,3398.09,1.09,98.46,93.34
53.66,1128.71,160.0,222.62,141.86,6645.07,3.66,99.55,117.06
53.35,3069.17,189.75,253.2,81.62,7137.29,0.42,99.17,29.64
70.4,1886.01,189.5,102.09,187.41,6709.07,1.27,98.86,85.9
39.5,2219.87,90.78,221.72,108.91,2055.2,0.53,98.47,109.54
82.36,2438.99,77.13,56.48,223.03,6697.4,0.27,100.0,71.67
94.34,2461.48,115.94,179.48,212.67,4137.98,4.5,97.09,93.46
54.22,1061.71,54.98,174.11,76.74,8532.6,0.91,98.67,161.92
79.99,2624.86,131.96,181.67,340.65,5468.5,2.31,98.86,62.99
33.87,2260.21,78.96,175.04,168.93,7189.51,0.94,99.84,127.06
76.5,1603.32,174.14,160.41,5.0,6001.06,1.57,98.98,69.99
75.95,1523.23,91.49,178.74,214.25,5779.11,0.86,99.33,98.25
72.27,1814.16,32.89,219.05,5.0,4337.44,2.72,98.89,116.4
54.69,1138.88,190.05,221.3,273.58,7173.43,3.09,100.0,127.98
1.0,3253.59,129.17,209.22,185.14,6675.79,1.13,99.48,109.96
42.17,3088.31,121.46,154.11,166.84,4404.08,3.93,98.74,124.78
42.48,2364.19,174.72,286.43,172.38,4207.36,0.88,99.69,87.92
35.43,1891.62,163.58,322.03,225.16,3717.59,2.87,99.03,77.77
57.44,1910.02,81.91,96.93,129.14,6471.59,2.1,100.0,136.38
46.62,2578.65,97.51,213.14,171.46,5425.42,1.22,100.0,21.4
38.51,3278.48,64.35,162.55,183.0,5517.79,4.39,99.41,78.86
33.82,1648.72,46.78,274.05,5.0,4351.1,1.7,99.03,85.06
40.69,1265.69,148.93,198.99,225.84,7624.03,3.67,98.76,102.15
77.43,3131.35,139.61,204.25,241.03,2319.97,2.64,99.82,131.06
41.78,797.0,158.04,239.6,213.07,6407.85,1.52,100.0,103.25
44.7,1342.03,184.08,176.2,206.7,6767.46,0.79,99.0,86.3
45.87,1875.2,158.72,334.2,316.03,4428.63,6.04,99.51,128.42
61.78,955.7,163.17,240.78,168.39,2390.26,0.12,99.55,106.37
64.12,2826.5,16.1,274.53,171.48,5688.52,4.5,99.82,100.18
1.0,2647.83,104.65,182.36,113.66,7153.68,1.41,98.66,159.07
75.43,1645.64,168.23,190.17,5.0,8189.56,2.76,99.51,133.76
83.73,2943.73,61.59,264.93,213.56,6182.8,0.81,100.0,201.18
34.0,3062.5,124.58,256.89,123.37,3895.29,0.97,99.27,16.86
35.55,1968.78,145.97,100.11,5.0,6247.95,0.42,99.52,146.78
45.99,1732.53,142.14,210.21,165.58,5900.95,6.17,99.47,154.42
39.88,3629.72,138.44,237.91,163.07,5579.34,0.09,99.59,67.72
59.48,2552.81,149.95,189.58,151.63,3407.66,0.98,98.39,90.35
16.07,2227.43,129.04,230.31,184.56,6077.24,0.82,100.0,98.46
32.64,3002.48,46.85,192.96,31.86,5845.83,3.35,99.27,77.05
85.78,2259.35,145.35,20.26,261.64,9369.8,1.39,99.58,81.38
36.44,1694.07,134.24,95.13,211.37,5157.51,0.37,99.26,227.24
79.87,2104.11,47.51,278.0,284.2,8051.67,1.42,99.86,95.09
62.11,2775.06,188.99,180.45,122.44,7504.35,0.54,98.85,118.6
18.81,653.47,146.69,215.18,211.07,5089.9,0.03,98.28,109.98
67.71,1846.38,50.98,199.71,5.0,7226.95,1.57,99.12,98.74
52.65,3016.14,79.14,133.98,97.34,3589.9,0.89,99.54,50.04
45.89,1689.69,91.8,162.63,48.86,4654.09,0.55,98.96,133.59
59.9,3130.28,91.76,226.32,195.74,4035.6,0.38,98.73,93.11
64.49,3038.32,134.65,234.48,72.95,4716.44,1.21,99.44,32.73
69.15,2002.13,71.18,375.07,132.99,1392.28,4.07,98.55,101.46
78.57,1650.02,176.41,161.78,171.99,8238.88,2.84,99.89,107.32
63.16,1846.85,172.29,333.65,135.68,4451.89,0.01,98.98,141.41
27.49,3913.23,150.97,131.17,53.9,6416.51,2.63,99.55,41.08
45.53,3360.1,122.21,239.09,320.5,5441.59,0.15,98.39,90.36
100.0,2135.77,166.87,214.23,182.74,4511.07,1.59,100.0,67.76
69.49,1622.29,106.2,189.93,321.31,2701.14,3.03,99.53,61.7
100.0,2129.93,83.78,199.55,79.49,3354.7,1.21,99.63,104.0
82.91,2218.68,179.51,150.19,138.54,4575.79,0.95,98.3,77.19
59.84,1177.65,135.88,272.31,180.19,4145.65,5.61,98.68,115.15
61.03,2104.03,85.8,132.59,310.27,3247.19,0.06,99.34,59.28
54.27,2973.68,99.11,225.4,320.67,3763.23,0.22,98.44,89.33
20.24,788.45,83.18,260.47,133.28,5830.08,4.09,98.76,106.47
55.36,2626.61,221.11,310.74,106.69,6578.4,4.35,99.73,111.74
79.21,3010.36,120.2,277.74,171.87,2900.35,0.93,98.78,102.5
43.01,1655.61,127.89,245.79,280.39,3415.83,1.55,99.46,93.31
63.24,3233.92,156.06,148.98,184.58,5387.04,0.36,98.62,71.88
72.03,1564.76,59.23,137.14,201.0,4705.77,4.31,99.62,158.52
36.81,2356.76,174.83,108.91,279.55,4340.75,1.27,98.42,103.56
45.97,1833.26,89.61,101.26,265.03,6660.32,1.66,99.62,49.62
34.64,1833.1,211.5,199.89,268.51,5332.66,0.25,100.0,16.44
38.56,1615.89,104.37,141.81,235.98,2078.32,1.91,98.83,142.88
29.25,2537.0,171.88,295.94,301.69,3560.91,2.38,98.74,43.45
36.99,2642.16,1.0,153.68,70.65,2010.05,0.7,100.0,102.44
83.39,2002.9,61.24,207.54,382.43,4677.47,4.53,99.25,47.23
36.69,1096.02,105.32,178.83,275.43,2609.39,0.46,98.38,100.74
57.53,2330.22,18.46,87.69,165.57,1830.01,4.55,99.44,107.48
44.94,2343.41,150.04,287.16,279.87,1300.56,2.43,99.35,127.03
78.58,1896.3,135.65,255.64,148.73,8571.92,3.55,98.76,91.34
81.22,3355.06,70.46,264.84,222.73,2542.34,2.4,98.73,91.49
72.28,953.25,119.2,247.6,233.28,4431.82,1.12,99.81,52.29
61.12,495.9,160.32,139.24,257.59,5107.06,0.81,98.51,84.81
50.38,1536.42,14.85,140.8,138.63,5214.28,2.65,98.24,96.53
31.16,2545.3,56.33,236.16,259.5,6117.61,0.71,98.66,96.65
93.87,1308.91,103.25,323.43,140.23,4908.19,0.13,99.81,88.28
39.81,1361.32,121.19,230.88,245.79,4183.52,0.57,99.02,52.02
68.27,2713.71,117.07,278.28,178.39,5395.54,2.81,98.8,43.17
76.19,2371.78,164.46,157.93,15.84,5376.98,3.15,99.15,155.3
43.89,2311.94,143.86,287.83,113.69,5091.28,0.65,99.54,118.54
75.76,2595.0,154.83,166.44,256.33,6153.6,0.79,100.0,189.35
70.28,1750.36,50.51,219.21,152.67,3873.67,1.59,99.45,111.05
89.56,1782.71,127.24,170.71,289.22,4638.57,0.61,100.0,121.64
45.61,2614.85,104.64,271.13,70.8,2613.53,1.86,99.71,58.78
29.28,1106.58,193.1,272.22,242.65,4559.12,0.66,98.99,153.75
44.89,548.1,128.72,81.86,175.72,3851.33,0.26,99.82,21.13
59.18,1744.7,86.55,306.02,157.79,6899.65,0.34,99.65,120.82
56.16,2699.61,162.63,390.11,73.95,2367.58,0.58,100.0,99.45
47.13,2226.89,148.16,171.57,198.9,4144.59,0.37,99.72,153.36
16.82,2648.1,78.92,189.86,89.2,4056.49,7.33,99.28,89.77
64.41,636.59,102.58,299.15,122.75,6207.45,2.15,98.86,96.54
94.45,2268.85,103.43,205.34,167.34,2702.52,0.4,99.29,17.72
64.29,2505.71,181.37,199.68,147.08,5006.7,1.1,98.16,19.29
67.18,1102.44,130.16,351.76,272.5,5141.58,0.63,99.09,109.77
66.45,2651.44,156.34,91.66,5.0,6662.62,2.31,98.37,140.55
62.94,1969.94,95.34,136.88,163.95,3461.19,4.04,99.52,106.59
73.63,4197.94,136.74,233.43,147.35,2646.68,1.02,99.78,89.6
62.91,523.93,185.17,70.44,179.23,5855.09,1.12,99.42,107.32
48.75,3006.38,101.95,170.16,131.02,2489.33,1.02,99.09,102.93
39.08,1772.09,125.76,169.43,272.15,4059.07,1.19,99.0,121.49
50.02,915.99,51.83,276.94,156.81,4570.49,0.07,100.0,56.51
61.28,1679.13,81.72,255.43,191.97,6108.34,1.8,99.89,105.24
48.68,2242.24,103.28,65.34,260.3,2224.84,6.07,98.46,54.53
61.29,2774.23,66.96,144.55,184.68,4467.0,3.08,99.38,139.13
63.78,3253.38,186.1,144.8,65.77,5046.88,3.95,99.43,51.22
71.66,3043.33,78.1,182.67,141.61,3450.14,0.52,99.06,86.01
80.66,1372.23,159.34,112.2,168.83,4356.29,1.87,98.24,118.89
56.56,2839.12,129.34,236.13,31.81,6600.29,4.47,97.76,42.18
28.84,2321.9,121.54,144.47,115.94,4087.26,0.14,99.32,62.42
48.1,1589.78,194.31,247.09,173.86,4344.89,4.2,98.01,184.4
55.88,1899.66,6.97,199.77,361.1,6594.1,0.13,98.83,132.63
18.28,1551.11,110.19,122.15,213.4,4607.4,8.16,99.68,108.39
82.77,2073.96,65.98,311.06,194.2,7409.01,0.18,99.49,120.81
57.85,1537.24,21.93,313.42,332.16,2050.9,0.92,98.78,26.83
62.63,1328.4,60.26,223.23,232.91,4507.91,0.11,99.83,120.14
82.31,2383.38,120.86,180.86,245.6,6397.32,0.12,99.57,173.19
42.4,2488.11,83.73,115.5,143.38,3705.19,4.02,98.86,75.24
66.48,1916.68,164.83,285.69,66.11,4578.12,0.13,100.0,167.94
52.8,3005.36,109.31,265.81,203.55,7273.96,3.15,99.54,76.5
51.32,1865.7,103.76,134.88,344.0,3605.56,4.75,98.65,99.86
39.56,1836.06,103.99,145.05,316.17,5868.67,5.47,97.76,41.43
88.31,2510.34,115.08,236.55,239.21,6343.97,3.99,99.36,112.43
47.49,1955.3,99.08,105.96,118.21,5137.94,6.21,98.85,100.96
68.99,2107.36,77.44,149.95,40.44,5072.02,0.11,99.21,86.1
17.5,283.69,169.46,116.75,106.0,3155.15,11.37,99.03,60.56
78.6,2059.7,88.8,119.33,199.59,6315.87,0.04,97.66,104.01
76.04,768.96,100.82,142.39,137.61,2742.2,0.36,99.0,69.89
56.95,1193.33,141.47,272.48,270.19,5704.23,0.17,98.43,139.26
50.46,1113.27,135.94,59.64,45.97,4066.88,2.73,98.84,105.37
63.0,1318.19,75.33,234.68,168.41,4289.46,0.18,98.79,75.57
100.0,1663.8,157.75,220.64,111.0,4637.71,0.69,99.24,135.02
19.74,1707.46,146.88,277.47,269.22,5899.09,2.03,99.41,77.76
70.64,2512.99,128.9,220.56,228.83,7811.5,1.38,99.52,133.9
36.77,2203.67,98.43,169.69,105.21,5200.4,0.29,97.52,99.71
54.6,717.25,99.66,134.78,256.88,3703.95,1.47,100.0,18.69
50.04,2106.31,109.91,279.23,33.95,2408.8,0.83,98.06,118.52
46.43,2270.78,58.41,239.76,19.22,7087.9,1.76,99.19,92.88
54.79,1818.0,118.04,160.55,100.33,5315.67,1.55,98.62,117.2
32.32,2005.38,164.61,272.71,5.0,4583.1,9.11,99.41,103.63
75.58,2181.22,163.82,164.33,169.87,5105.33,3.98,97.92,103.89
19.12,2583.22,100.96,199.92,172.73,6379.99,0.01,100.0,96.71
65.8,945.58,173.2,151.64,143.5,4261.87,0.39,98.95,210.31
48.47,1876.98,215.3,242.71,228.5,3801.18,4.89,99.55,116.04
31.58,3103.84,104.19,120.46,114.89,2642.12,1.55,98.64,24.27
59.05,3039.66,154.58,176.11,63.21,3057.4,2.85,100.0,34.69
23.86,2643.66,6.86,147.64,108.25,4379.44,1.4,98.24,112.33
55.79,2423.78,57.09,221.1,70.17,6934.41,3.08,97.36,72.1
26.54,3206.24,124.56,231.08,124.94,4084.73,0.28,100.0,137.94
64.23,3390.49,69.66,111.67,233.64,5469.06,2.68,98.38,107.92
36.51,1957.64,221.96,232.51,21.92,7024.13,4.07,99.15,110.07
45.98,1369.4,149.89,81.86,149.43,5687.17,0.62,100.0,58.19
60.88,1858.8,168.29,375.36,266.19,8552.67,0.92,98.92,117.98
39.55,4215.69,118.55,159.08,276.45,5121.95,1.79,99.38,101.89
53.84,949.45,69.84,283.94,118.62,4717.43,4.05,99.77,57.54
24.72,1718.62,94.06,216.09,379.19,4312.97,4.77,99.22,57.7
67.62,1059.12,132.72,219.34,85.36,8586.19,1.53,100.0,161.25
90.3,2135.33,88.1,106.71,159.44,7195.01,2.15,99.69,117.72
100.0,1206.12,153.56,267.48,74.67,2373.14,4.13,98.57,79.7
56.82,1971.87,155.57,203.89,218.98,8798.16,0.53,99.71,73.17
70.76,682.93,120.25,237.61,432.11,5896.36,3.49,99.18,95.42
19.39,2480.33,28.72,192.74,345.94,5232.28,0.61,99.18,106.54
85.05,2903.64,205.74,210.4,256.18,5932.9,1.74,99.43,41.09
70.52,1779.24,109.37,129.03,125.33,3274.18,5.46,99.84,90.01
45.32,1953.41,255.46,187.77,164.89,5354.41,1.43,98.53,13.04
79.74,1933.61,152.63,166.41,280.44,4444.34,0.2,100.0,94.02
49.91,2174.64,109.5,143.55,247.46,4351.38,4.52,100.0,153.29
45.84,2021.28,142.39,210.76,187.46,6725.96,1.76,98.76,42.95
64.51,2585.68,19.04,229.07,192.77,4523.96,0.15,100.0,89.4
33.73,2911.13,171.31,220.06,275.01,5179.35,0.02,99.08,86.31
75.43,1478.15,248.35,191.82,297.3,5589.93,0.61,99.6,50.03
33.88,1831.47,15.54,232.89,44.93,6698.49,0.26,98.88,76.88
34.0,2679.13,105.63,219.37,200.43,7282.44,1.98,99.77,42.15
36.81,1052.83,114.73,207.8,232.04,5026.68,1.82,98.89,56.29
70.19,668.5,163.76,213.29,132.11,4319.11,3.68,99.31,101.55
42.66,2206.42,225.3,294.64,295.11,8426.83,1.44,97.37,110.5
28.04,2395.44,139.14,103.59,154.03,355.42,0.58,98.87,81.83
42.89,1542.39,227.09,174.51,297.61,6561.3,0.1,98.8,148.68
54.36,1642.94,128.52,227.05,146.85,4740.7,0.02,97.88,124.26
31.38,1515.87,142.57,73.38,203.34,6026.91,5.2,99.74,173.72
31.97,1441.15,136.41,310.61,201.35,5073.5,0.31,98.93,90.26
97.23,2533.45,181.01,220.39,329.64,7306.67,1.38,97.93,53.04
37.79,1221.65,98.88,276.55,246.69,5754.42,3.17,99.62,87.45
48.54,1862.13,160.91,289.58,138.81,2442.29,5.28,99.96,175.63
47.66,1414.26,58.46,233.0,155.5,2361.26,0.45,99.11,54.9
46.57,1029.3,105.77,21.39,155.14,4612.92,0.53,98.14,128.97
67.43,2657.12,88.16,211.82,181.66,6093.74,0.4,97.88,53.82
73.96,1684.12,124.4,216.95,94.99,7352.97,0.35,98.34,80.35
48.88,2179.91,104.2,113.05,172.68,3795.06,1.21,98.62,74.99
30.27,992.35,176.61,56.83,303.13,1019.51,2.02,100.0,58.31
80.49,1528.64,76.07,236.93,299.13,5775.95,2.45,99.06,126.18
53.09,2577.26,33.43,100.06,39.16,5076.25,0.79,98.31,152.58
89.61,3859.09,52.14,364.91,24.91,5257.81,1.96,98.77,131.09
10.09,664.65,169.71,221.05,126.62,3017.83,0.0,99.95,96.07
58.91,1907.22,71.52,308.12,19.88,7147.03,4.38,99.59,35.53
93.37,2336.6,139.89,202.49,66.3,3530.64,4.08,99.23,100.19
47.93,1616.73,105.26,260.12,211.61,5554.5,1.57,99.08,120.01
50.49,2642.67,161.21,204.26,176.59,5496.25,0.56,99.2,91.32
60.91,1441.29,108.46,280.45,25.12,5989.79,7.17,99.31,148.13
43.82,2155.69,258.22,36.93,285.3,3659.71,3.33,99.06,87.13
48.76,1682.55,214.91,271.05,142.02,3337.95,0.03,99.27,71.02
48.24,2901.6,104.24,253.5,133.35,6535.51,1.27,98.99,134.49
42.45,1574.54,97.39,187.67,271.49,5994.74,0.22,98.6,129.67
79.58,1801.69,276.62,167.27,216.98,5603.12,0.28,99.02,154.93
64.22,2709.98,66.06,176.07,176.18,7026.36,0.0,99.43,115.9
60.01,1328.37,117.25,222.62,135.49,5615.06,2.33,98.69,62.82
71.17,2096.13,121.12,297.12,231.27,4333.92,0.58,99.49,1.0
49.71,772.23,119.88,157.26,141.05,5932.38,0.73,99.78,26.09
39.52,1286.45,33.06,63.86,159.45,5810.84,0.1,99.44,71.77
42.95,2315.49,144.83,398.77,74.12,5856.0,0.02,98.81,148.06
55.04,1354.51,71.48,253.73,282.83,3410.48,3.15,99.27,143.95
33.82,1666.8,191.8,168.7,319.73,3237.68,2.17,99.31,78.82
44.99,2393.16,47.2,295.11,199.07,6584.29,0.96,99.34,127.54
44.68,1642.57,122.97,274.7,136.25,4732.88,0.14,100.0,39.95
97.49,2623.99,9.19,239.38,264.19,1502.24,2.99,98.39,144.65
1.0,2198.96,12.28,161.84,232.98,2531.55,5.22,99.34,83.77
51.41,2352.98,78.03,253.39,140.06,2626.65,1.5,98.92,120.89
89.51,2916.68,85.09,287.16,283.6,6921.18,0.3,98.33,116.52
57.44,2271.88,193.29,62.39,141.8,4912.92,2.11,98.32,113.61
70.07,3125.19,117.97,217.96,64.25,5063.64,0.15,99.81,46.99
57.0,2685.88,184.62,223.85,174.08,4364.15,0.36,98.22,71.52
41.65,1681.58,101.01,221.29,277.59,3094.21,1.27,99.41,137.19
10.16,2953.2,150.3,203.69,189.25,6367.64,0.57,99.29,115.31
59.11,2232.71,83.73,294.89,74.46,6174.19,5.32,98.6,51.76
39.49,1771.72,80.33,183.09,143.72,3731.89,3.31,99.79,110.05
38.99,2242.87,28.96,199.78,287.67,7523.7,0.65,98.37,53.15
45.02,2826.63,136.79,225.25,204.64,6340.87,6.64,98.82,44.41
89.9,2366.53,133.1,185.75,178.3,3463.1,0.95,98.44,70.18
100.0,3323.67,158.87,89.12,168.26,4482.84,1.68,99.74,91.15
59.34,2808.57,130.75,217.13,277.19,4337.67,1.66,100.0,46.91
45.7,2414.21,221.31,218.04,271.32,5562.31,2.1,99.37,130.66
31.46,1329.75,128.8,170.79,53.89,2428.46,0.56,100.0,66.63
64.37,1922.19,169.59,189.41,264.59,3730.92,5.1,99.51,93.72
90.66,2098.16,103.79,1.0,226.48,6429.92,0.62,99.64,112.93
50.05,2535.64,74.58,296.67,323.37,2143.65,2.19,99.9,168.85
7.42,2494.13,155.88,272.08,173.78,4644.06,2.9,98.73,118.74
68.4,2166.68,115.54,92.97,282.17,2792.72,4.27,99.49,82.82
74.71,2132.24,161.6,145.96,222.2,6643.77,1.22,98.52,55.53
23.28,2552.32,137.65,315.88,79.75,5617.95,2.49,98.28,44.92
58.53,1446.99,80.35,107.61,271.85,2358.14,0.18,99.96,55.73
64.02,3234.86,173.72,238.28,252.85,3123.64,3.01,98.61,89.02
53.54,614.98,76.44,160.64,121.51,5025.05,2.82,99.33,143.23
39.18,3066.79,151.27,232.81,206.06,847.37,1.06,100.0,89.85
75.32,2016.37,184.08,204.01,369.7,3019.76,0.75,97.93,72.59
46.93,2749.81,100.77,177.34,136.53,3516.85,0.96,99.66,99.56
25.3,2302.69,177.8,231.08,245.36,7312.71,0.19,99.18,160.93
14.01,2290.22,139.88,160.56,81.46,3962.0,2.03,99.15,64.81
80.22,2435.98,162.6,57.26,128.67,6186.88,4.88,99.24,113.33
67.33,2614.34,78.16,125.78,252.95,4148.71,2.19,99.21,80.49
56.76,1817.82,130.72,116.17,203.1,6340.18,1.74,99.57,103.04
46.19,2772.36,49.6,71.67,161.89,2206.02,9.36,98.46,120.55
44.42,1288.87,205.57,229.55,333.22,3698.11,1.56,99.55,149.96
33.49,2044.27,19.3,186.18,97.04,4803.23,0.85,98.41,92.79
46.37,2633.18,102.26,228.32,166.86,5320.11,2.44,100.0,140.36
12.6,2744.51,73.41,241.66,224.26,5582.82,1.47,99.13,111.21
40.28,2370.55,153.74,260.52,101.56,5346.87,7.16,99.33,43.14
48.78,1772.63,216.2,232.55,225.83,5910.72,4.56,100.0,87.17
67.2,2675.7,152.75,121.63,276.72,4979.12,5.87,98.66,187.98
54.2,1579.44,268.06,246.36,169.69,5313.28,0.0,99.19,90.43
70.9,3273.99,51.1,217.74,118.33,3176.23,0.81,98.21,82.41
81.98,1988.73,54.94,375.21,151.88,2087.49,1.97,98.52,82.31
76.16,970.26,75.34,200.63,5.0,2987.86,0.74,98.2,76.38
64.41,1211.72,126.06,230.63,270.55,1963.39,2.14,99.76,39.95
55.24,2078.55,68.65,192.41,203.81,5403.99,2.51,99.6,3.08
35.38,2145.88,82.42,203.91,164.12,6690.37,1.95,98.89,64.06
69.8,3426.76,151.02,198.51,29.99,3293.84,1.23,98.85,80.94
88.59,1321.05,58.04,165.23,279.81,6815.31,2.39,99.88,117.02
61.84,2075.62,63.34,214.19,140.62,5813.23,3.03,99.2,80.2
93.35,1306.41,100.07,249.74,230.87,4003.25,2.38,98.59,100.07
24.49,1703.14,104.78,166.44,178.97,4371.1,3.34,99.95,47.73
31.92,3226.78,170.5,266.85,34.66,7007.86,5.88,99.1,26.41
72.1,1252.56,74.97,257.14,294.17,817.28,0.22,99.67,108.91
60.29,2458.93,83.99,129.58,277.07,7000.56,4.74,99.25,121.04
81.28,2323.04,149.08,122.9,248.76,6612.84,0.64,100.0,134.28
54.69,2031.08,160.07,235.85,208.34,3939.39,1.66,99.06,143.17
37.64,2411.61,191.44,153.0,72.23,4832.86,5.71,97.79,147.74
50.73,1235.99,143.46,116.34,258.21,7928.21,1.94,99.04,122.49
24.35,3207.43,126.52,337.35,378.45,2642.21,0.18,99.39,72.18
32.43,3395.39,148.75,122.69,190.45,4672.33,1.38,99.52,106.32
74.45,2080.97,106.63,78.11,192.21,6165.02,4.5,99.77,82.13
72.46,3744.17,106.26,137.3,80.83,5377.47,1.06,98.79,85.8
62.26,1768.68,31.29,218.53,5.0,5093.7,3.77,100.0,110.67
20.58,2328.3,164.67,205.88,147.68,8270.18,3.16,99.88,145.63
47.83,3050.32,130.57,350.98,313.35,3005.27,4.74,99.29,125.42
30.5,1726.7,158.85,138.53,300.94,3085.96,0.61,98.71,94.67
78.53,1080.92,1.0,218.89,174.11,476.53,1.37,100.0,98.94
43.33,919.8,117.64,290.28,218.71,3058.4,0.82,99.71,109.41
33.29,3490.58,77.21,147.28,70.35,3802.86,1.53,98.86,142.13
55.6,1677.68,195.07,256.3,190.01,5575.75,0.04,100.0,169.25
42.2,1917.98,150.71,53.43,132.8,6727.55,0.55,99.35,100.2
84.67,1269.07,131.71,340.7,184.92,3264.94,7.3,100.0,86.86
40.3,2711.84,98.4,279.58,155.28,4743.19,1.85,98.61,101.31
27.02,1500.91,139.86,145.55,153.67,7512.67,0.38,99.06,136.26
11.94,1704.12,73.59,266.39,269.68,4662.51,1.42,100.0,115.84
54.38,2257.66,115.01,305.05,356.75,5933.66,2.39,98.73,74.56
43.76,1303.17,91.08,96.91,164.75,7017.57,1.85,99.02,95.5
26.42,1922.99,233.32,152.01,307.68,3326.21,1.39,97.28,95.64
78.78,3029.55,193.5,307.69,68.26,2959.98,2.24,99.49,69.13
68.34,2347.78,173.15,205.4,171.7,7917.86,0.37,100.0,68.66
54.44,2139.38,45.48,234.89,63.34,6042.58,1.15,98.56,46.64
82.29,2198.41,163.21,205.62,151.89,2611.45,2.77,99.51,89.1
68.25,1775.61,129.38,271.32,244.41,3098.01,1.73,98.82,140.24
38.54,3445.31,181.17,241.03,280.68,4639.33,4.73,98.14,135.76
34.22,1479.49,136.12,208.5,109.93,7508.56,1.17,98.97,93.95
71.36,2195.65,119.66,31.86,221.23,6767.12,0.28,98.8,166.34
62.93,2128.52,131.69,251.2,290.7,6920.72,0.1,99.29,92.81
58.39,2754.13,29.72,258.34,277.9,4214.44,1.3,98.99,81.37
38.07,2820.22,81.63,100.84,203.31,4986.21,1.15,100.0,15.91
67.16,2025.59,138.67,106.27,126.97,3562.97,0.59,98.81,102.97
39.89,2251.47,176.97,241.41,118.0,4251.82,1.79,99.11,59.17
52.96,2277.97,92.48,215.55,104.16,2978.94,0.58,99.37,153.08
83.94,457.5,117.96,42.02,177.15,3430.57,0.49,99.16,45.27
41.78,935.71,39.95,134.24,105.92,3692.93,1.95,98.83,146.48
23.54,1624.46,192.97,225.11,241.02,4738.82,5.8,99.24,103.19
33.95,1654.88,175.69,254.13,200.55,5757.26,0.45,99.57,49.04
74.89,1208.5,152.61,153.25,196.47,7999.32,0.4,99.83,28.55
60.09,2572.71,140.34,188.2,14.36,4342.1,1.47,97.72,109.81
52.42,2049.48,197.63,129.65,182.5,6058.28,0.25,99.55,58.16
44.82,1897.71,79.75,305.91,138.68,4677.4,0.7,98.73,16.16
64.71,1168.69,74.34,213.97,374.98,6733.18,9.37,100.0,174.18
38.02,2016.82,173.08,146.58,64.8,2740.45,3.68,99.85,129.74
61.11,209.32,169.72,107.5,161.51,4035.97,2.45,99.85,49.21
40.37,1933.93,60.33,98.65,214.48,6193.12,0.05,98.79,22.31
37.05,2092.23,93.43,344.92,92.46,6046.83,0.62,98.22,142.24
42.25,2217.34,204.45,186.12,353.54,6079.9,1.69,100.0,40.82
47.49,953.13,140.58,168.04,355.39,7536.64,2.48,100.0,98.97
54.02,2205.37,159.36,182.94,102.74,1879.31,2.21,97.8,112.5
59.71,1319.0,62.05,149.58,126.74,2742.0,0.41,100.0,74.42
1.0,1479.27,152.83,191.44,373.21,6010.26,1.26,99.45,55.92
38.85,2550.55,49.02,202.79,305.57,6464.14,0.44,99.29,18.92
47.17,3457.88,21.01,201.2,146.76,6179.17,5.14,98.62,113.36
85.1,2083.95,156.34,98.99,218.83,9875.65,1.63,99.91,190.22
33.4,1476.03,191.72,271.39,55.19,3351.43,0.99,98.88,49.1
58.26,2180.07,107.31,155.76,377.71,5664.57,5.0,98.87,55.13
84.9,2705.32,92.67,147.31,186.56,4872.4,4.69,97.7,126.0
28.74,2482.7,205.54,143.69,232.7,6118.49,1.4,98.68,1.0
62.88,3968.18,110.26,115.8,95.85,5676.48,2.32,98.51,63.41
38.95,1547.26,116.71,221.42,77.75,4068.32,0.77,97.75,103.36
44.91,2224.56,204.7,271.6,220.6,5698.04,0.74,100.0,61.88
38.94,3132.24,102.32,142.16,352.47,5150.24,1.6,99.11,115.73
40.36,3088.31,87.3,52.55,131.36,5230.75,3.75,98.2,111.53
100.0,682.95,160.78,117.83,91.88,7040.81,1.82,98.53,99.6
71.89,2045.65,84.41,164.14,207.46,9465.23,1.23,98.79,64.64
77.03,3087.16,112.77,101.49,327.35,1555.18,2.18,98.78,78.59
64.84,4071.45,54.04,152.1,122.53,7319.91,3.35,99.76,98.13
22.87,2540.66,129.27,155.88,157.51,6156.45,3.1,99.01,103.43
62.9,1790.5,123.4,198.76,255.34,3664.99,0.93,99.27,152.09
76.46,1341.56,168.4,83.6,265.0,4347.36,5.49,99.01,124.17
37.93,3601.12,162.86,246.41,154.4,6587.71,0.03,100.0,79.94
74.31,2558.12,147.58,332.88,278.7,5090.96,1.2,100.0,117.59
69.09,1454.35,139.71,314.33,227.59,4911.81,4.76,99.11,120.31
92.04,1905.79,116.34,153.28,181.46,3764.02,2.38,98.54,68.77
46.64,2265.13,150.48,253.49,261.22,3633.63,2.43,99.12,118.28
33.05,2428.66,64.38,244.02,248.81,3261.75,0.34,97.02,85.58
47.77,1418.27,2.55,196.52,85.77,4082.16,1.74,99.42,106.68
83.71,1618.07,178.1,214.16,313.52,4768.67,6.82,98.25,135.37
18.43,890.95,153.71,254.64,211.09,5638.02,0.48,99.05,136.04
13.63,2775.83,113.65,270.67,303.81,3518.53,0.79,99.53,60.22
56.79,1808.87,173.73,135.07,184.66,6359.93,0.98,98.8,50.47
46.15,2374.43,83.43,259.82,202.29,3365.75,0.89,98.89,166.12
55.15,3043.58,84.73,333.32,215.9,6384.01,1.97,99.38,166.31
73.91,2201.91,77.79,270.57,229.22,3441.18,0.53,98.81,124.3
43.95,1968.92,148.38,322.92,317.54,8630.75,1.41,99.85,83.15
17.54,2183.75,40.85,1.0,221.98,6166.98,1.02,99.74,83.27
95.89,2092.24,81.65,247.66,177.48,6513.85,2.07,99.6,55.82
35.06,2920.32,134.49,221.14,270.86,4690.4,0.55,98.76,103.69
33.82,2265.59,59.79,282.17,218.74,6092.81,1.61,99.6,90.11
77.07,1666.92,86.98,109.95,446.0,2746.12,2.7,98.68,91.23
47.31,2781.49,9.42,159.51,206.23,3243.1,2.36,99.14,48.99
53.73,2909.34,150.29,272.04,291.39,4446.77,3.59,97.35,133.15
64.66,1111.17,85.61,115.23,259.39,7732.21,6.25,100.0,112.94
76.67,3120.95,65.04,219.39,5.0,6811.83,3.85,100.0,113.26
48.33,2303.3,55.25,198.64,113.69,974.23,5.57,99.36,23.56
85.4,2246.29,99.09,184.33,140.45,3225.08,0.04,98.09,34.3
12.28,2752.64,40.99,245.82,45.03,4843.78,1.98,99.05,51.03
70.2,1651.12,217.12,110.76,144.43,7261.39,0.62,99.25,125.94
38.21,2715.92,1.0,137.59,56.59,5439.54,3.31,99.21,75.43
82.45,1784.26,97.47,188.86,80.18,432.71,3.42,100.0,53.62
57.84,1015.53,125.35,103.91,201.74,2889.22,0.1,99.03,121.16
41.54,1349.57,81.23,298.47,352.75,6296.12,1.81,98.8,82.04
68.26,2444.92,130.61,136.1,57.4,5367.38,3.81,99.31,109.92
72.86,1386.17,80.02,262.91,70.61,5242.86,1.77,99.1,54.27
67.84,3175.05,196.5,129.96,132.05,7001.56,1.11,98.68,93.92
34.41,2880.5,64.06,256.34,166.75,4376.89,0.16,97.97,148.41
45.32,2981.41,2.44,71.29,41.21,6257.84,2.62,99.71,144.59
54.92,2135.35,55.08,312.69,117.08,7955.32,0.16,98.6,63.28
54.17,2228.5,139.32,290.81,108.77,5403.99,1.82,98.5,83.97
69.99,1212.4,114.1,155.79,208.65,3390.12,4.99,98.63,127.48
14.7,2745.05,157.61,133.95,218.31,4232.29,1.09,98.18,98.54
61.69,2313.88,145.09,236.62,166.25,3374.18,2.94,99.66,109.12
49.2,2445.11,88.19,77.91,146.0,966.17,3.22,99.57,150.35
38.23,3229.82,95.55,202.78,116.13,3577.01,0.02,99.33,103.71
40.15,1623.83,100.73,135.39,184.64,6143.91,4.93,99.7,71.25
50.71,1959.7,214.22,179.66,92.15,5016.91,0.42,99.5,145.24
1.0,2276.67,154.54,148.49,319.25,7445.97,0.66,99.61,62.09
40.97,1393.2,214.58,136.13,45.19,5259.06,4.09,100.0,94.09
37.48,1916.68,162.04,336.38,120.93,6590.51,2.32,99.89,71.85
65.66,2393.06,116.82,262.44,258.14,1832.6,0.93,99.32,47.29
38.89,1820.21,69.03,81.61,144.12,4210.47,0.18,98.55,90.92
50.7,2964.29,130.08,129.93,240.48,4515.89,0.98,98.08,97.42
85.85,990.35,116.96,268.6,334.55,3514.2,6.78,97.97,84.96
74.89,2833.94,115.32,277.49,254.98,7746.35,0.22,99.86,135.02
73.05,2510.83,109.55,89.19,71.82,1526.12,3.74,98.81,64.6
45.0,1649.82,17.38,255.89,76.12,4795.02,0.79,99.26,109.46
65.86,1400.91,183.04,221.2,163.13,7038.52,2.13,98.53,46.5
50.32,591.8,117.48,44.67,219.87,6374.04,2.0,100.0,190.92
51.08,1491.38,49.29,167.74,288.55,4316.34,0.79,97.94,68.77
63.19,2781.02,144.09,189.11,109.35,3379.96,0.11,99.3,30.21
43.06,2008.74,77.21,203.88,136.36,6963.8,0.32,98.95,85.68
84.86,2862.09,148.11,94.35,157.44,4062.02,1.67,99.21,104.07
51.8,1614.09,164.08,138.96,155.64,3505.07,5.95,98.98,130.31
67.37,2542.97,170.98,150.16,314.61,6800.15,5.2,98.58,137.93
84.11,1545.75,111.95,157.15,170.64,5553.28,0.24,98.42,119.91
75.63,1372.1,99.31,158.48,193.77,4366.36,4.16,100.0,128.64
26.82,1973.01,88.72,189.39,262.03,5585.39,0.53,98.99,139.15
63.9,1582.52,83.87,224.77,323.2,5801.24,4.81,99.44,104.9
72.01,968.02,119.14,341.94,176.83,4903.26,2.84,98.08,64.5
72.84,1920.38,109.53,269.67,293.33,5276.71,6.5,97.72,98.56
32.73,2122.5,78.73,305.35,344.5,1107.18,1.17,98.73,66.35
41.86,2935.85,62.81,161.54,170.07,4809.92,2.63,99.81,136.97
74.89,2703.76,114.56,119.69,129.27,3848.72,2.66,99.22,143.08
39.76,2901.96,98.29,264.11,376.84,3561.19,1.37,98.82,145.51
49.01,2552.25,62.93,198.7,280.9,3767.58,7.34,99.5,48.98
86.52,2280.83,161.53,258.43,181.12,4106.05,0.56,98.81,137.47
54.04,1187.74,208.6,129.42,238.5,4465.14,8.57,100.0,72.07
40.46,2152.91,168.13,251.89,85.95,5298.92,3.34,100.0,109.76
37.45,2465.76,83.99,185.98,279.85,3679.65,1.91,98.8,128.1
61.65,3068.21,117.49,163.13,18.0,5932.56,0.16,98.66,37.51
28.34,2528.4,197.02,170.66,276.36,6324.56,0.6,99.15,129.49
50.05,2916.27,61.32,239.23,115.05,6306.09,3.68,99.5,33.1
61.66,1325.6,159.13,261.93,31.15,6683.24,2.61,99.01,87.03
80.98,1819.51,47.6,170.69,5.0,3976.96,6.58,99.93,134.06
68.35,2348.55,204.2,227.54,137.15,4512.74,1.01,99.39,148.08
40.72,2860.67,98.48,227.27,244.0,5443.88,4.5,99.96,127.34
78.57,1946.34,231.45,259.07,54.91,4235.09,3.96,98.41,72.42
49.01,1990.29,206.4,278.95,68.8,2914.71,6.77,98.79,71.0
30.29,2529.0,114.68,344.9,135.52,4095.75,0.64,99.57,89.3
51.56,1259.89,84.03,162.79,252.68,7942.44,1.36,99.24,97.15
83.76,3173.18,129.74,316.8,263.93,3662.31,0.17,99.07,130.01
58.3,1432.6,110.99,209.37,192.59,3571.26,1.79,98.84,92.43
55.25,704.99,99.92,112.42,268.5,4015.54,2.64,99.26,76.54
87.74,2055.05,37.09,147.96,241.88,6002.45,0.54,100.0,80.65
26.37,3236.92,94.27,237.28,142.47,5626.42,0.37,97.79,140.43
29.29,2458.52,64.48,257.9,261.86,6271.23,2.04,99.09,97.25
22.68,2573.76,147.58,118.7,64.42,9558.56,1.0,99.12,155.96
62.45,2076.97,169.55,138.89,223.78,6477.89,1.11,98.44,133.03
58.33,1941.34,157.03,157.35,75.06,6619.1,1.27,99.09,74.07
85.85,966.56,137.12,130.93,192.85,10147.38,1.43,98.05,77.04
59.87,466.43,77.35,49.59,289.67,5881.21,0.44,98.79,90.67
46.92,2185.39,130.27,22.45,199.19,4294.6,1.72,99.01,89.53
55.04,2966.78,159.64,169.46,178.87,4454.84,0.14,99.2,141.24
57.35,2288.89,90.69,220.17,200.34,6902.24,0.24,100.0,73.38
21.56,2484.52,125.95,252.45,239.7,2746.79,2.49,98.63,99.47
100.0,3156.6,112.73,91.01,372.06,1496.13,2.63,98.27,108.41
65.4,2278.14,203.12,92.37,238.72,3522.08,0.62,99.89,123.22
59.2,1962.14,162.58,157.77,134.77,6475.74,0.41,96.08,113.9
67.3,1475.03,150.46,200.27,161.22,6066.91,0.11,98.77,110.83
69.19,3463.55,34.17,280.7,98.9,4712.01,1.09,98.97,75.89
52.19,2416.58,128.64,257.42,68.47,6924.54,1.42,98.54,79.82
42.38,1387.48,112.25,170.57,5.0,6094.93,4.59,99.13,104.92
66.99,1228.18,111.82,228.81,138.46,5619.16,0.0,98.75,87.45
62.71,2925.14,41.83,132.52,53.6,4968.91,1.04,97.98,57.7
38.8,1321.79,65.61,205.95,188.73,6613.43,1.09,99.63,77.42
83.38,3345.68,116.6,195.01,134.15,6359.56,4.35,99.66,101.85
60.87,128.0,175.72,312.34,82.3,4508.5,0.44,98.51,142.52
69.6,3043.82,90.47,239.48,5.0,6464.14,0.14,98.82,57.34
82.84,2388.83,100.0,138.34,148.56,3823.3,0.96,100.0,50.97
55.44,2131.02,209.05,139.16,22.29,5422.78,1.9,99.51,125.42
61.34,1925.18,105.16,173.35,243.55,5720.73,3.91,99.2,78.65
71.2,3371.51,113.56,74.84,202.94,4396.96,0.63,100.0,61.11
40.5,2542.94,114.24,181.6,159.59,5241.39,0.58,98.06,94.26
56.08,1415.76,52.72,188.51,310.57,6094.47,0.79,97.78,59.03
57.51,844.76,148.59,237.32,180.88,3051.62,0.25,99.32,183.17
35.88,2172.11,87.36,248.97,214.75,5331.2,7.56,99.79,64.03
100.0,2047.25,118.5,207.91,241.87,8986.55,1.56,98.0,102.61
26.85,984.09,142.22,69.6,133.48,3512.6,0.64,98.29,115.72
29.04,2009.22,217.13,102.32,133.98,6853.95,0.9,99.76,132.92
81.28,1646.25,54.11,151.59,183.73,4827.83,4.02,98.39,51.86
69.27,2054.5,163.25,252.18,58.81,7129.38,2.24,99.02,113.15
34.48,2556.15,163.44,249.48,340.68,3697.8,1.61,99.35,29.32
67.15,3092.83,88.09,180.04,194.47,5010.92,2.58,99.87,107.36
84.36,2684.22,149.98,388.78,161.92,8979.58,2.82,98.99,92.69
54.39,1542.99,202.17,324.93,367.7,4688.23,0.43,99.54,125.07
100.0,2306.24,81.75,299.19,80.87,6140.16,0.35,98.33,105.42
20.52,2092.17,132.07,256.05,318.25,6070.14,6.8,99.61,90.55
68.88,1115.51,140.24,236.68,253.2,1348.63,0.41,98.56,93.6
78.33,2326.76,146.71,230.85,280.53,5803.21,1.25,98.23,36.79
72.83,3347.67,158.46,55.6,164.2,2772.45,8.12,100.0,62.43
50.91,2070.7,128.32,115.9,185.03,6139.22,1.08,100.0,155.84
49.19,932.07,145.67,182.23,149.1,5211.89,1.45,99.3,103.18
63.88,2069.19,74.43,210.23,269.67,2992.75,3.2,100.0,122.28
71.32,1198.4,128.2,190.04,215.26,2857.18,0.83,98.97,70.31
67.05,2652.52,96.18,221.78,129.74,4869.04,1.13,99.1,129.83
75.8,2415.41,58.51,31.74,133.87,9465.85,0.81,99.08,83.83
34.62,1928.36,94.54,240.45,178.67,7921.98,0.68,98.56,37.53
50.44,1816.19,133.47,204.97,150.09,5647.18,1.28,97.56,91.7
36.2,1899.44,141.79,185.0,309.76,5927.57,2.74,98.98,146.82
47.28,2053.79,56.58,274.18,252.74,6082.92,4.04,100.0,12.34
75.3,1507.44,73.12,116.36,252.55,4037.99,1.27,99.39,124.43
57.16,1076.57,156.23,181.05,201.05,3753.28,0.77,99.77,101.3
100.0,2845.09,145.41,222.75,105.61,6531.92,4.85,99.48,198.71
58.87,1778.22,164.36,131.76,242.65,3916.94,0.82,98.61,186.79
56.19,2164.93,188.39,39.73,5.0,7592.99,2.98,99.37,24.43
57.12,2247.7,146.89,107.76,195.66,2564.09,2.76,98.97,150.26
42.24,2273.41,99.26,194.82,106.91,3377.15,0.1,98.46,79.39
53.84,1226.33,125.74,180.08,99.98,7548.19,0.39,99.84,87.22
77.56,874.91,202.99,198.54,138.3,4483.67,1.7,98.29,71.97
57.28,1635.92,258.22,147.26,172.45,4779.32,4.04,98.74,67.03
39.13,2325.0,143.15,95.02,177.89,6161.78,1.8,100.0,147.71
36.5,1538.44,146.78,210.96,251.12,7085.79,2.72,99.69,1.0
46.0,1799.56,156.29,186.68,164.35,6097.6,2.65,99.37,68.4
56.48,3537.11,121.19,251.03,170.84,5517.07,1.36,97.68,122.05
78.87,756.2,178.19,140.19,54.39,6441.21,1.65,99.12,13.45
28.19,1519.48,170.4,38.33,66.12,5736.46,0.15,98.38,85.79
48.6,3375.62,137.72,1.0,205.84,6953.21,5.25,99.15,46.66
57.89,2016.78,104.1,167.88,236.76,10142.43,2.24,99.07,104.36
18.33,1553.81,43.97,210.23,156.56,5909.6,0.34,98.6,97.0
38.33,2866.14,156.62,181.41,263.97,3452.28,0.56,100.0,132.33
41.4,2086.66,130.64,154.79,53.29,6869.74,0.01,99.87,2.23
39.08,1804.18,83.11,72.69,215.87,4736.77,0.61,98.41,112.22
58.84,2182.66,63.5,48.85,103.34,5606.86,0.76,100.0,65.0
51.79,1587.32,153.07,229.38,96.23,5660.0,2.3,98.4,153.03
43.89,1335.76,39.94,181.79,111.16,3953.07,1.3,100.0,77.28
63.56,1968.48,134.98,170.92,172.73,4332.55,3.7,99.05,62.31
89.46,1340.3,162.18,76.66,219.5,844.96,0.18,98.92,73.0
87.79,2055.49,147.49,122.7,212.67,4817.43,2.46,100.0,117.65
16.54,2296.08,100.46,203.61,153.86,6009.44,4.16,99.09,122.86
66.54,2645.14,57.53,222.77,236.9,5026.34,1.09,99.97,93.99
51.44,2837.55,149.35,186.86,331.81,4171.96,0.68,98.29,55.87
58.1,1763.98,180.03,310.34,169.25,5678.79,1.18,99.22,47.62
47.03,2397.59,91.36,153.96,188.53,3303.48,3.11,99.53,122.1
57.35,2392.77,145.35,302.95,124.94,3095.67,5.03,100.0,115.95
58.03,2277.47,199.08,217.35,144.72,5946.51,0.14,99.7,111.43
43.42,1712.38,136.94,208.65,292.35,6045.61,1.5,99.23,158.32
37.07,1328.35,100.16,274.6,293.28,5919.89,2.04,99.53,63.27
46.03,2399.4,172.04,150.07,161.9,4459.05,0.04,98.69,174.11
59.69,853.2,83.12,173.66,224.12,6968.47,0.4,99.62,108.49
66.98,1860.51,55.09,102.12,262.84,2977.24,0.13,99.53,74.8
72.07,260.46,160.62,274.82,139.81,4465.39,0.69,98.66,92.83
45.12,1112.52,99.69,226.84,62.47,6346.06,0.46,99.29,47.3
60.68,1434.01,104.17,287.82,242.04,6547.27,1.33,99.74,54.17
74.25,2815.71,88.65,216.39,260.67,3609.71,2.13,100.0,90.49
78.31,2529.68,96.36,288.24,247.44,8856.67,3.69,100.0,126.07
53.82,1660.25,190.15,140.22,146.33,4765.08,0.73,99.36,66.83
50.58,2558.56,203.12,278.98,317.08,5158.08,0.1,99.4,180.97
58.82,2669.34,209.75,168.17,205.58,6760.62,0.01,99.1,93.29
32.01,1935.53,174.51,200.2,76.72,7793.48,3.72,99.28,70.92
51.13,1078.94,143.31,258.27,36.35,5110.76,4.21,99.74,43.64
69.89,1902.46,48.39,386.23,153.25,7111.88,0.21,99.73,74.19
67.84,1979.48,110.62,265.6,200.23,4178.91,0.02,99.14,152.7
49.59,1185.28,227.84,273.15,154.08,8003.18,3.22,98.43,163.96
59.35,2304.93,98.22,156.37,359.42,5069.48,2.05,99.05,119.57
38.51,2243.87,195.71,212.56,216.36,5565.98,1.62,98.61,97.25
69.07,2359.53,122.75,192.33,92.42,4375.81,1.52,98.35,37.59
53.44,2243.25,1.0,312.61,5.0,5388.78,2.97,99.63,1.0
49.48,2558.89,152.02,188.33,201.15,3685.37,0.69,99.44,102.55
47.77,1922.47,183.31,306.28,269.01,4887.59,0.99,98.56,79.08
53.74,2189.25,117.55,95.87,347.74,5030.83,0.16,98.97,73.1
46.04,1769.58,181.65,311.9,161.78,3099.33,1.67,99.41,110.89
68.16,1638.85,36.61,131.09,334.98,3971.88,6.48,99.38,41.49
47.09,2984.77,50.72,268.31,57.7,1220.51,0.67,99.51,153.46
86.86,617.36,130.24,130.85,149.05,2766.8,5.3,98.67,169.5
84.3,2661.73,143.86,249.47,88.7,4974.69,2.61,99.45,122.6
37.17,1613.62,187.83,122.99,251.29,6727.08,0.53,99.17,82.95
56.39,1522.97,151.95,282.92,62.9,4357.4,2.17,99.74,70.82
41.99,2231.1,60.32,267.62,216.16,4944.98,0.91,99.95,82.66
48.47,1005.27,130.65,151.95,68.24,7091.05,0.26,100.0,107.78
95.05,1476.78,150.04,246.25,338.2,6499.81,0.19,100.0,135.36
48.85,1453.6,26.29,275.79,146.32,6473.74,0.03,99.29,113.01
62.2,1893.02,117.82,126.13,214.02,5214.59,3.2,99.17,145.44
65.83,1485.1,103.22,117.28,19.01,4117.78,4.32,98.54,117.08
34.99,3168.78,87.27,114.3,45.47,5712.37,1.32,98.56,136.33
37.9,3305.91,144.94,102.96,110.39,7308.54,1.47,99.39,93.81
30.88,632.6,62.52,113.91,256.55,8253.41,2.35,99.41,49.04
37.28,2429.03,140.84,273.98,239.32,9330.77,2.41,100.0,146.47
1.0,2649.06,147.97,244.63,277.69,7753.46,0.78,98.69,182.4
65.89,2428.09,174.19,64.32,44.12,5078.65,0.35,98.62,106.81
96.08,1587.32,63.83,159.19,225.62,2835.63,1.13,99.38,73.18
57.96,1877.13,44.74,107.37,129.61,6083.58,2.39,98.85,113.94
26.67,1524.21,133.95,268.92,107.27,6973.86,3.26,99.47,80.9
42.14,1753.82,105.69,164.03,131.65,404.02,0.19,98.87,96.27
45.82,1201.02,265.13,76.45,169.52,2337.61,1.77,99.0,98.39
34.65,1967.65,142.92,213.61,239.49,4177.71,0.11,99.5,64.71
72.2,996.04,122.91,248.52,281.05,3615.99,3.48,98.8,66.25
71.21,1907.91,111.36,123.7,226.9,2103.7,2.2,98.95,92.13
31.89,1173.99,59.1,178.81,236.99,5684.09,2.39,99.57,87.08
69.5,2192.77,148.19,127.81,344.07,7234.14,2.87,99.23,117.8
85.54,1572.41,116.04,299.52,242.74,4660.87,1.37,98.75,105.83
93.05,2251.41,116.08,165.49,160.75,2011.84,0.71,98.86,119.25
100.0,2805.11,124.72,142.25,232.3,5371.31,3.08,99.93,89.36
36.96,3160.61,131.06,195.89,333.69,3002.06,3.0,99.42,62.73
100.0,278.4,33.04,183.4,101.67,3184.48,0.29,98.95,53.27
47.92,1464.06,161.85,255.08,141.22,6727.53,4.66,99.81,134.58
43.15,1835.84,77.68,297.28,310.51,7160.39,0.5,99.51,75.58
61.54,2370.23,113.1,297.89,153.86,4479.27,0.73,100.0,69.71
43.36,892.75,184.3,169.45,248.79,6315.99,0.49,99.82,146.17
62.98,1360.54,208.97,224.41,296.02,3066.34,6.74,100.0,79.26
28.6,2139.25,34.98,319.08,66.98,5952.35,0.71,98.96,7.81
50.22,2107.42,121.51,322.16,143.24,4309.03,7.11,98.58,103.82
80.71,2312.33,133.65,129.93,288.42,2613.97,2.03,99.74,73.03
53.86,2358.57,44.62,247.38,168.62,3367.15,0.39,99.75,66.09
57.83,2285.02,160.13,233.86,5.0,5738.1,1.61,99.13,89.44
64.51,2183.56,125.81,274.11,134.1,2334.92,4.28,98.47,13.09
78.41,2087.02,129.71,299.49,251.5,4492.99,1.65,99.41,20.63
21.9,2513.33,74.12,116.72,294.88,6923.12,0.28,99.47,76.59
66.69,480.47,140.64,144.75,184.58,4112.91,0.68,98.25,117.44
49.64,3129.03,161.91,272.61,223.54,2225.73,0.51,99.46,84.48
58.33,504.86,126.36,211.84,146.78,4501.4,0.27,100.0,82.74
76.2,1292.59,94.3,21.82,261.29,6219.77,0.79,98.28,94.93
31.12,1889.27,98.2,66.7,308.27,2664.19,2.16,99.57,130.6
34.75,2518.83,131.02,253.01,249.14,7136.71,0.96,100.0,96.57
16.29,128.0,122.44,267.13,169.36,6374.0,1.17,100.0,92.97
44.02,2028.31,165.24,92.04,219.07,5630.21,0.77,97.89,72.75
81.61,2602.68,95.99,287.93,265.72,6039.2,10.4,99.96,79.42
52.59,2744.16,59.08,184.23,182.49,5228.91,1.76,98.98,102.17
28.2,1559.87,137.97,118.2,252.05,5601.69,3.59,98.9,147.61
45.29,1837.42,96.12,155.18,213.33,5128.63,1.16,100.0,104.51
25.24,1616.7,159.18,102.18,307.74,6589.26,0.37,99.35,62.43
32.5,1773.13,120.38,150.73,243.01,7327.18,3.75,98.93,82.98
62.78,1325.72,152.74,50.49,135.13,3522.51,2.88,99.76,139.31
31.52,1425.52,69.28,194.09,306.4,3736.7,0.8,100.0,98.12
77.25,2352.06,127.17,246.97,221.4,4295.7,1.86,99.32,39.67
53.58,2140.13,85.04,92.21,167.42,3904.2,0.2,98.83,112.35
56.71,2392.11,58.98,201.36,58.14,7040.87,0.05,99.26,69.25
49.43,2197.81,76.94,135.63,200.82,2300.7,3.38,99.96,49.04
70.46,2541.04,92.78,253.5,345.14,5976.87,5.69,98.98,98.39
70.66,2662.75,182.23,14.85,5.0,7496.06,0.84,99.96,61.35
61.7,828.8,91.45,256.95,5.0,3958.27,1.82,99.1,127.5
66.3,1449.98,56.42,54.58,249.06,7649.71,2.53,97.9,98.6
50.76,1886.04,126.57,183.2,201.26,7083.2,2.74,100.0,148.76
65.84,2032.13,121.46,143.29,240.51,4371.37,1.31,99.43,108.88
48.24,1578.94,95.4,171.14,132.63,6473.83,1.9,99.94,75.11
55.04,2686.42,111.94,77.65,5.0,3512.09,2.14,99.41,74.59
49.51,3433.96,168.81,332.81,105.12,3016.88,0.22,99.23,80.54
45.86,2178.31,153.54,97.07,320.4,4165.18,2.07,99.72,114.74
41.22,2107.04,149.21,103.39,139.36,7430.56,1.43,99.09,37.33
64.35,2642.62,60.82,343.59,140.14,4175.05,0.95,100.0,105.93
81.21,741.91,264.33,225.82,5.0,5075.02,0.61,99.18,58.22
78.42,2067.93,172.56,99.66,17.6,3192.12,2.03,100.0,184.6
29.87,2733.33,145.85,189.7,279.92,6559.97,0.36,99.62,117.11
80.78,1597.79,61.78,181.14,156.65,6496.63,3.33,97.53,121.04
48.64,1189.41,167.39,64.99,269.21,3732.26,0.38,98.51,97.92
67.01,1917.94,94.94,139.34,112.17,829.31,2.95,99.79,31.2
36.88,2005.52,110.29,197.89,47.9,4348.89,3.4,98.56,95.74
57.84,1411.94,35.96,301.31,156.52,5796.56,5.62,98.25,110.63
61.27,3515.31,57.93,184.89,128.43,4976.25,1.24,100.0,72.17
25.31,1712.91,141.93,190.91,105.02,5144.87,0.13,98.09,91.92
67.17,1240.44,170.31,134.79,107.37,5629.15,2.26,99.74,120.25
81.92,1982.47,154.25,287.67,167.86,4080.28,0.66,98.95,99.46
51.51,2683.5,152.54,272.19,135.76,2740.42,0.19,99.69,105.88
82.2,2060.19,116.76,263.15,96.1,6330.21,3.87,99.39,116.0
51.21,2387.92,99.66,208.95,342.42,3407.18,0.3,97.75,144.41
71.99,1437.94,134.44,72.11,221.22,2837.09,1.41,98.98,61.66
10.63,3089.38,161.07,286.93,194.26,5900.12,3.11,99.03,172.58
100.0,2441.2,120.24,204.59,174.01,3009.53,0.44,99.49,172.49
84.91,2781.39,180.51,175.31,239.91,3527.26,4.54,99.42,72.86
49.31,2303.61,109.25,235.88,227.86,7845.04,0.81,99.03,121.89
15.56,2625.42,70.99,217.94,86.91,7859.41,1.01,98.41,167.87
60.76,1436.86,119.48,114.46,42.1,7144.28,0.28,99.54,152.62
26.12,1704.01,125.3,174.34,5.0,6366.86,2.07,99.81,26.3
63.9,2990.54,115.9,47.67,341.27,7081.52,1.37,99.43,88.86
63.23,3139.82,184.03,206.88,139.92,8532.69,7.31,99.05,74.87
36.17,1245.05,160.27,306.41,233.29,6969.44,2.4,98.94,129.24
77.42,2222.82,48.45,56.35,198.19,5452.3,2.85,98.56,132.83
71.11,1746.34,196.72,210.29,262.13,6571.31,0.44,99.37,47.73
74.52,1560.08,1.0,253.48,174.19,4163.11,2.49,99.33,66.71
55.18,2247.39,227.55,265.31,60.48,5263.38,1.63,99.79,32.02
26.69,2846.67,105.63,140.3,86.66,5343.43,1.03,98.76,91.46
74.56,2364.16,110.52,111.82,148.43,4751.45,3.05,99.28,83.49
49.59,1824.34,117.0,153.04,37.33,4433.28,7.68,98.28,113.59
27.2,2408.4,139.26,295.27,103.11,7318.15,0.2,98.96,167.18
82.04,1796.02,119.99,63.24,72.11,3284.64,3.11,98.81,105.71
96.99,2336.48,113.33,102.72,150.42,5265.99,5.04,99.94,83.04
54.18,3025.53,185.45,163.3,135.36,2679.21,0.76,100.0,127.16
98.18,593.99,148.28,121.95,190.75,1386.11,0.9,98.38,80.95
56.83,2606.08,72.06,196.67,256.9,7151.33,3.17,99.84,87.81
47.39,970.66,157.03,313.16,158.16,7314.57,6.14,99.68,101.96
42.39,2907.83,146.21,103.69,44.78,4126.27,5.59,98.82,47.36
87.74,1602.08,92.74,188.29,5.0,5091.14,0.11,98.67,82.66
39.4,1195.63,159.61,199.34,194.61,4479.27,4.1,98.66,63.06
69.71,2534.69,112.12,173.23,120.11,4481.16,1.77,98.94,127.28
43.82,2302.92,108.92,73.73,165.84,4121.55,1.09,98.95,53.82
45.79,1348.57,107.55,148.97,209.66,5828.14,3.74,99.09,57.42
75.6,1170.9,1.0,149.21,309.89,4313.91,3.22,98.84,66.59
47.4,1916.76,93.67,250.68,22.72,5747.02,1.42,99.76,63.69
46.9,1205.14,155.66,233.57,88.88,8001.88,1.06,99.56,161.95
77.66,1304.97,118.88,75.85,172.33,5701.2,1.28,99.08,138.38
86.95,2128.93,55.74,169.03,77.38,5224.64,0.77,98.82,114.59
67.89,1371.89,168.23,159.98,45.98,3971.33,2.28,98.8,78.74
41.9,2346.58,105.07,356.38,297.86,4974.1,4.45,99.51,92.45
44.79,3091.1,58.92,223.39,85.68,1993.19,0.58,99.24,158.18
56.6,1944.01,230.3,113.8,62.17,7771.41,3.49,99.34,82.62
61.42,2139.11,67.34,137.86,76.67,3275.5,0.89,99.8,52.03
35.24,3460.67,163.97,169.72,277.74,1546.51,0.28,99.16,127.67
69.46,1216.68,81.53,228.99,117.42,4811.81,0.08,100.0,85.58
56.71,2881.86,126.79,238.79,55.29,5637.6,1.31,97.8,88.06
20.69,2797.6,74.89,216.04,104.39,7384.11,1.68,98.28,86.0
36.42,2646.02,58.03,183.22,175.66,5440.62,0.01,100.0,88.81
44.92,2952.22,146.11,189.12,260.26,6665.88,2.11,98.92,114.88
53.54,2244.4,140.26,189.68,252.7,6673.7,1.46,99.41,82.81
92.79,1639.95,177.23,57.37,110.0,6497.56,11.92,100.0,107.34
59.76,2814.2,118.28,195.1,132.2,2959.45,0.22,99.44,136.76
38.18,2840.99,231.02,153.82,369.26,5919.69,2.44,99.84,154.11
59.41,2821.72,133.42,67.77,269.61,2506.93,0.49,99.63,58.9
47.96,2079.15,148.34,393.43,157.34,8589.91,0.46,99.89,135.83
61.5,1546.66,52.08,224.9,5.0,6255.77,0.04,99.55,140.33
66.61,2181.95,89.3,201.05,138.71,3875.37,0.01,99.71,145.45
79.18,2707.56,145.98,170.31,60.6,5676.54,0.41,98.79,96.97
54.51,2765.05,115.79,258.42,102.36,3180.99,0.39,99.57,85.43
87.78,1747.23,129.38,107.02,93.12,2201.56,0.0,99.17,33.21
73.16,2268.76,79.18,174.98,159.19,6578.21,2.53,99.14,98.97
40.85,1131.86,126.1,123.83,186.28,3234.46,1.4,98.02,166.29
99.2,2737.47,125.93,257.73,114.16,4674.17,1.01,98.9,107.57
61.54,1499.68,60.98,133.86,65.01,5369.99,0.22,99.11,86.37
38.3,2597.68,152.13,288.11,163.9,4671.64,0.81,100.0,118.21
88.06,1243.49,35.0,192.06,135.15,3149.54,1.27,99.0,47.54
96.56,2769.99,129.21,261.96,9.22,5109.27,12.48,99.4,84.08
54.34,2273.28,208.28,231.99,234.68,5266.44,1.43,100.0,127.6
44.93,1501.05,154.03,284.74,114.4,6568.36,0.04,98.33,117.36
51.55,2531.95,153.71,125.19,155.75,9400.8,0.47,98.93,74.99
69.29,1634.75,75.13,272.45,160.21,1442.62,0.88,99.82,166.35
80.56,2572.69,208.45,50.99,178.61,3562.66,1.22,100.0,36.61
66.41,1856.12,188.84,203.45,193.14,5401.3,2.24,97.81,107.53
57.03,843.27,77.82,156.33,62.59,6819.38,1.79,99.12,128.87
84.96,1360.31,96.26,87.64,208.11,5623.4,1.42,99.64,144.41
48.74,1746.71,182.73,128.52,149.03,7021.39,3.64,99.79,99.88
75.62,3005.73,209.81,148.75,277.6,2336.32,0.44,100.0,125.63
49.24,2678.8,56.77,184.28,253.35,4428.2,0.16,98.75,95.17
63.62,3184.7,69.81,158.01,299.05,7630.89,3.64,99.04,161.74
52.73,3205.54,112.81,206.4,95.55,3451.55,1.24,98.06,107.92
53.88,1673.67,11.45,133.59,295.8,100.0,1.61,99.29,141.4
47.45,1916.06,120.95,161.85,188.47,3529.81,3.63,99.56,48.78
81.9,1760.1,179.29,176.87,242.12,5787.18,5.83,100.0,90.45
40.34,1577.94,48.07,214.57,240.69,4872.55,1.61,100.0,116.58
40.2,758.95,126.36,267.91,221.31,2687.23,3.35,100.0,116.22
97.42,2037.68,90.91,268.29,82.06,3701.25,1.57,98.71,72.27
74.56,1148.1,202.0,219.0,265.96,2604.95,0.07,99.5,20.57
7.3,2024.08,91.51,234.42,211.65,2816.58,6.24,99.47,24.59
43.69,3529.04,195.95,224.95,47.42,3417.81,3.4,99.53,57.11
18.76,1691.46,90.13,174.83,136.47,5189.87,2.8,99.17,206.5
35.99,2184.34,158.56,272.05,70.82,701.56,1.17,99.99,1.0
1.0,2682.65,132.6,126.84,51.64,7458.33,5.71,98.95,88.3
52.26,2244.2,113.09,36.15,256.8,4813.68,1.35,99.43,83.24
32.16,2252.74,80.47,116.68,46.86,3008.01,2.55,100.0,96.69
56.2,1794.32,136.15,312.25,61.1,3247.64,0.21,100.0,91.7
22.5,1885.69,97.97,176.37,358.04,3857.47,0.49,98.62,55.78
56.66,1375.99,85.51,221.93,139.69,5011.24,1.1,99.59,135.76
46.7,2640.23,193.64,178.08,239.19,5272.42,1.74,99.52,29.74
85.04,828.96,147.38,244.93,281.23,4651.1,3.28,100.0,169.8
83.23,2727.76,152.18,205.66,249.68,3640.25,0.55,100.0,113.07
70.71,1065.41,100.42,194.51,193.46,4980.27,2.98,98.97,58.54
48.47,2721.83,110.7,249.1,176.65,1266.82,4.41,99.15,67.38
94.71,1800.33,107.57,162.75,228.38,2812.36,3.41,99.25,140.76
23.94,1185.69,136.86,229.77,159.78,3782.82,1.95,99.54,41.31
26.93,2453.51,152.09,186.02,242.54,2583.99,3.32,99.78,96.98
53.32,2698.14,118.49,191.41,156.69,4606.31,4.2,98.94,93.76
100.0,1741.34,80.37,134.51,166.9,2591.49,1.62,100.0,92.69
50.95,2552.43,158.03,182.72,349.36,8083.46,3.32,97.92,116.81
51.34,448.44,121.67,156.7,136.76,2376.29,1.09,98.36,120.79
26.16,1123.58,47.96,290.39,181.73,7720.23,1.48,99.63,111.52
73.92,2952.69,13.24,65.27,218.75,1390.59,0.11,99.09,139.83
74.06,1891.43,134.89,271.14,224.53,8609.2,4.3,98.8,105.3
70.78,744.45,78.53,60.46,206.36,6051.2,0.3,99.87,74.94
42.42,1558.79,141.55,242.98,67.46,6424.86,0.65,99.77,49.75
40.87,1401.62,81.22,132.98,194.58,2542.44,0.76,100.0,97.47
29.14,1931.83,126.66,245.31,201.85,4419.19,0.25,98.48,110.6
56.68,1788.47,101.08,190.29,282.6,4536.6,5.1,99.77,24.31
33.39,2173.25,207.6,85.41,246.53,4818.62,7.02,99.76,112.74
31.45,1999.37,167.52,308.69,288.53,7290.68,4.01,98.49,60.13
46.53,2999.82,187.36,262.13,89.71,6244.37,0.85,99.23,58.96
45.22,2345.18,121.2,240.25,90.36,4701.7,0.11,99.88,101.02
44.24,2368.37,161.12,148.77,209.53,6798.38,0.4,100.0,11.03
64.33,2863.61,124.58,264.89,281.96,7129.66,2.96,99.1,152.88
56.58,1775.86,193.48,97.34,161.96,3977.7,0.67,98.43,131.47
49.24,1164.69,116.37,21.79,113.37,3924.96,4.46,100.0,47.43
58.66,2892.88,50.13,75.01,35.87,8891.05,3.61,99.23,87.46
35.17,2143.09,20.07,126.24,212.67,4568.27,0.54,97.88,101.11
57.11,2145.55,203.42,139.61,169.84,3842.65,2.36,99.03,65.05
58.01,1604.67,143.93,165.21,140.94,4721.89,1.17,99.99,75.11
24.94,1616.2,147.21,168.77,261.47,6934.03,0.48,98.35,90.09
74.91,2640.71,194.48,148.01,172.19,6293.09,1.78,99.28,94.55
37.37,2737.26,37.41,30.69,180.08,4773.95,3.63,98.97,89.69
56.81,2596.68,102.07,215.37,260.99,6100.86,5.23,99.17,97.26
78.29,2603.07,108.2,178.83,377.17,5450.51,0.12,98.89,109.99
73.51,2446.32,157.11,144.29,140.0,4744.01,1.09,99.55,81.57
55.69,2140.07,85.37,311.84,101.14,4459.95,1.85,99.04,112.33
47.75,1925.23,59.93,180.63,90.98,5266.47,0.82,99.66,141.78
73.95,2895.23,59.48,204.68,222.91,4250.92,0.76,98.94,113.08
68.49,1786.4,177.47,263.67,81.85,5127.15,2.96,99.98,164.65
42.63,2306.99,82.87,80.81,146.41,4910.84,3.05,99.21,38.9
39.1,1485.19,92.4,198.19,154.32,2388.9,2.61,98.35,71.68
13.55,1586.49,151.72,263.4,320.08,4047.28,4.58,98.6,109.55
58.08,1882.69,85.05,192.69,287.36,4534.88,1.37,98.39,104.7
53.35,1485.24,34.75,95.73,41.7,8347.49,3.1,98.43,79.55
77.72,2606.5,40.91,161.4,322.63,4711.96,0.02,98.28,119.51
62.18,1104.38,117.16,215.12,70.55,5491.83,8.75,98.44,103.33
81.68,2117.46,144.87,31.45,194.43,8872.38,5.03,99.2,142.05
41.05,2140.76,109.89,91.79,104.89,2157.39,3.68,99.72,52.6
77.76,780.44,141.52,357.88,145.05,2238.08,1.77,98.25,97.23
44.42,1739.28,39.36,238.77,91.76,3599.01,1.57,98.64,77.21
70.55,2226.99,42.73,318.68,330.8,4400.48,0.33,99.76,129.29
25.82,2348.11,232.7,269.31,167.39,4582.2,0.11,99.09,116.85
59.7,1904.98,181.64,231.52,200.3,4080.43,0.59,98.0,75.74
15.31,2521.82,158.45,175.27,83.5,2779.4,0.33,99.23,135.03
49.66,1971.48,87.01,230.5,52.64,6753.18,1.65,99.45,94.12
63.81,2057.56,108.1,316.0,140.03,4182.76,0.81,99.42,45.27
44.58,2224.16,119.92,266.04,226.93,7131.8,0.98,100.0,84.84
33.99,2696.9,185.72,213.34,169.07,3169.34,0.05,98.67,187.73
71.92,1575.0,140.14,186.21,267.71,8527.44,1.59,99.97,87.41
52.93,1707.22,146.3,239.87,191.18,2001.61,2.14,99.18,104.47
45.21,1579.77,111.62,157.44,180.58,4973.92,0.81,99.53,106.52
55.84,1815.46,159.63,239.88,228.16,3202.93,0.28,98.74,93.27
100.0,3046.36,135.12,144.16,189.03,5064.01,2.43,98.73,156.29
78.07,2448.91,122.2,171.69,264.96,3236.88,0.28,98.32,124.32
78.25,1256.24,82.85,117.78,229.97,1138.37,3.39,98.17,121.11
63.71,1627.69,114.32,164.82,261.99,3594.76,1.58,99.67,84.24
58.33,2308.94,66.02,145.3,244.48,7872.99,0.54,98.82,122.81
7.08,1413.44,117.99,335.35,302.42,3199.96,4.58,100.0,82.68
41.42,1540.26,124.45,128.44,254.6,5915.2,0.31,98.87,112.09
45.39,2989.47,1.0,230.79,337.28,5010.25,1.84,99.67,177.58
17.5,1618.64,108.48,124.25,131.29,4181.58,1.92,99.24,157.47
31.85,2716.27,61.21,203.75,255.13,8678.04,0.08,97.92,90.33
15.38,2926.73,144.93,223.19,55.74,4433.86,1.88,98.26,103.95
54.23,1534.58,151.86,51.91,265.24,5304.99,2.37,98.14,51.08
71.38,1425.03,98.68,88.18,185.08,5154.19,4.82,100.0,85.29
77.14,1854.71,147.45,123.63,264.31,7835.0,2.47,100.0,6.04
63.3,1285.96,149.55,95.74,331.16,2302.54,1.32,100.0,131.55
35.73,2132.72,108.51,206.73,252.1,9039.51,3.84,97.65,65.06
16.36,1904.04,196.71,219.41,142.85,7735.01,0.87,98.24,91.15
19.86,2300.41,83.75,114.95,82.08,5715.8,3.87,99.62,76.87
29.62,3025.86,193.57,209.94,228.24,6112.68,3.72,98.66,136.2
37.22,2620.24,108.74,166.07,154.27,4589.48,1.85,99.69,149.76
51.81,2390.47,77.83,192.04,239.72,5270.15,0.85,98.89,151.46
34.72,671.77,102.42,149.73,134.39,5755.98,1.79,98.82,43.92
61.78,2358.36,65.03,239.01,96.35,3364.51,4.73,97.93,121.17
50.35,3253.84,159.23,330.79,158.24,7734.92,2.02,98.8,60.13
55.21,128.0,39.86,261.95,225.09,5403.42,3.67,99.46,100.95
77.81,2530.57,189.48,311.47,191.0,5254.89,0.85,98.51,133.53
31.4,1936.45,73.21,87.77,106.82,3439.95,0.69,99.25,84.56
63.37,1453.14,161.83,145.94,342.05,7105.54,0.59,98.47,103.83
54.72,2608.79,121.21,245.22,167.51,4917.3,1.35,98.66,70.25
48.33,3244.79,133.54,320.66,5.0,4054.69,1.13,98.71,138.67
72.71,2590.66,90.5,252.04,263.91,3045.16,3.85,99.53,86.33
72.58,1788.17,137.64,117.9,179.0,4709.25,0.24,99.8,73.63
36.07,1387.57,126.75,165.23,164.65,2894.52,1.62,100.0,108.61
51.36,2149.24,47.1,226.67,162.86,5622.5,1.03,99.75,131.81
60.62,2659.22,71.87,186.83,163.37,6393.88,5.55,99.45,39.2
49.54,1777.06,92.95,136.1,330.21,4292.55,3.11,100.0,113.31
66.7,1844.73,82.25,176.78,221.81,5424.99,1.14,99.39,75.07
60.62,4023.4,182.64,198.85,203.43,7196.23,2.05,99.63,121.68
91.65,2803.06,120.35,113.21,156.35,4688.89,2.74,99.87,74.28
24.39,2853.09,81.07,278.76,335.56,4810.25,0.15,99.32,60.47
52.55,1025.8,95.46,164.83,255.86,5009.92,2.24,99.15,66.6
36.83,1552.97,94.78,194.19,269.01,4206.94,0.3,99.08,101.62
67.08,2100.28,105.6,282.8,205.04,4367.02,0.42,98.8,116.42
22.66,1347.2,66.23,190.0,269.99,3616.24,1.24,98.85,70.01
61.93,3168.28,79.3,278.43,215.39,5773.07,7.77,99.94,97.2
42.4,3035.22,158.33,117.66,146.58,4871.19,6.08,98.43,69.2
40.32,1674.52,129.27,234.64,213.25,6077.89,4.65,99.3,80.03
26.07,3296.74,112.38,267.15,368.74,6839.17,0.07,99.18,75.26
45.7,2045.02,120.13,133.61,198.34,3108.8,3.83,98.2,66.69
76.69,3860.57,117.72,185.73,294.32,3493.86,2.99,99.79,46.21
54.5,2149.28,109.54,187.39,287.22,6245.39,1.38,98.26,92.04
67.55,2451.33,145.86,216.77,230.66,4542.14,0.79,98.68,140.31
88.29,3027.93,142.16,237.98,329.11,5145.28,2.82,99.14,98.4
60.28,2942.34,41.41,127.1,5.0,5150.43,0.23,100.0,83.08
43.82,2405.51,113.42,195.2,14.73,3293.57,2.1,99.56,127.23
64.35,1949.2,44.71,327.31,335.5,5910.88,2.23,99.42,75.31
44.11,2407.89,151.78,284.31,121.73,5448.06,1.61,100.0,102.72
44.91,1476.67,158.38,263.51,190.06,3184.74,4.2,99.02,32.77
24.6,2154.49,89.46,184.58,337.55,4702.68,0.8,100.0,94.83
73.53,1271.48,114.16,370.31,197.97,4803.76,1.3,99.55,81.68
47.28,801.38,14.43,282.39,332.06,6345.6,2.84,99.29,20.5
58.64,2083.3,168.64,202.99,145.06,7111.63,2.52,97.94,77.08
34.28,2931.59,155.48,217.63,235.43,4984.95,1.65,99.88,1.03
63.72,2696.06,177.5,163.29,185.23,1974.74,0.64,99.58,71.39
39.76,1990.66,194.33,231.47,314.16,6307.01,0.7,99.04,114.75
52.17,3270.89,58.79,247.45,156.45,8956.53,2.7,98.85,58.71
72.56,1649.66,164.4,256.21,93.21,6292.23,0.01,100.0,66.58
70.82,705.52,193.97,185.55,137.91,4508.94,2.12,98.64,34.2
54.56,520.53,45.27,82.1,141.91,5721.87,0.57,99.44,106.54
19.64,1221.17,111.44,219.34,121.76,6440.46,2.24,99.22,77.29
100.0,2619.64,101.83,256.54,118.01,5203.41,0.41,99.68,93.38
89.92,1603.64,162.77,121.72,280.95,7366.88,0.94,97.85,140.96
69.45,2370.67,1.0,192.73,306.7,2961.8,2.8,99.67,55.0
39.94,3200.4,210.8,307.32,215.27,4272.75,2.81,100.0,145.58
52.73,1277.93,114.37,103.72,121.74,5826.42,0.47,97.87,84.79
44.13,2382.95,165.8,177.3,127.44,6256.98,0.94,98.54,137.05
80.28,2425.27,116.99,318.97,5.0,4015.15,1.4,99.6,90.5
60.25,1445.48,144.61,212.62,214.17,4185.15,1.77,99.11,29.62
39.32,2995.95,3.93,157.92,118.55,3800.16,2.71,99.68,45.34
45.58,1846.61,100.76,199.44,312.4,3659.7,0.05,99.72,84.57
77.42,1779.37,162.39,266.07,55.97,5934.22,0.25,99.36,28.47
87.0,3526.13,134.44,183.72,126.69,4932.49,0.34,100.0,116.19
85.57,2413.94,38.16,247.81,171.4,7335.07,0.42,99.73,127.8
70.14,2695.7,123.07,218.8,221.87,3031.46,0.06,98.27,35.67
49.95,2996.43,79.06,225.37,342.27,4717.05,5.06,99.69,83.61
1.0,1592.67,74.73,252.92,56.66,6324.5,0.35,99.18,91.28
60.94,2922.87,43.97,176.41,152.83,5619.68,0.15,99.58,122.55
54.96,1696.67,150.94,124.44,51.46,3023.22,1.28,100.0,111.4
57.8,1666.76,175.65,237.95,251.1,7073.85,5.67,100.0,78.45
56.08,1857.6,226.01,189.41,121.78,5172.58,6.67,99.26,38.42
28.47,1612.55,46.3,164.15,170.7,8450.69,2.26,99.79,95.06
66.15,2623.51,158.37,242.11,164.5,4762.21,0.39,98.44,89.82
67.64,2235.05,161.66,302.19,190.47,7084.41,0.01,98.88,62.19
68.65,1704.14,90.97,187.63,165.94,4354.93,0.82,98.81,179.71
73.93,2520.15,74.12,200.68,92.55,4575.02,0.27,99.92,101.92
67.08,1855.37,65.71,105.46,187.64,5889.25,2.81,100.0,69.0
46.8,1818.35,93.63,182.18,108.51,1936.0,6.95,100.0,72.6
53.58,2082.08,130.13,217.7,253.31,1365.71,0.17,99.8,128.29
56.82,2372.42,188.01,198.36,185.17,3781.4,1.01,99.99,142.56
57.15,2320.89,175.27,171.03,86.42,2660.79,4.66,97.99,119.68
74.96,1793.73,39.23,258.07,396.62,939.9,2.61,97.95,135.66
67.87,2640.98,80.56,204.64,329.3,6336.55,4.08,98.59,45.47
96.55,1892.32,184.98,407.1,399.91,3576.01,5.13,98.32,93.18
99.13,1589.51,83.45,216.62,149.14,4381.38,1.06,99.56,48.97
56.59,1020.38,117.15,1.0,104.83,5250.54,2.37,100.0,127.15
1.0,2736.22,34.74,111.04,252.58,5908.14,2.47,99.21,130.89
79.74,2056.67,177.65,242.57,279.72,5509.22,1.99,98.74,55.41
44.19,2195.61,24.36,148.54,197.71,5363.76,0.79,99.41,71.02
38.97,2780.06,37.86,153.5,5.0,5845.04,3.57,98.7,56.46
47.03,1713.82,172.54,100.86,91.7,4100.5,2.93,98.82,104.02
46.07,1085.92,216.0,161.86,218.03,3717.15,1.18,99.06,90.97
67.25,2096.85,105.47,215.51,120.58,829.4,1.09,99.47,96.53
23.81,2263.57,117.66,230.87,57.15,6148.96,0.02,98.03,81.93
33.45,1864.01,165.41,118.41,156.81,3765.98,3.71,97.78,168.31
61.86,3079.62,134.47,264.43,5.0,8570.32,0.67,98.6,133.39
67.46,307.68,101.34,104.69,125.7,6328.14,1.27,99.57,89.25
67.83,2832.04,95.73,235.04,141.66,6710.15,1.06,98.31,33.8
39.26,2601.81,41.66,226.96,207.94,6270.33,2.27,100.0,27.2
35.43,2367.74,131.65,125.25,229.29,5955.24,0.99,99.8,30.28
44.87,128.0,115.4,115.73,213.99,5856.78,0.4,99.67,112.53
59.8,2946.72,98.11,230.58,260.75,6024.33,4.06,99.8,88.44
84.71,1329.5,69.91,155.21,164.88,5314.94,0.41,99.5,144.28
14.05,1692.62,74.97,184.76,49.0,3890.4,0.06,99.55,123.67
50.59,1928.59,150.92,254.99,183.98,2878.37,0.44,100.0,5.81
28.35,2333.19,164.08,238.33,101.2,5761.1,1.21,99.9,62.15
21.96,2495.6,103.64,126.72,57.88,7324.75,1.1,99.41,27.87
74.34,2672.99,98.38,195.71,232.11,4774.27,3.18,100.0,78.92
65.89,2619.1,77.32,125.22,52.84,5272.55,0.43,99.25,107.42
63.99,2225.05,166.84,269.6,241.22,2628.4,2.99,98.88,98.01
73.42,2339.15,121.55,322.92,63.71,4182.84,0.2,98.16,94.29
45.41,1284.47,138.4,132.39,153.85,2788.07,1.28,98.69,48.06
46.35,1522.28,137.92,197.51,129.24,2913.09,4.01,100.0,187.42
98.71,2674.82,104.61,273.4,282.32,5177.72,1.07,99.18,101.1
50.07,2634.05,61.73,201.94,233.49,4896.35,6.61,99.54,157.88
69.7,2554.66,70.19,244.92,105.82,6417.78,1.99,99.26,127.68
55.13,1687.91,176.39,204.13,165.82,6379.17,2.83,98.36,119.38
18.03,2685.34,83.72,115.46,299.65,3426.85,1.43,99.0,119.42
14.11,1235.13,99.48,209.51,314.37,1515.94,1.12,98.62,72.79
43.42,2802.15,63.28,290.18,56.81,3292.76,0.18,98.9,71.4
76.12,1865.39,59.2,225.14,298.46,3720.95,0.26,98.58,90.99
70.77,3226.92,81.54,329.89,291.57,5993.68,1.7,99.54,88.49
73.28,982.99,204.42,58.28,196.08,6102.35,1.9,99.77,1.0
35.26,3282.38,152.9,230.32,171.83,4916.18,8.37,99.22,94.37
87.32,1794.97,93.66,148.16,130.46,6332.26,3.9,97.81,117.84
35.7,1782.36,174.14,129.95,67.19,9612.08,3.72,98.25,42.9
59.26,2184.39,112.39,306.75,210.5,4786.76,0.68,99.65,52.22
54.79,1560.04,187.72,179.6,164.69,4580.34,1.06,98.67,97.6
51.52,1997.37,230.59,171.88,219.14,3486.85,0.22,98.67,111.44
81.77,1531.66,171.41,227.49,221.29,5573.83,1.74,99.25,88.31
40.9,1557.26,124.73,27.8,406.61,7047.31,0.14,98.65,108.82
28.01,2388.82,154.97,308.39,287.7,4102.44,1.18,97.71,100.32
55.4,1416.9,120.75,352.35,229.22,4295.98,1.67,98.55,79.61
47.0,1510.26,28.2,273.21,5.0,4061.17,0.52,98.92,93.58
100.0,1087.05,87.27,232.96,215.31,2928.57,2.99,98.81,93.75
68.53,1695.25,72.42,182.67,322.4,5241.57,2.25,99.69,95.9
46.81,2966.12,86.16,113.98,141.57,5305.91,0.32,99.26,89.04
33.88,1455.85,209.68,295.53,377.16,4925.58,8.23,99.21,108.64
17.39,1535.86,176.11,273.31,228.95,8310.27,1.56,100.0,132.91
34.5,2183.75,142.04,236.01,206.51,5720.3,0.05,98.11,112.39
57.3,1788.44,160.62,226.69,90.83,2990.48,0.86,100.0,2.65
83.55,3607.71,25.39,224.05,315.33,6138.17,7.76,100.0,39.53
77.43,1934.23,156.41,157.93,105.24,4388.97,4.65,99.12,118.68
59.58,2282.65,166.98,400.09,129.21,4408.01,0.33,98.93,62.41
48.54,2708.64,8.01,177.15,10.7,4687.73,3.86,100.0,141.96
60.38,2695.2,158.26,165.86,260.65,4486.47,1.93,99.02,35.88
44.63,2211.3,48.8,289.65,232.89,5485.88,0.04,99.45,128.0
89.37,1935.21,21.5,197.66,180.92,8807.74,2.83,99.39,60.02
51.22,3464.82,186.32,198.48,246.62,4336.96,1.06,99.54,139.91
53.27,1978.17,69.65,313.17,238.14,5160.29,1.01,98.43,65.45
10.68,1738.82,84.2,254.29,147.1,5421.76,0.97,99.51,56.32
51.09,1595.91,169.48,258.35,109.36,4077.2,1.82,98.58,98.22
71.73,839.24,104.74,86.58,25.63,4277.4,2.51,98.78,36.31
33.65,2623.13,110.99,232.04,164.01,6788.31,2.09,99.85,57.08
39.99,404.35,109.9,119.55,62.27,4081.49,0.55,98.85,129.73
70.85,2043.99,137.38,163.6,194.64,3401.52,2.45,98.75,153.07
25.47,1904.6,108.68,214.05,165.56,8209.27,0.29,99.34,85.92
76.16,3615.98,125.71,197.1,143.82,2830.58,7.1,100.0,75.18
44.36,765.84,94.82,252.34,274.19,6590.07,1.28,100.0,34.06
47.23,1417.23,137.59,261.66,91.23,4637.46,0.19,100.0,120.38
32.52,1952.73,135.69,267.65,13.68,2812.55,1.72,99.99,77.32
62.56,1909.73,214.89,92.46,159.71,4321.8,1.72,99.18,46.58
100.0,1663.32,100.94,389.01,113.41,4593.85,0.08,100.0,106.11
70.63,1991.31,110.79,198.03,190.94,2065.77,0.02,99.34,42.24
37.71,1166.31,131.94,297.03,97.78,5770.13,11.09,99.18,101.09
77.71,2298.04,168.22,1.0,217.85,5588.87,0.99,99.47,79.32
48.67,422.96,65.42,178.77,92.44,4372.99,0.56,99.39,102.68
82.49,2029.96,125.18,83.15,91.47,5852.17,1.59,98.28,36.88
71.13,1627.75,1.0,131.09,235.48,5367.38,0.02,98.71,102.93
1.0,2759.4,106.42,204.04,175.82,7328.61,0.03,99.47,23.92
34.92,3276.72,173.64,173.22,73.16,3059.66,0.24,98.65,105.85
73.89,1816.26,83.69,305.12,94.34,4473.31,3.24,99.65,91.42
58.03,3021.51,128.84,341.52,146.45,6802.0,0.57,99.23,20.06
34.52,1826.72,93.55,122.65,77.13,5974.4,1.4,99.86,94.46
42.33,1371.71,77.03,160.98,154.09,857.15,0.51,99.11,122.94
16.88,3270.13,168.57,117.51,157.25,1995.39,1.57,99.54,77.24
53.23,2412.54,67.74,292.47,97.46,5001.37,1.42,97.93,42.96
99.21,2051.11,134.65,212.72,238.5,7951.67,1.02,98.07,77.83
71.1,2529.02,135.42,202.59,88.17,4222.88,1.14,98.64,4.33
98.81,2239.95,77.41,225.0,292.11,6168.09,2.12,99.42,107.65
72.65,1999.55,127.78,175.11,160.34,5148.68,3.69,98.65,125.08
75.55,1119.5,73.25,131.48,120.63,6042.01,0.77,99.71,76.23
94.48,1858.62,146.09,204.08,228.54,6927.32,1.52,99.47,84.67
62.55,2484.28,54.25,178.64,183.1,6699.55,3.85,98.88,139.52
51.26,1962.06,103.02,227.76,248.39,6636.24,0.37,99.36,156.53
75.65,2679.63,107.36,69.44,5.0,3893.1,7.78,98.89,124.23
84.08,2316.56,175.65,214.91,226.52,4727.79,2.78,99.42,54.43
45.4,1433.3,127.0,144.86,133.27,5933.32,0.91,98.84,144.47
40.57,1124.58,167.75,212.1,183.38,5868.39,0.94,99.48,119.68
57.78,1937.98,147.73,272.41,172.06,6070.49,0.46,100.0,104.51
71.63,1681.04,147.42,155.5,301.2,1816.26,0.62,98.33,107.41
70.96,2283.43,103.4,295.74,12.56,7154.72,1.77,98.71,137.7
26.52,1545.3,171.05,60.74,325.27,1934.04,0.01,98.74,20.59
93.23,1617.23,102.19,323.51,243.58,3648.39,0.05,99.42,88.93
42.18,2785.15,33.51,299.08,193.69,5351.57,8.61,99.79,49.46
49.7,2151.74,109.26,129.07,50.98,4947.06,0.54,97.98,111.42
36.95,1556.09,142.67,129.74,29.51,7553.7,3.54,99.07,62.33
100.0,2060.35,39.67,80.4,129.51,2892.59,1.9,99.22,218.45
59.84,3013.24,75.74,273.71,237.16,4344.63,1.18,99.82,125.09
37.98,2253.65,58.47,173.57,179.46,1455.29,2.63,98.57,48.41
72.28,2463.07,159.34,167.7,232.04,5236.88,0.1,99.71,133.34
70.38,1521.44,203.64,110.17,48.3,4625.44,2.82,99.41,78.63
51.25,2766.49,109.52,344.96,184.0,2768.0,3.89,100.0,98.68
71.81,3670.67,146.58,122.18,278.58,7356.53,0.66,100.0,89.32
38.49,1493.97,145.28,201.93,310.67,6943.99,0.72,99.76,21.93
45.14,1220.67,197.69,217.28,67.14,5129.76,0.22,99.02,70.83
14.8,2170.88,87.37,168.11,148.33,7049.28,3.87,99.54,49.91
28.52,2660.85,109.01,151.93,149.33,4833.62,3.3,99.61,1.0
91.15,1984.03,102.96,170.46,123.63,6284.75,1.11,99.57,73.78
87.83,1310.76,123.77,245.23,261.7,6553.58,0.95,99.49,84.55
56.32,1971.99,245.22,172.24,438.43,3076.51,1.12,99.57,36.21
88.26,2466.66,121.54,330.04,79.77,5778.43,1.09,99.93,138.14
51.8,1763.08,77.26,137.84,218.23,5303.1,1.12,100.0,109.88
50.13,2473.08,62.28,260.33,206.6,3156.63,0.32,97.93,99.1
56.13,2863.3,182.63,59.49,208.53,2700.56,0.03,100.0,115.58
52.5,2216.16,77.04,137.85,299.97,5896.22,2.87,99.3,116.85
50.7,2028.44,153.18,134.7,213.6,4492.55,0.84,98.65,105.69
77.87,2628.54,86.02,111.69,5.0,2363.19,1.35,98.25,156.79
58.0,1448.73,56.67,222.68,50.69,6043.06,0.73,99.41,11.2
69.25,1379.7,150.26,191.19,83.98,6682.7,0.96,99.23,116.29
75.63,1861.4,88.46,17.69,112.63,2892.09,0.16,98.44,80.04
62.76,1703.68,141.27,359.64,167.44,4997.22,0.92,99.18,151.0
35.59,1485.66,144.96,214.08,160.68,7733.17,1.24,99.93,109.73
27.94,3329.33,147.31,200.09,15.89,3359.48,3.58,100.0,90.45
57.98,3568.4,106.59,304.81,35.22,8072.92,0.78,99.29,152.67
51.57,1800.41,154.31,279.11,5.0,4417.14,0.19,99.29,87.68
56.75,2112.2,73.87,176.15,40.14,4873.68,2.85,99.64,111.76
54.68,1916.51,1.0,43.8,269.2,2489.61,0.94,100.0,69.81
100.0,2823.25,155.34,245.15,155.66,2555.31,4.94,99.33,100.27
28.4,2961.95,128.28,122.97,94.26,3819.27,6.39,99.45,177.61
15.2,803.92,89.5,299.14,7.42,6594.19,4.11,98.92,129.41
61.65,2381.21,46.44,137.91,88.85,9213.05,0.51,99.09,112.05
47.47,1133.23,18.17,163.85,234.65,9690.66,0.59,98.75,40.05
61.32,3278.79,122.59,92.55,222.81,4778.15,3.16,98.48,189.31
66.68,2356.17,202.44,99.02,157.28,4358.43,1.18,98.36,46.16
80.68,1471.66,113.07,191.27,155.97,3228.36,0.71,98.6,97.85
24.86,1879.08,101.93,183.82,20.59,7006.45,0.7,98.55,113.46
43.87,1845.72,118.78,161.93,110.15,3693.11,1.72,99.41,120.26
63.58,2415.58,228.96,364.24,230.0,4573.05,4.51,99.51,66.76
70.41,2777.34,157.6,248.29,119.27,5894.52,1.93,98.91,121.82
98.87,1244.25,73.32,200.82,326.11,5812.41,1.94,98.61,45.9
74.11,3335.13,121.41,1.0,288.5,3901.09,2.75,100.0,161.32
53.86,3171.98,136.62,266.06,139.16,4828.75,2.86,98.89,43.63
37.19,1435.27,67.18,439.56,156.12,3949.1,4.8,98.78,74.25
43.71,2098.96,157.96,184.96,380.08,3501.54,0.35,98.1,117.85
43.15,3245.57,79.11,135.16,256.25,3154.62,8.35,99.56,88.17
68.1,2911.04,44.45,213.07,186.32,2351.16,0.8,100.0,155.64
60.14,1812.28,123.81,85.49,196.71,5651.45,0.66,99.07,145.34
28.53,2618.04,115.89,236.96,193.4,4566.82,1.43,98.96,114.75
46.28,4146.04,119.95,320.02,178.47,2956.05,0.61,99.39,66.24
72.55,2121.61,81.77,146.33,83.61,2789.8,0.53,99.42,89.98
62.03,1605.15,88.74,148.91,143.79,2761.62,6.81,97.45,36.58
66.37,2168.69,176.42,193.62,50.76,3898.13,0.22,99.65,61.33
62.66,2220.59,142.05,159.9,245.23,7026.21,9.2,100.0,85.27
87.53,1680.82,72.16,79.01,168.08,3773.69,1.95,99.24,130.17
59.72,2357.14,22.47,169.18,249.79,6003.75,6.37,99.12,111.99
47.28,1169.92,74.28,153.04,65.3,7808.98,4.55,99.76,84.21
36.68,1582.13,127.86,309.32,307.99,5303.26,2.09,99.67,64.65
59.99,2578.77,88.4,292.43,296.79,3623.28,1.78,99.32,125.58
6.19,819.59,84.52,311.79,38.3,4838.91,9.82,99.74,71.89
51.31,2680.22,90.54,264.14,134.47,4921.98,1.45,99.77,122.22
50.88,639.61,116.36,216.46,144.24,8109.73,0.39,98.38,115.7
27.71,836.07,159.23,130.05,50.59,1881.7,9.91,98.4,137.68
36.43,1698.71,119.98,306.09,156.61,7008.11,0.78,98.3,60.77
71.19,2248.8,123.1,227.82,230.23,1862.52,0.18,98.14,77.26
59.61,2975.68,108.76,100.16,137.75,6460.99,2.52,99.77,94.91
57.04,2088.34,95.03,126.89,25.84,4263.23,1.18,99.77,82.68
61.13,1875.41,164.71,98.9,249.52,8286.55,0.98,99.51,68.05
56.85,2453.71,157.12,35.84,108.75,6212.66,2.0,100.0,67.7
79.86,1438.37,222.26,231.08,118.24,6032.28,0.11,98.98,43.81
57.47,2145.59,150.53,100.97,331.32,3304.76,2.4,98.72,64.1
25.84,1208.39,95.08,139.52,215.7,8249.52,1.4,99.29,122.95
87.6,2105.81,74.77,203.11,107.18,10067.12,1.35,100.0,130.66
62.41,1957.11,167.65,184.97,72.98,8620.61,4.61,98.79,106.78
43.21,1485.01,79.25,142.92,266.93,3194.41,3.56,100.0,85.18
29.93,2163.53,160.49,321.51,260.73,4658.23,1.52,99.15,90.74
62.92,2158.98,82.0,77.87,134.39,2860.6,1.73,99.56,151.41
52.66,2870.82,137.46,81.33,66.69,3902.86,3.29,99.31,129.19
86.48,924.06,67.01,236.63,214.7,5510.34,1.06,98.92,1.0
48.08,1994.77,158.99,149.91,233.45,6313.35,2.22,99.84,60.92
38.25,1515.82,58.32,146.78,146.45,5959.55,1.56,96.77,74.23
72.92,2656.83,133.65,113.68,80.72,1902.57,1.38,98.96,156.25
73.51,2575.74,110.11,227.06,182.23,4934.56,8.36,99.76,120.3
58.37,2403.52,125.09,218.05,221.56,5931.63,0.04,98.18,37.43
68.53,1555.32,100.21,209.53,136.16,6707.58,1.07,98.71,122.79
54.25,2667.83,99.04,153.36,203.57,5770.7,5.32,98.85,209.9
59.68,976.91,127.74,139.92,212.49,5879.58,5.27,98.97,127.95
78.3,833.28,69.89,186.95,283.09,4571.36,2.75,98.78,60.23
67.51,1154.89,69.6,277.32,142.14,5489.36,1.79,98.49,155.07
51.61,2024.57,102.07,325.45,77.47,9652.29,2.35,99.15,108.4
82.05,2520.62,100.13,288.91,173.94,7172.47,0.58,99.76,68.06
7.7,128.0,69.73,240.46,331.88,5656.53,1.34,99.47,96.95
96.04,2973.92,166.21,278.57,21.32,6311.7,1.54,99.92,85.32
20.88,2139.78,103.28,105.45,5.0,5136.55,0.13,99.06,66.97
42.46,950.56,108.67,142.9,170.28,5127.78,4.02,100.0,46.3
54.18,2118.66,53.62,241.95,145.87,6710.78,1.22,98.31,70.93
52.07,2812.77,223.58,190.55,161.25,3921.89,4.58,100.0,92.99
75.13,2467.61,241.35,227.0,157.9,4766.97,0.99,99.96,126.81
33.84,2817.35,80.98,278.36,270.5,2533.82,1.05,98.1,43.96
60.22,1091.63,181.3,265.92,176.18,6397.27,0.56,99.53,39.82
43.44,1758.2,115.41,112.72,253.76,6925.29,2.07,99.11,99.2
60.9,1400.72,200.19,200.95,5.0,6085.55,1.59,99.13,81.83
53.7,3250.31,136.81,126.33,132.39,4578.29,4.88,99.25,79.25
56.86,2495.55,124.99,137.81,106.62,4920.51,1.12,98.77,58.23
44.0,4040.91,1.0,63.13,5.0,5264.43,2.09,99.86,60.18
44.8,1720.67,76.07,210.69,189.31,6970.82,2.46,99.2,50.1
60.75,1540.73,121.03,57.22,170.97,6865.6,0.77,98.41,23.34
73.87,1948.02,129.93,231.53,137.97,2417.52,4.25,99.17,108.49
43.03,3012.85,59.26,308.68,168.66,3419.18,0.96,98.87,114.78
37.62,1791.72,83.56,242.43,189.31,5782.01,2.03,99.63,161.54
67.27,2135.11,147.67,204.15,271.18,2590.72,1.91,98.28,118.59
54.35,2115.68,50.84,322.76,237.83,6653.55,1.09,100.0,93.59
71.61,2075.65,126.69,226.2,209.57,4504.35,0.41,99.28,113.96
36.88,1591.32,181.9,130.98,387.65,6272.93,1.8,98.33,80.06
19.41,1951.9,139.27,210.01,116.27,5061.58,0.94,99.06,60.9
44.34,1921.93,136.77,356.78,57.61,4822.25,0.95,98.86,120.92
39.67,2042.7,18.99,112.59,285.67,3043.3,1.36,98.64,107.56
53.42,2708.46,78.9,89.59,348.02,4014.59,2.26,99.5,43.93
42.26,3280.44,222.71,249.19,122.83,4792.47,2.62,100.0,93.48
69.82,1459.7,90.04,182.08,304.0,4732.75,1.11,100.0,61.72
49.24,1773.6,183.22,157.44,131.99,6303.63,0.26,99.34,131.81
58.01,1470.49,89.46,99.27,232.63,3843.08,3.14,98.65,77.91
58.15,2178.97,106.11,43.99,237.62,4946.7,2.21,99.4,163.31
58.9,1671.16,145.78,83.49,123.21,7708.04,3.23,99.72,142.17
54.52,2215.86,125.03,329.19,346.21,6478.8,0.76,99.34,51.35
65.21,2820.54,139.08,199.29,356.54,5188.74,4.8,99.72,68.33
39.09,279.92,79.08,43.01,88.09,2375.5,0.61,99.51,121.88
82.99,2392.25,63.19,294.73,198.09,2527.35,0.68,99.4,97.23
50.27,1725.87,75.71,298.79,262.31,6147.29,1.54,98.35,83.8
28.77,2370.3,93.38,298.34,10.57,6331.65,11.86,99.11,97.22
58.76,1420.47,108.54,166.2,182.36,1498.93,0.45,100.0,90.01
37.98,2885.38,171.86,178.5,31.21,6259.62,3.65,99.54,135.29
68.31,2687.3,124.37,211.01,240.07,3988.19,0.0,100.0,83.6
99.19,2445.85,144.23,312.08,187.74,4270.34,0.54,100.0,113.75
39.27,2603.26,127.08,155.61,146.36,6600.02,0.85,98.37,113.56
61.65,1526.07,64.23,139.65,38.98,6318.25,2.09,100.0,144.74
19.89,1614.26,120.86,255.65,126.13,4822.31,0.24,99.88,92.18
64.08,2574.71,126.54,296.74,226.73,6238.79,0.28,100.0,101.27
37.29,1510.59,158.0,195.78,176.31,4345.67,0.32,98.73,109.96
42.5,3059.94,66.57,253.64,287.33,3578.33,2.17,99.71,69.04
32.97,1821.49,17.98,209.0,281.5,7267.9,0.24,98.64,88.67
69.64,2399.33,128.81,179.9,277.68,7386.39,1.02,99.3,58.66
75.15,3517.47,137.69,133.66,131.6,3841.59,0.34,99.44,122.49
55.47,1553.64,111.03,107.69,206.55,4039.22,0.96,99.03,157.67
37.71,2096.13,121.4,150.82,93.13,6604.38,2.5,100.0,18.64
86.79,2785.93,163.94,121.92,66.61,3751.75,0.65,98.84,134.92
39.99,2713.89,97.06,222.68,286.37,6441.46,1.92,97.79,93.24
11.76,1818.53,106.07,297.4,73.21,3155.99,0.57,99.03,145.5
64.17,1686.29,123.95,216.32,63.54,4484.05,2.68,100.0,105.41
32.9,1884.8,59.01,126.34,189.47,6761.46,3.0,100.0,133.84
74.77,3061.5,112.41,268.43,155.64,3255.69,0.74,100.0,90.81
47.38,1852.63,116.81,223.75,163.42,3941.73,0.05,99.95,96.92
67.07,2102.68,201.85,239.59,387.51,5677.25,0.28,98.93,133.53
83.03,1749.25,105.09,158.45,90.5,1763.26,1.35,100.0,193.12
30.82,2541.88,130.0,290.67,224.55,5131.14,0.96,99.68,73.9
43.68,2156.87,165.93,290.26,187.8,7090.23,0.85,99.71,99.62
53.49,1345.6,78.13,185.27,270.84,6556.64,1.73,99.64,66.02
85.75,1369.82,188.79,257.48,109.28,4910.67,0.35,98.39,85.44
41.83,648.98,208.19,288.12,159.8,5037.13,1.22,99.47,74.47
43.11,1466.08,118.56,162.77,190.27,7685.26,0.45,98.18,55.1
64.56,2603.76,93.03,193.5,50.96,7467.04,7.93,99.78,115.31
43.46,2974.63,201.36,206.38,17.5,4829.74,0.1,99.44,103.14
58.05,2527.89,159.78,112.17,178.13,3866.66,0.03,98.76,59.21
23.97,2436.24,124.1,235.33,300.39,6543.13,1.66,99.99,48.41
99.29,1959.43,191.34,281.8,148.3,7035.01,0.13,98.95,129.71
28.05,2590.44,186.05,188.49,160.64,7481.72,3.33,98.97,75.22
48.56,2248.39,103.19,227.19,283.56,6050.49,3.43,99.57,184.72
54.35,3311.11,132.44,311.89,166.61,4358.99,1.13,99.19,91.62
93.25,1979.09,148.84,167.59,249.92,1994.14,3.64,99.36,96.75
28.5,2988.11,121.44,228.82,419.98,8488.88,2.7,99.92,85.93
94.67,2659.88,50.46,154.42,128.06,7885.1,0.29,98.68,38.59
70.14,2562.81,73.09,152.23,164.07,3619.42,3.93,98.62,38.49
63.34,639.96,52.09,227.35,215.66,5343.24,4.15,99.04,150.49
35.31,2698.43,144.65,219.31,314.25,4602.6,0.78,99.16,148.51
66.42,1958.74,60.78,244.41,169.64,5119.2,2.98,99.65,55.63
40.53,1737.25,129.62,206.09,245.63,4279.33,4.55,100.0,114.92
80.33,1009.96,211.6,237.21,211.31,6244.74,2.74,99.17,148.3
35.58,2044.09,191.39,333.24,173.5,2958.69,0.2,99.23,41.98
52.74,2071.49,28.13,284.79,142.16,4291.05,0.2,98.74,94.55
43.89,1135.9,56.06,227.07,125.17,6572.33,8.08,98.66,74.0
35.25,1016.7,81.17,240.39,455.9,1447.66,1.56,99.67,101.6
69.83,2388.63,61.55,176.09,41.31,5555.36,2.07,99.23,144.31
65.71,2658.19,37.31,187.26,49.83,4013.98,4.87,100.0,110.92
79.18,2181.2,119.46,239.4,202.03,7907.64,0.01,100.0,118.59
19.4,2853.58,155.26,207.01,198.29,5592.38,1.11,99.81,6.25
76.28,1987.53,167.7,263.44,218.37,3583.33,1.67,98.18,123.0
100.0,2009.95,96.28,301.37,101.29,7613.66,0.0,99.68,93.56
45.97,1406.08,106.4,191.86,87.62,5039.2,1.96,98.55,181.37
92.9,955.83,137.78,39.26,154.31,5236.26,3.81,97.88,118.97
49.74,3346.26,114.58,362.74,261.69,6597.12,0.11,99.35,81.93
27.55,2839.91,160.53,147.8,88.4,3909.6,3.26,100.0,170.47
48.89,1073.24,141.52,215.61,193.6,7605.12,7.59,99.7,92.13
75.96,2157.03,101.18,258.2,133.9,6038.72,5.06,98.58,106.02
38.24,1977.97,27.17,312.72,42.8,3845.72,1.54,100.0,39.68
42.99,1856.21,194.95,344.48,64.67,4221.61,3.94,99.77,69.76
66.87,1761.69,85.7,170.89,261.93,2738.5,2.94,98.61,66.25
55.06,2314.89,137.88,295.18,125.66,5553.9,3.4,97.77,87.7
66.69,2620.72,24.17,215.84,291.94,4680.0,1.02,99.06,46.24
59.76,2329.67,119.43,419.46,176.65,5562.87,1.29,97.83,26.17
64.59,1963.64,125.01,288.04,56.9,1936.93,0.55,98.48,99.26
46.35,1937.94,127.43,185.8,222.95,4056.96,0.11,98.01,36.28
59.63,2703.77,270.69,136.55,107.88,3232.2,1.82,98.67,124.11
36.45,2372.41,88.44,1.0,146.08,5887.38,0.74,98.83,173.82
80.77,2098.88,161.03,253.97,281.95,3916.74,1.4,98.59,104.09
42.31,2022.87,146.16,280.68,63.93,5846.61,6.58,100.0,105.52
77.58,2289.69,86.07,259.64,139.53,4040.47,0.13,99.07,6.17
50.33,1720.16,160.28,11.73,82.48,7926.97,4.13,100.0,119.98
59.04,2623.08,111.78,99.36,72.87,5092.88,0.18,99.6,91.99
45.1,1294.9,163.76,238.47,137.41,6648.52,2.12,99.06,114.16
34.68,1759.98,218.05,342.84,102.82,4795.94,0.84,98.87,48.17
20.1,2475.77,127.54,195.56,155.35,6661.15,0.21,100.0,84.29
33.89,1254.98,105.94,287.32,237.5,3608.6,2.83,98.47,144.24
48.52,946.89,172.58,117.25,112.42,4924.44,2.4,98.76,64.51
59.24,2092.15,189.83,216.57,47.86,4162.92,2.04,98.75,82.04
75.21,860.48,75.84,178.03,237.73,8363.52,6.7,99.25,131.09
46.08,1138.84,97.35,295.01,111.82,2860.5,0.05,98.56,122.85
37.36,2577.62,153.77,156.81,344.5,8726.45,1.14,99.86,137.27
26.15,1904.65,113.4,334.16,143.19,2526.27,1.65,99.95,66.43
64.6,2947.84,72.28,175.38,167.76,6324.8,0.89,98.7,88.76
82.66,1204.63,147.03,114.41,5.0,3880.68,2.21,99.57,59.08
80.33,1982.23,153.57,117.1,75.44,5458.76,4.59,98.61,56.65
69.2,2327.71,103.28,150.21,5.0,4692.47,2.39,99.33,56.87
67.77,1228.64,123.07,229.65,206.47,3505.16,1.69,100.0,93.38
88.95,2770.23,91.17,151.2,172.64,5145.9,2.68,99.27,158.48
61.64,2405.48,65.24,134.36,236.71,4249.21,0.23,99.13,145.77
67.92,921.5,95.15,271.18,252.67,6028.48,1.99,100.0,116.59
48.58,2021.58,123.7,1.0,266.53,3190.13,1.05,99.45,58.52
27.76,2318.17,46.25,165.61,159.75,5850.45,0.77,98.61,54.2
41.32,1634.96,98.8,93.26,187.69,6555.41,1.41,98.56,83.44
54.82,1012.09,124.39,130.52,232.1,4805.16,3.27,100.0,111.36
56.22,2242.92,179.73,219.5,108.47,2618.93,1.06,98.68,117.32
93.53,3595.87,104.37,183.58,95.58,8118.16,2.42,98.71,104.59
56.63,1777.11,57.7,176.35,318.61,5840.58,1.78,99.22,91.28
78.58,3146.47,109.52,295.16,17.45,3702.07,4.96,99.71,103.56
46.3,1521.4,91.67,198.91,225.0,5888.94,1.18,98.33,72.97
48.77,2198.88,147.61,344.48,210.71,1983.8,3.43,99.01,37.31
28.42,2588.07,103.1,256.98,78.9,7117.46,3.69,98.26,83.42
40.15,2042.11,1.0,122.66,119.89,8824.08,1.25,99.09,102.32
65.54,1839.59,304.58,354.73,147.88,6483.36,1.34,99.78,89.89
55.15,2556.29,127.12,222.25,199.5,3194.49,0.81,99.02,34.02
73.86,3372.02,124.46,349.74,211.65,1419.67,1.37,100.0,86.5
58.63,2258.41,42.93,178.71,177.22,7455.24,0.57,98.61,70.47
47.95,1686.76,46.77,221.78,196.96,4734.55,3.91,99.35,148.45
97.97,1915.17,115.4,234.57,239.35,4295.43,0.58,100.0,117.47
53.12,3811.8,136.81,186.55,235.19,7096.97,0.6,99.91,1.0
78.26,2142.43,155.11,301.75,318.09,3937.32,4.52,100.0,97.02
46.98,1631.91,131.87,354.61,273.88,6372.18,1.52,99.43,49.53
69.19,1246.45,60.7,16.53,181.6,5042.7,0.22,98.57,36.89
73.56,769.87,1.0,265.19,237.66,5444.52,0.85,99.26,3.41
59.17,2302.51,114.99,128.44,218.14,7932.68,2.44,98.61,130.07
7.91,2506.25,93.3,1.0,194.8,4119.95,1.04,99.28,135.53
55.37,1770.31,56.87,241.36,101.83,3955.44,1.1,100.0,35.01
79.61,2037.52,161.4,241.54,194.6,4635.98,1.38,99.69,139.76
65.55,1228.68,41.22,254.41,5.0,2834.8,0.5,99.13,179.11
63.92,2141.05,150.85,229.68,276.51,6685.56,1.1,98.72,86.74
20.55,2385.05,49.49,270.0,211.53,6446.37,0.49,99.43,58.87
40.59,1673.39,126.7,151.76,165.67,4983.16,0.86,99.57,92.09
63.23,3231.32,166.7,221.07,142.14,3336.6,1.52,98.32,141.75
63.21,1462.03,103.1,255.85,238.91,100.0,2.37,98.49,147.64
79.29,2246.43,204.5,308.24,345.38,3499.38,2.01,99.0,93.59
52.1,2641.82,215.89,203.51,213.76,4583.98,1.71,98.27,58.24
63.12,1993.9,131.86,182.9,351.2,1581.55,1.81,97.93,104.72
55.33,1916.07,147.07,195.58,250.59,9490.1,1.43,98.48,91.1
35.26,1047.79,173.04,104.51,107.51,5747.93,1.91,99.47,99.77
9.88,2998.14,147.22,261.57,223.9,5979.96,0.94,99.27,79.53
63.62,1929.07,141.86,83.41,215.11,4730.0,4.59,98.89,102.67
58.48,2424.16,93.8,231.28,107.46,6327.57,1.79,98.54,20.44
42.64,2518.9,35.63,206.77,143.3,4458.42,5.52,99.46,109.36
22.62,1608.19,50.5,75.92,141.52,4708.45,1.04,99.42,140.46
67.59,1909.73,239.12,80.48,189.02,7528.97,1.0,100.0,87.39
49.68,2982.14,136.12,131.7,154.8,6976.4,6.71,97.44,100.03
66.14,1265.96,107.72,172.48,204.18,4980.29,2.61,97.98,30.77
92.28,3537.54,183.17,318.44,218.76,8640.45,1.46,99.86,115.81
12.17,1526.59,82.53,191.14,294.09,4852.36,2.54,99.53,132.08
41.01,1222.34,149.16,243.72,229.42,4089.58,1.01,99.85,160.64
50.81,2140.62,123.86,301.33,116.83,5228.52,2.84,98.58,1.0
84.1,3593.84,143.0,285.85,370.0,5541.58,0.47,98.93,116.14
22.27,710.32,103.18,199.44,117.41,2853.67,6.03,98.31,25.41
93.72,1949.29,71.77,143.56,145.12,5877.47,1.24,97.57,110.65
57.72,2381.39,78.86,239.91,233.77,8806.42,0.2,99.3,72.83
53.08,2071.55,80.81,145.15,440.58,6710.12,3.73,100.0,115.02
51.04,2315.35,119.85,345.18,216.14,6195.32,4.5,99.08,112.24
46.27,1545.38,42.19,269.42,122.26,5864.72,2.62,98.7,98.32
75.96,1628.19,57.63,216.7,32.46,3203.87,1.99,98.42,76.74
33.63,1944.1,126.78,241.01,26.48,3206.38,5.27,99.98,101.48
61.91,1257.08,113.62,214.26,180.99,5293.6,1.95,99.26,132.54
47.32,2016.72,129.51,170.53,229.03,4229.24,3.13,99.28,105.7
39.76,1775.88,117.75,239.89,52.22,2396.03,1.27,98.19,126.62
100.0,1718.97,245.95,180.57,199.98,4368.93,2.6,98.56,39.45
63.38,2272.35,126.34,354.94,61.78,5811.23,13.78,99.71,97.57
67.27,773.54,101.05,144.58,96.8,6044.54,0.96,98.83,75.63
77.76,1887.64,125.06,240.7,236.86,3501.03,2.55,98.74,126.1
26.57,3670.15,171.0,137.38,112.71,4917.35,0.32,100.0,116.24
90.05,1287.72,117.52,136.55,297.91,5746.58,2.02,99.25,74.45
4.82,2947.85,154.24,57.11,127.41,2717.13,0.78,99.08,101.15
39.62,2086.26,139.8,232.92,279.85,3609.62,4.03,99.1,89.38
45.82,1625.93,105.48,157.4,383.87,4976.26,0.89,98.73,110.69
66.63,1123.55,125.54,286.67,112.89,3363.42,1.18,99.15,108.94
59.37,2145.78,199.95,233.06,401.94,4409.71,7.86,100.0,97.74
51.66,3065.38,132.15,211.86,181.21,9492.41,0.49,99.49,41.48
54.76,1775.55,70.7,87.16,123.07,2287.0,1.66,98.08,154.4
35.44,1991.33,104.02,246.79,153.36,7564.38,3.99,98.89,137.22
25.06,2755.26,14.29,147.03,143.69,5615.0,0.76,99.27,98.58
69.53,2286.61,126.87,85.37,306.16,2796.77,0.03,98.15,115.75
68.87,947.41,185.6,234.44,298.61,6221.46,4.53,98.87,119.05
86.69,2117.22,52.93,99.34,297.54,5077.22,1.93,98.53,67.38
39.2,3106.56,127.49,32.71,63.05,7169.61,0.52,98.92,144.68
68.86,2022.14,169.27,303.77,197.04,6188.89,0.65,99.25,13.72
49.33,128.96,174.56,155.14,40.53,5353.38,3.21,99.69,26.83
78.81,2319.75,183.99,60.44,271.0,4448.4,2.05,98.39,66.41
75.44,1909.08,26.59,122.99,136.47,7104.05,2.64,99.14,108.43
59.22,767.63,145.25,142.32,225.28,4294.33,1.72,98.97,100.33
48.21,872.55,44.72,291.54,134.83,2479.67,3.12,99.05,97.91
74.22,2730.58,70.08,66.96,21.97,1587.43,3.44,98.63,92.14
67.94,1535.33,161.06,92.89,259.66,2775.2,0.98,99.17,82.17
41.31,1412.75,127.9,278.43,266.62,6445.34,4.62,99.55,43.99
28.44,2023.05,156.32,164.02,192.54,4346.2,1.41,98.23,39.93
49.23,1597.06,73.54,218.24,5.0,3610.39,0.35,100.0,43.63
85.31,2118.03,193.68,160.73,247.53,4219.57,0.49,99.86,51.28
77.93,1906.1,154.42,361.65,113.62,6493.0,2.65,98.1,38.41
32.75,1208.0,164.46,96.82,226.49,6139.98,0.95,100.0,37.56
31.64,1690.16,65.99,222.57,135.85,5291.61,0.61,100.0,84.05
80.49,2357.93,178.57,320.24,145.08,3920.37,1.86,98.85,137.23
32.29,2077.34,104.19,170.0,224.79,4297.01,3.05,99.34,112.61
65.19,1990.64,89.44,139.7,106.12,4761.81,0.23,99.26,57.95
42.68,3404.17,151.27,261.37,165.0,3389.65,1.19,98.24,67.4
87.34,2559.73,149.16,280.33,225.86,4801.07,2.95,99.92,170.88
39.59,2644.71,77.66,136.01,374.98,3295.8,4.68,97.88,75.04
77.87,1931.82,222.82,316.98,173.3,5658.45,0.03,99.4,51.52
58.7,2202.1,210.72,204.1,255.55,5860.7,2.13,100.0,83.47
60.04,1746.23,150.25,240.7,74.54,7010.98,1.82,98.02,72.23
15.59,2592.28,141.52,319.06,332.52,5468.86,1.46,98.99,60.74
10.94,1970.72,136.49,261.5,107.28,5411.77,0.35,100.0,96.39
50.59,2203.66,42.5,199.98,168.1,3495.69,2.71,99.48,145.67
59.94,2160.43,125.64,146.27,226.01,4914.47,1.0,99.78,42.19
32.5,2035.28,124.98,416.68,109.81,3159.46,0.53,98.72,110.53
33.23,4104.73,91.2,136.88,277.28,1932.28,3.79,98.54,134.52
66.23,1581.37,104.53,225.45,120.44,4522.72,0.73,99.06,113.02
66.26,1575.0,1.0,240.8,254.76,4093.22,0.44,99.39,136.39
52.25,2533.87,65.14,244.58,276.09,6100.57,0.75,99.62,116.5
70.6,1631.38,166.09,370.24,232.06,3268.91,0.4,99.51,67.1
31.52,1844.02,206.56,203.81,243.76,10064.27,3.0,99.89,166.84
47.88,1287.51,72.83,192.39,407.78,4136.13,0.4,99.28,115.8
87.96,2392.09,129.14,324.18,217.49,4873.42,2.52,98.47,186.38
56.37,2400.98,174.92,189.13,189.89,3979.66,0.35,98.25,20.54
57.53,1827.37,93.99,270.08,210.26,6400.08,0.51,99.73,190.61
100.0,2548.37,153.81,215.55,294.42,4615.17,0.84,99.9,129.54
27.01,747.31,118.31,273.68,389.63,3237.31,5.99,100.0,113.82
70.93,1553.2,179.52,258.04,165.02,1699.74,4.9,100.0,58.12
88.28,1929.01,55.88,167.75,97.89,6033.05,0.18,99.88,124.65
48.5,1227.4,64.77,52.48,284.63,6169.66,0.82,99.46,142.92
72.19,823.9,133.98,66.09,57.32,5616.9,0.85,98.91,24.71
35.36,1832.47,124.81,52.77,203.2,4612.56,0.48,98.59,117.8
41.27,2533.81,117.18,192.7,207.42,4425.42,1.14,99.25,69.15
62.7,2945.48,148.79,11.79,170.34,6399.52,2.76,99.13,118.11
70.97,1664.9,73.47,187.2,175.63,4818.11,0.21,100.0,53.79
77.42,2561.25,51.53,210.7,31.28,7024.15,2.23,99.61,145.85
86.39,2493.58,94.99,268.5,101.85,4821.71,0.6,99.04,91.8
53.65,2901.03,100.59,240.35,264.34,4756.41,2.06,98.58,124.99
78.87,1802.87,105.81,272.15,5.0,5667.54,2.29,99.57,133.66
48.15,789.05,183.45,233.11,172.26,7505.13,2.6,99.3,106.96
73.04,2097.13,158.52,174.12,151.87,7118.13,3.96,98.88,60.25
59.15,1338.34,146.66,191.52,5.0,4913.17,4.6,98.72,120.32
63.91,1541.55,131.1,131.87,332.31,4327.28,2.85,99.58,91.17
63.47,1837.15,98.29,218.25,87.28,2825.03,1.31,98.91,102.6
22.91,1810.75,77.3,73.26,229.4,6245.74,0.09,98.97,80.4
32.52,2147.09,60.14,285.28,137.8,1789.16,5.53,98.86,23.41
57.05,2540.21,85.27,123.47,103.96,8069.39,1.84,100.0,97.34
21.25,1790.59,117.85,212.31,158.76,6517.64,1.53,99.31,71.07
71.62,2324.99,62.25,225.72,147.93,3657.27,0.55,98.62,107.0
72.43,2058.37,128.48,293.02,163.19,7215.61,2.31,97.4,93.57
61.54,2702.85,110.28,65.51,109.17,5986.73,10.49,98.05,73.94
32.58,1915.99,100.14,173.96,88.74,5841.84,0.8,98.99,180.34
82.6,1992.75,178.08,243.99,270.4,4519.53,3.21,100.0,82.5
95.74,1785.92,1.0,340.09,180.62,5994.78,0.69,100.0,98.2
57.94,1934.43,100.81,196.89,174.57,2449.8,1.34,99.03,170.14
65.21,1499.56,2.38,152.45,99.77,5113.14,0.48,99.45,54.66
59.03,1430.18,131.93,362.16,321.7,3776.22,1.44,99.08,128.6
65.61,2591.04,158.11,264.2,172.13,4481.5,1.23,99.52,65.11
52.61,1289.76,52.44,309.89,9.39,3759.95,0.08,99.03,85.76
54.31,1824.62,58.85,103.24,204.82,3852.14,0.96,98.81,110.85
73.11,2758.74,35.09,241.69,111.22,7319.2,0.13,98.74,140.86
100.0,1801.11,123.18,113.33,261.98,2420.84,1.2,99.7,54.1
27.0,2628.12,102.96,95.6,273.46,5735.59,7.84,100.0,105.24
52.92,1634.27,106.07,246.55,263.06,2964.76,0.69,98.89,65.29
31.39,1312.19,101.6,252.15,138.47,7378.71,1.45,99.71,120.8
86.84,931.62,71.32,161.44,169.84,5770.04,0.28,99.31,133.78
43.25,2966.91,176.59,314.56,202.37,2471.56,0.33,98.93,121.72
26.14,1252.19,133.62,170.48,260.34,5602.4,0.88,99.67,62.8
67.76,2571.03,60.77,178.4,86.6,3747.44,1.35,100.0,50.89
89.89,1348.04,84.97,197.12,188.41,5408.38,2.42,98.62,88.12
68.27,2970.17,76.4,180.56,348.11,2608.83,1.22,98.97,45.9
59.1,3592.75,190.3,302.18,131.81,7215.73,0.05,100.0,115.56
63.18,867.43,155.56,116.66,177.65,1404.66,0.63,99.17,151.53
83.3,1288.67,113.68,139.65,415.21,3546.37,0.05,98.64,63.51
37.52,2589.19,205.36,104.69,158.29,3052.44,5.0,99.32,115.92
52.76,2407.13,192.6,350.68,41.51,5682.66,0.06,99.21,63.3
45.95,2591.85,108.46,174.04,174.84,4113.47,0.1,99.94,145.25
31.64,1646.37,99.47,138.52,330.56,4668.08,0.71,99.17,135.47
48.43,3439.27,101.88,177.02,275.1,3845.24,2.0,99.19,91.8
77.15,2130.63,72.36,267.92,91.83,2536.8,0.89,99.16,125.61
66.33,1196.13,206.7,253.1,217.39,4588.62,0.13,99.32,128.49
67.89,1870.8,69.68,153.99,164.17,2654.79,3.62,100.0,47.31
57.93,1205.5,163.42,168.03,253.08,1702.33,2.41,99.71,114.8
65.47,3161.66,154.53,83.56,124.61,6126.66,1.01,98.47,70.11
38.99,1585.77,104.76,211.1,224.51,2769.68,2.26,99.4,99.96
48.81,2392.74,210.5,302.59,351.92,7622.8,0.64,99.44,81.23
58.84,1718.53,42.05,153.46,5.0,7551.8,1.5,99.46,96.15
60.55,1617.23,116.02,250.87,233.36,6594.25,4.25,98.16,131.82
61.4,710.82,95.55,153.43,298.72,2955.58,0.23,99.3,49.26
52.23,2466.72,168.03,112.35,39.93,8818.89,3.75,98.8,25.04
47.45,2957.43,137.68,254.42,115.15,765.6,3.11,98.15,77.1
100.0,1406.82,33.64,387.81,144.57,3410.6,5.96,100.0,139.22
73.14,966.34,181.97,243.47,114.22,6499.79,1.44,99.0,59.06
63.26,2610.32,144.27,166.89,107.48,6358.45,0.64,99.01,74.37
50.34,895.63,68.23,172.05,146.27,3694.75,0.87,99.82,141.68
45.98,2901.67,102.52,352.73,256.65,3585.83,2.04,99.92,150.38
52.38,1414.92,55.01,224.56,313.89,4612.3,0.3,99.03,122.7
60.86,1275.7,111.46,138.73,297.24,4843.44,0.87,99.22,111.32
17.39,2221.92,127.51,195.02,269.44,4155.0,2.59,98.49,135.04
23.61,1321.3,103.27,217.21,344.89,7984.39,1.71,98.54,78.39
42.26,1553.02,97.48,237.54,362.82,3769.46,0.13,100.0,122.7
59.14,2295.79,39.36,320.96,194.95,7639.64,1.37,99.23,63.1
50.21,347.62,136.86,302.07,308.79,5730.68,1.49,99.88,159.73
84.56,3197.69,23.78,215.86,218.15,6834.54,2.41,99.08,136.73
25.35,2078.55,121.55,196.68,160.54,2309.16,0.02,99.49,121.34
39.97,1142.92,30.04,231.68,175.52,6850.38,1.12,97.98,81.32
85.4,1335.93,122.53,151.34,271.13,6786.69,4.35,99.8,122.74
57.62,2742.15,119.69,278.4,311.9,3801.14,0.05,99.18,94.26
72.7,2468.74,140.17,183.72,232.24,6526.29,2.23,98.87,72.75
96.02,3018.75,163.11,239.27,144.36,2336.16,0.51,99.64,118.4
41.12,1570.08,172.38,337.06,135.95,4145.67,0.98,99.9,18.91
53.01,2255.61,39.5,244.22,13.2,7100.78,4.31,98.92,130.47
49.55,2346.6,117.09,218.46,212.48,4672.45,0.9,98.36,53.8
15.91,2534.69,220.55,158.61,206.36,4524.38,1.58,100.0,124.31
48.79,2837.1,125.96,193.75,85.98,7528.21,0.19,99.05,35.39
72.62,1545.92,78.43,109.12,222.58,1483.72,0.79,97.86,78.45
65.81,1968.08,116.01,242.66,221.07,4680.24,0.31,98.9,113.16
67.38,1620.9,100.82,29.25,46.47,4881.14,1.65,99.51,129.83
47.49,2011.17,61.18,277.47,151.04,3565.87,1.23,99.14,67.36
41.88,2536.9,163.46,258.53,306.81,7473.47,0.61,99.11,57.99
80.39,890.18,149.22,207.85,123.01,3361.88,15.77,98.95,135.88
45.05,2824.56,53.27,157.36,181.59,3384.45,0.33,98.91,171.05
60.88,1250.57,115.34,198.7,194.44,549.95,3.49,98.31,58.6
58.27,1832.84,91.68,58.08,177.63,6999.35,0.07,98.29,1.0
84.23,2918.76,39.92,265.9,241.98,4407.22,3.75,99.45,155.83
74.43,2277.61,49.26,186.89,264.17,4410.39,1.3,100.0,89.11
29.09,2285.67,56.7,321.22,293.81,4616.21,3.52,99.01,58.78
31.25,1221.56,117.08,231.36,151.79,7147.87,2.75,100.0,97.33
66.58,1317.14,97.1,218.51,227.15,7903.15,1.7,99.97,172.79
53.71,2706.88,72.04,232.08,255.58,1881.57,0.93,99.11,121.3
45.9,1635.6,100.41,121.96,169.35,4166.74,2.19,99.65,126.22
75.31,1701.56,157.38,163.92,115.28,2956.7,3.57,99.54,101.47
58.75,2722.77,137.83,210.64,192.92,4597.41,1.4,98.85,114.08
56.05,1313.06,170.09,175.79,125.48,4836.09,1.07,97.69,162.89
70.6,2236.46,108.58,153.88,116.62,1906.36,0.31,99.3,58.9
47.5,2078.04,200.13,177.41,199.81,5663.6,4.53,99.69,125.4
86.37,2046.12,137.4,203.53,163.05,4191.47,0.62,98.81,93.61
39.24,1685.1,95.55,385.5,195.8,6404.88,0.26,100.0,92.48
68.14,1642.1,124.65,173.97,40.39,5054.54,0.14,99.92,49.22
83.68,1293.15,57.6,145.81,164.2,1910.82,2.78,98.17,111.83
27.45,2385.87,104.69,187.78,5.0,6106.35,2.25,99.06,118.29
48.13,1580.3,141.5,320.13,85.91,2587.89,0.26,98.61,87.53
77.84,2726.12,150.58,325.85,172.0,2783.32,1.51,98.94,152.89
78.14,1890.81,99.49,355.93,289.18,4429.79,0.33,99.66,98.33
51.57,1307.08,256.69,204.88,228.32,4486.82,0.97,99.02,10.07
40.31,1881.53,111.39,251.33,188.12,1843.76,3.05,98.8,116.99
74.12,1760.4,36.08,116.0,146.09,4733.96,0.52,99.27,48.49
78.67,2754.37,180.66,171.72,157.45,4839.81,0.06,99.73,152.14
31.71,1789.7,150.36,110.79,297.52,4769.39,0.43,99.72,170.04
30.92,1854.65,131.58,237.86,80.43,1961.66,1.02,99.63,135.29
59.51,3036.08,96.75,203.07,114.7,5259.03,0.55,100.0,94.98
67.59,2403.79,139.67,218.1,276.01,6115.15,2.56,99.14,119.04
49.02,3211.89,200.95,132.3,149.05,2576.13,3.11,98.95,65.09
68.59,2929.33,130.08,268.05,354.52,3064.0,0.55,99.09,119.51
40.8,1426.99,46.5,7.44,242.16,6417.21,0.63,98.63,63.2
12.71,2740.97,1.0,179.84,283.95,7843.96,1.64,98.62,170.18
46.52,3115.71,139.23,191.47,33.69,4700.53,2.79,99.72,55.57
56.26,3120.97,70.7,38.27,275.35,4190.77,6.41,99.78,29.47
49.48,2739.67,115.01,230.73,103.55,5356.8,0.71,97.35,88.41
31.83,2725.27,79.55,186.14,244.42,7441.42,4.84,99.86,118.69
18.69,1836.14,75.95,244.89,147.27,3469.94,0.4,98.91,187.7
44.72,1461.83,81.74,359.99,200.05,4128.75,0.08,98.76,66.06
72.95,1801.45,86.26,225.97,80.44,4081.51,3.15,98.97,97.5
80.12,882.65,158.81,277.81,25.15,2449.94,1.3,98.32,94.97
78.75,2987.96,148.68,310.48,193.55,6535.02,0.16,99.08,52.88
38.68,1849.69,59.6,239.36,153.56,5470.05,0.15,100.0,54.96
31.93,2951.93,66.41,130.73,99.56,1368.91,0.03,98.12,19.56
64.93,1185.95,138.96,68.79,28.62,4979.57,0.73,99.63,156.1
67.7,2805.84,172.63,229.95,5.0,7992.06,2.66,99.88,63.22
63.0,1701.58,171.86,167.98,227.12,5495.74,2.19,99.61,11.57
14.72,1148.94,69.85,302.69,157.04,7887.18,16.02,100.0,79.53
37.66,3186.98,169.47,161.99,125.65,3991.75,1.8,99.89,143.74
54.41,2823.12,31.19,198.86,199.15,6739.13,0.23,99.67,115.62
64.74,2196.25,109.86,107.28,271.3,7366.87,7.68,99.93,115.44
70.35,2071.76,144.35,172.49,204.26,4869.09,2.36,99.89,159.75
57.89,2355.66,16.06,124.57,140.12,4259.95,0.94,98.96,136.68
61.62,2184.24,224.64,131.88,371.92,6979.96,0.57,99.64,1.0
56.7,1493.41,186.33,195.77,122.78,5972.13,0.5,99.01,75.91
68.71,1759.56,152.35,151.45,53.13,6717.21,6.26,98.27,112.38
61.26,3420.5,71.75,410.34,188.98,5743.58,1.09,100.0,102.57
56.31,3918.51,116.59,266.87,157.0,4856.62,1.33,98.81,117.23
49.63,3141.87,159.52,286.77,265.24,4840.26,3.63,99.97,202.34
56.63,2382.76,63.87,191.13,132.63,4361.38,6.64,99.57,56.21
64.69,1811.58,110.98,208.46,165.14,5720.49,0.01,98.57,5.01
60.35,1489.27,165.52,165.63,102.08,4680.81,9.26,98.66,1.0
62.62,1535.4,45.27,409.95,252.69,5456.06,0.16,99.48,131.86
81.85,1660.71,136.62,191.29,192.92,3573.14,3.63,99.48,88.59
60.3,3553.81,32.26,151.7,155.23,3467.05,6.0,98.94,35.44
42.02,3312.4,72.81,139.68,166.5,6051.47,1.65,98.09,85.6
72.67,2570.39,94.77,226.83,178.08,5699.25,1.6,99.76,75.79
27.68,1375.57,145.68,313.68,50.64,4226.08,2.21,97.15,80.86
33.37,2673.14,84.96,286.96,284.64,7478.41,0.87,99.44,18.47
61.72,1880.97,126.28,139.49,279.36,3522.06,0.36,99.99,118.71
65.33,540.89,85.64,137.52,183.66,5787.2,0.14,97.91,123.71
30.1,2248.97,93.47,299.7,174.04,5823.88,4.26,99.31,100.16
47.34,1458.66,182.53,368.11,90.3,5096.27,1.59,98.93,91.95
42.88,1482.36,62.49,188.4,335.46,7279.13,2.37,99.34,102.16
45.27,1872.71,157.96,296.53,313.69,7929.08,0.81,99.88,96.97
73.87,1699.17,119.95,82.71,215.5,2928.58,3.29,98.26,23.98
69.13,2024.02,91.22,132.52,253.8,904.82,0.86,99.04,61.48
54.62,1990.37,59.12,119.23,290.74,4119.47,0.06,99.08,103.56
44.08,734.93,62.69,232.98,272.47,3230.72,0.82,97.84,65.59
28.01,3112.19,83.07,185.68,102.94,4213.22,3.8,99.6,130.35
83.4,1359.64,112.5,219.05,152.0,8275.14,4.17,100.0,40.94
66.84,1381.32,150.18,297.53,222.14,9853.86,5.46,99.67,188.94
40.87,1818.01,104.99,147.75,198.3,3293.28,1.38,99.29,177.95
69.39,1972.17,108.33,207.52,247.78,5403.67,6.27,99.82,83.67
53.6,3069.29,115.8,92.97,237.94,5363.07,1.38,98.78,35.12
49.26,2236.6,143.84,293.1,202.23,5622.36,0.33,98.58,73.55
63.7,2444.53,152.24,287.71,5.0,2533.14,1.39,99.56,143.55
40.17,2240.18,50.65,228.95,285.56,7224.43,4.06,99.36,81.44
48.12,2210.02,105.9,209.59,255.51,6623.5,3.08,99.42,110.76
57.43,2264.81,181.37,159.27,366.23,4135.93,1.14,98.6,97.05
45.01,695.09,54.19,88.36,137.03,7215.37,0.48,98.15,117.88
68.38,1873.06,123.72,224.44,14.14,2404.6,1.74,98.47,115.03
92.38,2861.58,111.46,260.5,163.76,1952.12,5.35,98.6,83.14
39.91,4807.63,91.67,361.55,221.1,5476.72,0.39,97.77,153.13
21.7,1204.98,199.54,168.52,140.22,5776.24,3.51,99.53,115.37
14.97,2344.16,121.84,221.61,303.46,4705.12,0.32,98.3,142.26
51.99,1648.27,195.56,289.15,120.59,6993.23,5.04,98.26,85.21
41.74,3481.36,120.28,291.56,170.92,3816.52,2.36,99.02,88.37
59.16,1100.35,143.01,150.2,157.86,7167.89,0.23,98.57,202.22
57.65,2485.46,91.14,177.67,429.69,6418.57,0.45,98.1,93.51
22.94,1062.95,91.7,157.99,98.45,8353.12,5.23,98.17,145.14
18.7,1825.0,140.47,127.85,232.54,1808.75,1.42,99.57,36.76
60.92,2023.98,141.38,317.73,71.89,4124.59,1.21,98.96,109.31
57.71,2796.78,149.9,205.02,210.87,3368.84,0.12,98.14,78.69
46.48,1293.98,138.83,194.06,94.1,6398.52,0.18,100.0,156.55
21.86,2512.37,53.18,219.82,279.0,7831.46,2.35,98.7,67.97
64.43,2061.14,79.68,204.3,261.73,4330.34,3.0,99.57,77.85
80.44,2238.96,162.5,182.32,204.44,6078.91,4.03,99.12,118.18
60.56,2718.83,22.08,139.08,54.77,7598.51,1.4,99.27,52.95
38.05,1150.21,134.63,325.22,175.21,5587.22,0.8,99.21,100.09
55.89,2615.42,114.41,154.38,152.63,6262.62,1.96,98.23,70.93
27.68,1649.77,162.48,125.56,254.74,1430.15,1.93,100.0,100.61
76.16,2815.11,140.83,193.56,98.78,7818.52,0.07,98.67,91.35
56.64,2282.19,86.8,372.6,283.96,4462.22,5.59,99.78,168.43
19.64,1901.33,84.53,134.27,267.06,9805.55,2.06,98.65,113.51
48.99,1634.98,93.86,256.77,56.3,3468.49,0.01,98.43,42.76
64.27,2624.31,149.0,180.29,160.24,5854.23,6.42,100.0,58.23
48.34,2930.67,4.89,219.58,175.38,6485.99,6.1,100.0,77.51
49.48,1675.0,127.87,273.77,270.54,497.24,5.83,99.52,67.01
30.51,1254.9,75.85,62.42,118.19,8199.32,4.39,99.76,151.78
66.33,2533.95,129.54,128.29,198.68,6337.58,0.41,98.32,72.67
42.03,1034.03,137.22,272.64,278.92,2310.0,7.56,99.66,93.51
11.87,1134.14,36.88,207.8,202.61,5665.54,2.87,99.65,119.05
47.57,1304.11,108.66,216.95,12.84,5655.12,2.05,99.51,206.63
74.62,1757.18,127.78,256.91,135.49,4758.15,5.72,100.0,89.15
47.26,1112.57,124.4,128.83,261.38,3927.1,0.96,97.6,161.45
89.76,690.84,113.89,284.41,250.14,4877.56,5.36,99.07,77.75
63.58,1253.19,58.96,265.58,5.0,6550.4,1.86,100.0,134.05
61.78,2497.73,66.57,219.07,198.07,6477.58,1.73,98.42,61.52
52.43,1157.92,51.1,237.45,265.14,5015.28,2.08,99.65,127.04
53.63,1809.81,147.7,293.2,228.5,5411.57,2.81,98.86,80.12
49.73,3410.69,114.22,152.49,238.82,4771.33,1.18,99.26,131.49
48.95,2013.58,117.41,252.91,365.61,3248.64,7.89,98.46,127.25
65.62,2287.77,34.73,339.55,176.09,4896.88,0.19,100.0,120.06
36.28,1385.77,118.32,251.25,207.43,3677.76,4.9,98.4,112.12
33.48,3562.43,151.68,182.21,95.45,3208.04,2.14,99.11,75.91
32.54,1669.09,27.91,385.46,122.88,645.73,4.81,99.02,123.99
95.91,1888.33,93.23,218.47,150.12,4264.1,0.92,99.95,30.94
65.61,2969.94,41.48,311.89,256.48,6413.85,3.53,99.25,197.14
61.09,1920.79,98.99,166.28,112.72,7201.61,1.91,98.1,120.78
33.85,2081.52,74.95,285.42,291.12,5803.12,3.56,98.75,116.69
67.47,1850.82,139.05,156.29,81.62,2668.08,0.79,97.69,113.89
52.67,1855.62,128.46,225.87,237.56,4721.52,4.99,99.25,65.25
59.28,2307.35,184.58,151.46,229.69,2921.21,5.16,100.0,71.14
35.47,2435.06,117.3,352.09,203.17,8436.94,1.29,99.06,104.63
58.21,1597.73,136.92,182.31,268.62,4302.93,1.02,99.44,75.53
46.52,1511.74,92.11,111.37,113.17,4110.29,1.71,99.97,47.6
39.69,1621.6,64.85,207.61,138.05,6661.12,0.45,98.72,91.78
69.68,1067.12,161.74,242.97,93.3,4929.63,1.37,99.97,109.02
24.25,934.7,182.16,197.87,180.81,6928.95,4.54,100.0,94.52
66.3,2256.02,155.28,134.93,169.21,2978.37,0.91,97.96,137.1
68.69,2705.02,126.56,282.99,257.08,5160.24,2.66,100.0,101.53
37.41,2657.73,71.3,300.73,214.81,5913.1,1.95,98.16,158.42
38.59,380.61,177.08,68.16,242.05,287.79,0.61,98.66,187.26
50.54,1876.45,148.98,129.84,162.26,3771.22,1.52,99.99,89.69
60.64,1276.54,221.24,187.25,216.51,3895.11,3.83,99.43,50.4
51.94,2148.62,62.28,157.53,343.15,5099.42,1.62,98.88,49.26
63.67,1755.52,163.13,242.08,58.9,4441.75,2.39,100.0,93.03
90.26,2462.34,147.46,347.16,14.48,5532.9,2.99,98.97,127.08
44.85,2034.59,102.9,169.53,237.32,4577.94,0.1,99.97,81.08
20.7,720.8,188.19,326.14,103.63,7065.34,0.11,98.99,96.05
71.52,1371.04,140.12,82.53,55.64,8799.28,0.24,99.52,74.2
88.67,2052.05,73.16,236.47,228.05,2298.99,0.36,99.54,82.31
62.86,2111.08,114.08,152.42,89.61,5044.45,3.34,99.26,99.36
33.25,1064.03,72.56,238.19,318.52,6955.41,1.14,98.21,134.03
52.52,972.48,96.57,59.46,194.08,3734.74,0.41,99.39,132.32
32.63,2087.37,155.19,97.17,161.77,5503.72,1.52,98.79,5.57
67.86,1065.43,169.46,238.03,106.06,4316.32,2.88,98.88,122.17
27.97,879.96,131.06,149.6,199.37,3193.83,0.3,99.62,120.93
49.0,1736.4,82.5,174.15,36.82,3169.83,0.84,99.57,91.49
34.91,1706.09,139.08,346.9,5.0,552.31,0.43,98.67,81.51
57.54,1433.12,156.17,211.01,40.13,5298.79,2.08,99.35,119.2
47.67,1555.38,21.39,272.12,282.35,5417.28,0.29,99.21,100.27
58.54,2057.69,125.82,139.26,96.83,3286.69,3.04,98.6,85.84
55.45,1543.89,110.49,92.7,50.89,4496.31,0.47,98.64,181.86
35.27,2097.49,167.69,193.54,172.01,2403.96,0.12,98.65,115.44
67.54,1781.67,139.28,80.76,380.22,5958.56,4.84,99.19,73.74
54.02,2165.36,144.22,144.11,278.27,4278.94,0.81,98.99,124.86
35.23,2662.74,95.9,219.02,107.96,6387.06,1.4,99.35,112.51
99.82,2635.47,120.08,191.1,106.34,4420.18,0.21,98.58,110.2
64.53,2949.75,167.18,226.76,108.36,3222.14,1.31,99.08,129.76
51.93,2634.7,116.76,248.03,98.08,4035.35,0.5,99.13,76.1
83.3,2214.99,128.73,104.34,228.94,7714.58,3.67,99.43,105.55
91.84,1744.6,43.2,124.65,149.76,8772.93,2.5,100.0,61.14
52.09,1776.57,116.57,25.71,79.82,2287.35,2.18,99.95,127.2
61.95,1433.56,19.4,170.36,59.74,6630.29,3.04,99.15,95.7
35.24,2051.17,94.19,258.94,387.09,3005.12,0.7,98.08,62.55
52.06,2536.17,123.18,319.3,246.49,3632.21,1.21,98.84,93.03
51.02,1540.03,158.35,215.24,102.95,5376.16,0.18,99.84,104.38
58.7,2021.95,70.04,309.86,289.11,5880.81,0.14,99.16,131.11
61.66,1573.85,138.68,230.71,76.28,3689.24,0.8,98.32,143.83
66.2,2194.55,193.42,208.6,167.66,6098.27,3.46,99.06,132.35
59.75,1663.43,87.96,151.1,157.81,7131.6,1.82,98.87,116.55
30.79,1530.34,42.65,9.19,196.41,6311.26,1.11,100.0,124.59
36.23,1572.02,134.49,297.86,95.21,3260.79,6.82,98.79,84.46
44.07,2400.33,60.4,195.74,191.56,4199.55,1.17,99.49,51.34
49.36,1980.28,79.05,311.06,22.65,6575.44,1.27,99.68,68.39
76.02,1748.1,166.17,124.03,146.09,7792.5,9.79,98.33,96.93
31.74,2230.98,213.84,394.31,300.17,2712.3,0.28,98.68,86.87
47.85,1757.84,69.97,180.1,272.28,5544.97,0.59,98.9,85.2
74.06,2836.56,83.13,144.62,117.36,6321.74,1.21,99.3,105.87
49.0,1366.29,98.01,182.84,42.67,2486.29,1.69,98.78,134.67
64.21,1917.12,92.61,213.64,5.0,6833.99,0.32,98.24,106.3
52.21,1064.66,216.66,194.41,235.57,8806.74,0.8,98.49,75.62
60.14,1805.19,93.47,158.77,205.06,6194.89,0.5,99.86,46.41
50.43,872.26,100.61,55.72,214.71,6018.24,3.79,100.0,88.77
68.34,2570.42,200.81,135.65,332.15,3647.77,3.6,99.41,13.24
24.1,2584.55,148.83,285.95,193.76,4117.38,0.55,99.96,138.6
47.73,2596.92,169.29,129.62,200.53,3834.98,1.14,99.45,98.89
60.93,2068.21,74.69,62.64,54.24,3408.04,2.11,99.69,165.8
65.67,1432.09,93.49,115.56,326.15,4564.14,0.1,99.72,148.54
84.86,1487.76,68.01,192.91,165.24,5556.55,4.3,99.67,117.03
47.18,3119.12,160.06,139.26,106.48,3456.33,1.43,99.45,74.98
84.59,3052.97,181.26,177.61,198.71,4374.68,0.51,99.3,80.18
41.82,2133.79,90.01,136.12,360.03,5574.09,1.01,98.92,157.34
81.57,1687.06,101.79,280.78,372.17,1189.82,4.64,99.57,114.28
71.35,3006.04,103.98,239.27,92.66,6708.69,0.05,99.42,42.46
36.73,1561.85,42.64,377.44,285.78,5383.48,0.31,98.56,81.67
61.14,2208.19,86.31,169.46,210.22,5408.07,0.43,100.0,151.44
53.98,2994.37,158.66,177.21,268.88,7081.44,0.12,99.89,139.09
67.51,1462.56,76.23,294.68,204.9,6688.66,0.51,99.34,111.3
50.53,2628.46,124.65,231.28,235.34,6093.11,3.4,100.0,149.56
48.86,2412.39,54.6,124.68,298.92,5503.35,1.5,99.71,45.29
82.38,2020.34,112.8,244.51,22.57,4982.41,1.86,98.89,71.27
53.03,1352.6,91.83,231.72,212.43,3954.38,0.34,97.93,90.65
71.53,1540.89,58.92,56.5,74.74,3270.62,0.65,97.91,74.94
50.49,2250.62,159.52,147.9,138.28,5697.18,4.99,100.0,124.99
88.33,1051.66,162.33,215.23,180.09,5709.38,0.47,99.18,127.04
41.43,2139.52,71.52,315.7,89.3,5254.06,4.74,98.94,115.34
42.72,2426.74,109.19,255.84,127.68,2580.8,2.18,98.74,54.2
85.49,2737.65,122.22,154.88,53.94,220.62,1.4,99.24,165.78
46.1,1069.15,29.26,143.34,126.6,5100.07,0.38,99.84,108.56
87.02,2969.37,50.15,263.82,226.07,1698.98,2.24,98.63,31.29
72.84,3234.75,184.31,5.89,257.89,5572.24,4.35,99.27,46.85
51.91,2335.11,66.74,135.39,110.76,8507.56,0.35,100.0,64.63
18.73,1321.37,182.91,312.74,299.5,5596.2,0.01,100.0,161.09
54.61,1818.32,52.73,223.75,231.96,4214.25,2.69,97.64,60.08
57.03,2014.68,152.94,139.31,309.01,3117.5,1.83,97.93,52.6
78.34,2237.32,104.43,103.83,20.63,3961.97,1.4,100.0,138.79
86.77,2063.39,111.46,267.18,208.01,4933.58,1.22,99.83,130.8
41.3,2244.82,212.8,206.22,235.01,6931.25,1.38,99.24,72.66
71.02,1984.48,57.29,182.5,25.33,5252.45,0.94,99.57,115.33
70.31,2233.57,149.74,229.92,397.28,4474.91,0.17,98.98,84.9
76.47,1725.63,147.67,213.17,122.71,6211.51,2.99,98.73,119.79
64.97,1811.27,287.73,207.03,228.95,7656.89,1.26,99.71,82.79
16.15,1644.78,66.14,94.07,263.41,5564.37,3.49,99.13,116.16
51.89,3390.08,88.7,117.89,189.11,5344.21,8.06,99.81,95.94
31.89,3072.73,160.8,259.86,304.72,2012.08,0.38,98.82,71.39
50.95,2436.71,109.99,244.73,359.57,2548.78,3.15,99.7,132.24
74.6,2975.72,96.85,230.57,80.13,2318.33,7.59,99.42,97.81
61.1,2606.92,167.88,153.08,190.45,4655.69,2.58,98.27,134.29
77.96,2174.89,106.67,261.22,262.41,3499.18,0.56,100.0,115.47
61.84,994.1,75.41,170.34,33.03,4107.12,4.54,98.21,93.37
29.03,1864.49,156.31,304.12,275.78,3476.35,3.15,100.0,142.13
4.58,1813.47,138.76,140.25,333.59,3635.28,1.19,99.52,105.27
57.98,1254.85,104.36,157.98,295.55,1662.57,1.7,99.65,113.74
50.72,1007.69,101.98,187.88,219.46,5395.99,2.56,98.85,83.23
35.46,2392.9,74.25,267.78,318.55,6260.28,0.27,98.94,76.66
20.99,2275.15,156.25,197.19,212.17,5125.49,5.23,99.2,102.52
40.31,1230.82,101.99,203.01,61.23,5656.78,8.76,98.3,59.27
51.11,1525.89,81.51,168.67,133.03,5837.14,0.8,99.6,101.19
68.32,2860.86,55.72,221.45,156.99,5765.34,2.51,98.95,103.25
58.77,1433.61,139.61,194.34,174.24,6523.72,1.09,97.72,53.94
87.16,2167.56,94.57,137.26,171.52,7143.28,0.06,100.0,146.61
34.29,1915.16,19.37,210.18,149.56,7841.0,6.37,99.39,153.26
72.62,2402.45,59.84,212.06,199.7,1533.63,0.31,99.43,149.77
55.95,1448.72,108.32,387.98,315.38,5840.91,0.16,98.72,88.21
68.89,2111.06,109.72,151.12,199.27,2821.87,3.63,99.43,102.18
46.27,2166.11,107.82,132.85,236.58,7531.08,0.07,99.72,81.45
76.43,2209.13,100.86,222.32,5.0,5118.9,2.33,98.18,124.74
60.9,2103.35,46.21,120.57,191.34,5497.4,5.32,99.62,88.29
41.41,2289.23,76.27,114.16,277.82,5210.99,1.04,98.46,103.84
54.76,3582.24,179.19,85.05,292.22,5378.68,0.14,98.3,109.84
50.21,3840.91,171.81,138.03,283.06,7965.24,0.49,98.58,51.43
64.78,1600.55,148.9,140.01,207.31,7231.35,5.93,100.0,93.8
31.4,425.23,144.48,97.34,217.25,7888.04,1.25,99.75,131.9
54.41,2464.85,165.24,179.98,119.46,4649.55,1.56,99.19,248.19
62.91,2178.38,63.96,10.72,256.05,1175.49,0.34,100.0,24.48
55.66,2790.73,121.65,239.34,119.93,6345.13,5.0,98.55,69.72
81.94,2247.42,63.99,155.46,241.28,2990.34,1.46,98.48,71.18
70.48,2089.02,64.85,167.22,183.74,4348.31,1.51,98.56,45.41
54.85,2838.23,138.4,246.95,181.34,4888.17,1.72,100.0,173.52
59.33,2936.15,167.34,229.74,270.11,5003.65,2.92,99.81,93.64
60.91,1077.41,110.31,149.61,230.51,6158.79,0.45,98.63,88.55
63.07,1476.38,202.45,236.14,205.43,3337.88,5.71,98.72,120.32
18.49,1974.08,130.59,323.91,135.2,6127.75,0.39,99.4,71.7
48.97,2116.91,81.16,119.03,324.21,4657.51,0.44,98.41,124.55
25.31,1889.81,65.66,260.3,209.97,9683.84,0.02,99.08,72.03
80.57,2351.95,170.91,110.95,247.26,2137.7,0.04,98.5,150.67
53.78,2745.27,126.42,294.03,187.29,5229.49,1.12,99.15,100.62
51.13,3253.9,153.8,143.05,117.56,6106.73,0.4,99.77,150.64
72.94,2453.24,1.0,139.99,211.95,4259.83,0.48,100.0,119.78
63.45,1451.37,132.23,291.94,126.38,3967.14,8.83,98.1,1.71
32.43,1944.84,94.41,257.73,219.4,7384.19,5.3,99.62,46.53
53.58,1995.25,50.31,145.67,5.0,6513.74,0.78,99.67,160.93
48.3,2408.25,116.87,210.19,143.93,3562.19,0.84,99.04,82.62
20.11,2319.72,174.59,143.2,178.71,2330.74,0.69,98.79,24.37
41.19,3483.28,233.31,72.58,94.1,6059.18,4.28,98.78,75.44
51.33,1724.94,132.11,215.14,212.74,5581.0,0.21,97.9,80.97
52.7,2317.33,84.54,171.49,142.0,6027.68,1.75,99.75,146.16
25.36,3696.3,81.52,124.33,179.47,4763.83,0.41,98.66,62.1
78.03,1638.36,168.16,304.38,130.36,6545.79,2.84,98.03,90.83
52.96,2149.6,70.16,127.04,267.47,7880.67,2.0,99.43,139.31
55.75,1386.58,151.12,211.52,229.14,7754.82,0.98,99.42,76.66
63.01,2105.46,134.68,286.39,206.81,3525.95,0.21,99.79,61.53
39.24,1501.85,129.16,179.52,185.58,9499.28,2.92,100.0,110.25
64.13,2780.76,41.59,141.27,407.76,6184.72,0.16,99.23,126.79
47.66,2151.12,102.15,223.82,165.83,2432.3,0.64,98.99,92.69
37.07,1393.22,47.09,236.46,117.28,5787.18,0.59,98.93,120.4
66.47,2636.4,90.59,270.12,74.42,5413.11,1.73,98.99,73.99
84.83,2173.77,165.86,349.7,261.48,4790.14,1.44,98.68,16.42
69.5,2714.97,181.55,163.42,326.81,4633.95,0.66,98.9,130.25
73.46,1244.64,130.7,215.67,103.67,6263.97,1.13,98.7,54.95
44.59,2306.18,91.48,98.46,154.36,6271.02,1.15,98.47,71.02
23.05,2589.34,199.4,253.31,147.65,3943.98,1.7,100.0,104.4
84.8,1751.64,90.82,214.7,168.83,4035.48,4.57,100.0,133.91
96.09,1166.7,63.22,185.7,20.9,3965.0,0.31,97.9,91.88
85.86,2018.87,154.82,150.56,252.61,4685.39,1.63,99.42,75.0
48.28,2907.68,142.89,172.13,287.12,6595.6,0.04,99.15,154.47
31.91,2836.15,92.87,218.91,8.59,7164.58,2.4,99.3,82.84
33.69,1748.1,125.01,122.71,338.21,4614.28,2.05,98.18,84.86
21.33,1149.84,142.11,175.43,325.58,6978.07,2.37,97.91,32.07
52.85,1746.17,130.18,201.33,5.0,5795.05,1.29,99.16,99.67
87.11,1720.07,142.95,76.83,5.0,5239.48,0.41,98.94,152.94
52.17,2360.51,94.71,115.9,168.04,8361.56,1.19,98.82,36.86
61.05,1974.5,146.31,147.2,298.44,5592.41,0.05,99.06,66.65
82.51,1520.72,120.88,325.46,206.08,4756.29,0.96,99.62,93.52
46.92,2820.98,96.41,133.54,181.92,6504.26,3.65,99.82,116.59
95.71,2146.3,107.71,195.54,231.63,2784.47,0.83,98.51,107.09
94.84,2352.79,115.1,116.75,107.27,4605.17,1.79,98.58,96.59
52.38,840.51,47.73,137.89,294.96,5471.18,0.61,99.31,68.56
43.45,351.01,88.17,84.72,170.67,6294.87,0.29,100.0,149.69
68.94,1041.72,123.25,253.62,33.03,5433.91,1.47,99.05,10.63
48.05,1711.62,52.45,93.96,108.41,2679.71,0.07,99.3,140.49
31.87,2451.45,89.0,272.56,213.21,3407.08,4.7,98.25,176.0
80.62,408.43,239.23,237.43,153.93,4224.19,3.0,97.66,124.64
79.33,3163.0,63.54,193.97,144.61,5434.83,12.35,100.0,71.39
58.11,2167.4,100.81,275.2,198.26,2665.54,9.98,99.39,106.54
29.74,3000.21,78.31,448.26,212.28,7536.37,2.61,98.49,48.58
30.41,1427.82,114.16,238.2,69.27,5563.23,3.0,97.7,56.76
57.14,2400.7,79.25,110.4,290.11,5514.3,1.5,100.0,116.6
45.0,2107.64,107.84,319.12,168.2,4688.31,0.49,98.54,118.31
48.18,2620.38,84.07,214.89,217.77,2402.02,3.3,98.54,109.72
75.44,1884.35,172.76,368.89,188.76,5163.46,0.63,98.7,47.24
69.66,2379.25,124.08,159.52,143.09,6346.82,2.1,99.3,189.01
82.56,2819.54,69.85,302.56,262.05,4724.12,2.63,99.65,117.85
35.19,1592.18,162.04,199.99,187.31,6924.48,1.66,98.99,90.3
48.14,2217.57,72.09,412.54,186.6,4887.82,2.17,98.47,98.32
70.18,726.5,41.8,177.47,5.0,6252.85,0.69,100.0,70.61
63.96,2539.75,119.85,440.13,253.8,4800.69,2.86,98.86,60.55
85.65,3416.26,215.36,235.19,164.65,5682.82,5.75,99.21,193.89
63.41,1176.89,28.62,267.76,247.94,6562.63,1.32,98.15,61.07
91.96,1984.03,53.45,336.03,328.05,3055.25,0.26,99.61,68.55
65.8,2664.34,157.63,136.98,254.1,6165.17,1.93,99.96,81.8
76.24,2069.99,87.88,277.53,184.87,6897.76,0.84,98.6,66.55
48.53,2163.57,150.6,176.58,154.22,8942.7,1.09,97.91,95.47
55.29,1774.3,78.13,212.09,407.32,5128.07,0.33,98.93,77.93
73.22,1748.29,127.1,206.64,223.5,1221.43,1.97,100.0,89.89
87.26,1987.31,207.22,245.79,198.87,1794.49,3.1,98.75,82.12
69.58,2077.17,60.27,242.41,163.54,3403.12,2.91,100.0,85.71
53.34,1220.99,171.19,153.98,99.31,7308.36,10.19,98.81,33.46
82.55,2001.78,153.99,209.99,5.0,8954.16,0.48,97.92,82.52
11.16,3145.97,45.54,13.25,316.91,4268.38,4.91,98.84,90.05
26.56,1754.61,147.95,279.21,109.86,5095.85,2.64,97.89,84.08
68.63,1181.92,123.64,335.52,162.87,353.76,2.46,98.7,84.58
55.28,1942.01,124.55,215.25,170.45,6172.46,2.3,99.47,131.79
67.11,1547.77,136.83,71.52,308.98,5241.95,1.55,98.87,74.54
56.29,1111.16,102.48,259.44,111.03,4549.94,0.95,99.97,135.49
66.42,2145.42,123.5,138.9,203.16,3265.58,5.74,98.82,175.49
38.71,1550.8,132.07,214.59,226.09,4365.67,0.33,98.16,69.01
66.41,1610.7,157.3,254.84,55.4,2578.58,0.39,99.3,110.03
74.89,2155.4,43.64,243.72,46.94,3450.63,0.03,99.1,104.69
79.41,974.78,184.54,286.47,115.65,2712.88,2.69,99.18,97.09
95.27,828.9,62.24,211.71,201.93,3169.51,4.49,98.31,30.32
59.88,2517.61,158.08,213.87,190.48,2920.74,0.41,99.39,130.51
60.48,696.42,123.97,258.94,169.28,6038.72,0.07,100.0,79.99
24.54,1364.33,55.94,194.29,238.71,2930.31,0.56,98.28,141.51
44.37,788.11,146.41,144.97,102.89,4905.85,4.3,97.86,94.39
51.14,1707.7,72.73,236.16,164.65,3034.48,0.03,98.12,140.4
76.01,2347.64,173.44,109.69,169.78,3105.07,0.21,99.18,115.53
42.78,2126.64,84.46,193.53,105.32,3034.2,0.05,98.07,125.55
70.93,3722.31,45.25,89.78,387.15,6759.7,5.73,99.43,120.05
54.97,2808.84,196.69,155.61,5.0,4671.42,0.29,99.45,89.48
51.46,1396.19,129.07,158.93,291.66,3655.09,4.61,99.46,80.52
59.98,1210.06,163.36,121.26,252.01,3192.59,1.28,100.0,112.99
47.18,3942.68,77.43,288.04,252.75,2580.2,1.0,97.89,122.93
46.42,2791.8,25.41,281.44,188.63,3706.95,1.11,98.0,94.72
20.9,2460.56,203.76,305.12,300.02,2414.18,1.08,100.0,126.13
50.04,2100.4,119.68,184.97,139.65,4217.68,0.84,99.57,65.46
45.4,2239.47,144.57,165.31,215.32,3725.92,3.33,100.0,105.2
44.68,1010.55,152.83,264.29,186.59,3597.4,1.42,97.77,140.79
63.34,2157.93,103.23,210.27,159.09,7228.81,9.42,98.25,105.16
68.17,2097.86,131.31,209.88,190.97,4560.75,1.46,99.89,90.54
59.64,1415.1,199.7,1.0,94.61,4672.25,3.41,99.08,131.35
74.91,1671.03,118.38,260.52,120.24,7307.56,2.73,100.0,158.08
66.51,3108.62,167.11,249.92,322.23,2554.27,1.03,98.91,118.85
49.1,1960.38,20.44,199.57,439.34,4123.33,3.11,99.05,31.78
45.74,3497.82,176.19,265.27,226.8,2211.38,0.34,100.0,64.27
61.26,829.52,43.9,248.14,255.02,5126.49,0.45,98.47,135.83
66.48,1682.51,170.47,144.27,202.68,6092.86,1.93,99.72,76.01
82.96,964.91,139.53,182.42,220.95,635.18,2.49,98.1,98.52
78.82,1201.4,115.2,119.38,228.94,6547.98,2.06,98.59,74.5
44.17,1468.26,115.02,316.98,273.19,5559.87,1.42,99.72,129.79
52.96,2268.72,107.36,278.17,318.33,5065.67,0.3,98.21,116.2
68.42,2234.78,78.97,134.89,100.4,2764.68,0.93,99.81,69.66
76.36,1572.5,109.7,249.51,434.5,6389.5,1.86,99.05,129.34
73.78,488.54,230.4,222.29,192.44,8029.21,0.51,98.52,131.58
53.72,3082.39,185.12,145.12,192.47,4266.52,2.03,99.13,119.05
29.92,1847.96,76.45,209.95,142.84,4428.59,0.53,98.79,104.72
35.02,1266.6,133.38,268.67,143.18,5040.94,0.21,98.7,243.21
60.45,2240.45,124.8,275.19,235.47,4280.98,0.78,98.85,38.59
61.84,2191.11,112.89,386.56,237.34,4679.3,0.64,98.23,83.64
33.03,1822.13,69.86,207.54,230.87,6851.29,3.33,97.97,95.34
55.89,2151.97,142.29,180.98,139.06,4880.64,1.32,97.71,145.91
67.62,1239.48,162.3,244.97,5.0,5522.09,0.13,99.55,84.7
31.98,2579.94,78.31,185.36,18.4,8659.73,3.38,99.5,141.0
77.1,1350.19,217.78,153.21,181.2,7635.75,0.63,98.64,72.54
47.45,1624.1,196.1,125.94,210.23,3115.97,1.68,99.11,113.96
80.15,2502.16,147.41,1.0,142.23,8139.77,1.56,100.0,130.42
44.33,2890.77,58.41,258.79,117.64,7478.42,7.12,98.76,71.14
34.47,3158.04,140.07,68.96,206.7,7689.9,0.59,99.01,126.71
45.84,2787.06,134.1,129.61,170.31,3874.11,0.31,100.0,153.29
53.1,1821.15,145.66,223.4,137.12,5380.8,0.6,99.47,92.01
47.23,969.28,199.52,174.28,34.6,4295.08,1.72,99.83,56.62
50.68,3031.54,111.2,371.94,104.05,5217.86,0.49,99.7,83.67
61.68,3007.49,222.39,79.26,263.93,8153.2,0.83,99.55,92.5
51.58,1577.62,140.33,379.1,93.36,5252.1,2.15,98.69,134.48
53.68,2692.83,105.48,310.45,239.73,1904.14,0.25,98.52,60.19
20.82,1815.48,239.97,272.73,304.78,4328.4,5.81,99.67,121.78
62.83,3098.89,161.49,315.14,108.8,3821.84,1.52,99.57,118.48
53.22,1687.59,97.26,232.37,139.98,8221.67,1.32,99.36,115.12
87.21,3433.06,124.21,63.74,268.86,3536.39,0.9,99.4,144.39
36.21,2598.28,151.76,241.19,290.95,4267.07,0.56,98.66,106.68
18.83,3306.28,112.46,81.55,121.97,4329.35,1.32,98.38,73.71
67.36,1723.34,126.7,157.73,34.08,7879.29,1.33,98.69,93.6
61.93,2331.52,79.14,193.75,292.94,6728.68,0.12,99.02,97.82
34.83,1369.5,35.74,127.11,232.55,6022.36,3.76,98.78,75.94
24.41,2638.79,125.32,275.68,216.06,5419.21,3.44,100.0,37.61
85.75,2677.33,127.0,182.9,262.4,5387.15,1.19,100.0,100.3
83.28,3725.92,146.36,232.74,73.34,5137.07,0.82,99.8,105.3
5.25,2385.43,91.19,199.25,215.21,8699.54,1.38,100.0,93.52
45.84,2554.87,52.97,210.09,154.33,2719.28,0.5,98.29,97.16
88.28,1718.42,71.73,129.05,234.25,100.0,0.0,99.7,59.29
45.48,2426.97,172.78,106.08,251.91,5797.44,0.87,99.18,1.0
45.19,1782.08,86.67,187.7,267.89,7524.91,0.04,98.88,84.84
49.34,2129.1,97.9,122.71,233.87,5334.0,0.08,99.0,41.59
32.58,2170.16,104.38,311.48,202.56,1435.85,0.06,99.01,109.66
20.9,1801.39,89.04,89.89,205.57,6342.47,4.24,98.93,52.24
76.05,2092.06,85.34,386.96,213.01,3083.21,0.31,98.77,93.25
18.14,1785.29,76.44,224.16,123.81,2689.47,0.59,98.26,83.22
59.95,1782.19,190.03,205.55,146.66,3240.01,1.35,98.1,65.51
72.73,2801.67,154.01,156.78,216.21,2104.42,1.51,99.48,135.1
25.98,2170.79,182.39,252.55,238.54,5366.01,0.26,97.23,49.57
36.51,2290.95,192.47,183.66,121.41,3833.89,4.81,100.0,1.0
79.26,1027.89,2.51,224.04,83.1,2605.11,0.53,98.76,46.22
65.66,2344.42,137.17,267.35,29.22,9283.78,5.72,97.94,156.09
42.65,2419.3,90.69,253.54,66.48,4043.51,0.59,99.57,84.24
79.04,1769.16,175.84,299.19,131.44,5093.1,0.01,99.11,138.41
79.13,3507.52,82.93,243.03,139.8,7797.25,7.14,98.54,94.4
60.38,445.54,67.29,123.9,154.54,6219.49,1.32,98.8,143.13
37.0,2597.06,48.3,33.62,71.55,8435.22,4.22,99.14,62.11
46.73,2546.96,104.87,216.88,16.87,3747.0,2.65,99.96,106.39
60.73,2427.11,165.75,218.04,191.39,6885.37,0.39,97.35,126.86
51.23,2171.35,132.81,354.07,191.43,5882.97,3.73,99.42,44.35
73.78,2433.48,59.87,190.73,235.92,6791.07,0.1,100.0,53.82
24.4,2655.72,227.63,229.96,253.35,6519.87,1.42,98.63,84.98
25.11,1539.88,152.48,262.17,215.31,3610.46,0.59,99.72,114.08
58.62,2257.44,158.87,241.07,190.32,10082.17,0.9,99.67,63.25
45.17,1919.68,184.25,267.52,258.84,930.81,2.83,100.0,140.57
42.46,1282.36,37.99,134.54,308.17,3444.37,2.3,99.36,133.12
19.64,2550.02,74.43,121.89,119.1,6226.03,1.16,99.69,92.49
55.39,1652.95,161.15,177.56,249.32,5523.17,0.09,99.95,112.86
53.94,999.5,79.46,26.07,123.82,5241.04,0.08,99.63,124.21
68.07,1670.62,106.25,196.83,199.71,6288.01,2.42,98.57,129.08
56.38,1488.77,116.11,147.23,276.26,3483.0,5.95,98.69,115.08
52.35,2767.94,56.13,225.78,155.37,6511.85,3.76,99.39,71.7
78.54,2155.24,101.96,178.79,94.31,4767.45,0.26,99.81,29.1
28.75,3015.67,165.73,118.77,138.67,7521.73,0.26,99.44,101.37
65.73,1581.41,156.47,304.87,94.23,4451.68,1.89,98.47,144.9
21.58,2659.92,175.65,206.6,83.32,5842.05,2.14,99.03,148.22
38.23,4035.74,170.49,269.03,288.59,6147.44,1.92,98.23,107.75
30.75,2297.22,140.29,214.68,227.91,6629.32,4.33,99.61,76.76
70.64,2651.15,136.33,237.12,115.24,5067.27,0.53,100.0,131.91
53.69,2533.46,132.67,91.12,91.4,4484.27,0.38,99.57,51.08
54.73,1052.55,88.65,302.25,97.61,3604.98,4.91,97.83,70.33
32.87,2458.07,68.5,270.29,115.22,5875.1,2.56,99.27,37.74
49.01,2262.52,85.52,198.49,283.74,1584.83,2.49,99.19,134.91
39.73,1866.18,103.7,223.04,170.09,5556.04,0.82,98.83,29.55
62.67,1429.17,87.21,280.21,371.85,5689.93,1.98,97.77,111.33
35.18,2533.79,140.69,170.24,176.42,8373.23,2.59,99.53,188.04
81.6,1367.32,130.09,73.35,128.19,3810.82,1.83,99.86,111.06
21.49,3541.55,135.47,171.74,263.5,5337.89,2.67,98.58,56.24
38.87,2127.92,137.57,212.19,29.69,5286.31,1.78,98.57,78.28
88.54,1191.69,179.78,197.4,196.96,3009.11,8.04,98.98,34.62
46.3,1688.2,119.57,305.41,70.9,4990.09,1.35,100.0,59.2
28.7,1853.31,170.42,123.21,5.0,2585.2,0.03,99.0,66.41
59.38,3736.66,145.83,133.34,169.41,6733.34,0.36,98.66,61.67
45.49,1428.79,176.48,115.36,255.13,6063.31,6.66,98.92,100.48
38.28,1966.65,200.73,234.3,199.25,5776.83,1.27,99.61,1.0
33.08,1671.52,148.83,77.92,188.44,3853.47,0.26,97.78,45.29
100.0,2397.48,125.19,259.5,5.0,7553.78,0.34,99.04,117.95
49.97,1682.68,124.87,125.37,166.05,3047.36,0.06,98.96,178.97
16.49,1250.66,96.49,138.15,166.93,5090.04,0.51,99.12,112.23
84.87,1911.29,94.81,341.62,235.91,2895.45,8.63,98.71,61.47
67.22,1838.42,165.11,298.61,84.77,4670.22,0.8,98.27,128.98
39.67,1633.43,71.82,209.54,254.67,7287.9,0.58,99.85,138.75
36.34,1670.83,200.74,95.12,134.16,5850.33,2.2,97.91,64.91
68.47,2877.29,112.41,361.15,153.06,3342.16,2.24,100.0,60.6
50.06,1824.18,263.1,184.29,227.51,4060.27,6.87,99.44,159.51
16.48,1254.11,85.34,219.81,72.95,4316.94,2.62,99.68,51.8
90.74,1724.52,132.51,272.95,254.18,3498.26,0.23,99.24,165.12
46.32,2086.03,102.41,42.97,58.08,5490.66,8.48,100.0,117.49
84.91,1112.61,80.35,148.8,238.97,8930.88,2.77,99.58,146.37
80.57,3186.18,173.19,194.55,158.81,3993.03,0.6,100.0,135.55
34.98,2655.31,64.72,210.46,166.16,8473.67,0.61,99.79,136.85
75.66,3049.12,86.2,95.71,5.0,4993.49,6.44,99.98,49.19
41.97,2322.49,149.32,226.11,126.83,5579.9,0.43,98.7,123.96
17.67,582.41,157.25,202.7,161.08,5469.55,0.52,98.93,145.78
46.51,3122.73,50.41,333.39,319.38,1946.57,0.89,99.21,85.4
62.95,1443.5,149.08,280.02,176.77,5818.45,2.28,99.2,15.48
45.75,1500.47,126.44,178.46,121.23,622.33,1.12,99.6,42.56
48.86,2157.43,74.11,184.31,255.03,5376.6,0.75,98.68,31.92
77.87,3012.76,80.56,281.16,134.54,5293.02,0.62,99.2,79.68
57.13,2785.3,18.33,222.69,272.9,2237.15,0.27,99.64,39.02
38.13,2682.4,205.87,90.31,203.52,5116.59,1.58,97.86,69.88
69.04,1829.72,170.77,367.5,99.04,4472.81,0.64,99.94,175.98
58.95,1818.67,55.54,120.81,264.41,4723.36,0.81,100.0,128.72
4.57,2290.16,159.95,398.32,234.09,4741.57,0.02,98.56,119.7
63.57,1956.95,91.3,234.24,260.61,3939.7,1.52,100.0,140.35
62.84,2670.52,165.74,149.16,163.61,5136.26,2.38,99.36,43.58
55.4,2629.08,95.2,10.64,234.1,6558.19,5.25,98.58,57.28
72.83,2461.94,101.83,262.14,352.84,4569.88,0.44,99.78,99.13
41.55,279.83,105.58,75.98,195.43,4909.55,5.04,100.0,68.31
61.73,2137.59,87.13,228.58,144.12,6168.49,0.9,98.92,80.13
23.66,1971.8,189.96,354.69,318.96,9085.27,3.24,98.45,119.83
63.14,2165.62,164.93,108.99,240.04,4652.95,4.54,97.64,132.74
94.06,1519.97,125.5,259.04,139.46,1935.91,6.51,99.1,116.46
35.1,1120.65,171.23,135.07,336.16,3385.96,0.79,99.31,140.97
39.8,2372.2,38.65,290.65,71.69,6084.4,0.6,100.0,1.0
40.8,1798.59,58.58,205.27,227.62,7722.72,1.16,100.0,175.65
57.6,2450.29,143.73,198.47,283.18,3297.73,1.62,98.74,127.68
33.74,1578.36,156.78,296.58,276.46,4921.84,2.35,99.77,80.74
63.42,3039.14,133.97,250.02,99.0,5034.71,2.35,98.39,35.93
71.94,2748.75,25.87,135.62,68.35,3616.12,0.25,99.25,87.98
65.69,2255.78,66.88,342.97,200.66,7763.42,1.89,99.11,63.13
19.63,1898.7,140.83,77.13,243.43,7095.34,0.37,98.59,143.44
74.9,2644.69,241.32,222.06,82.98,5619.48,2.49,99.12,122.17
73.75,2322.78,180.9,134.17,207.16,4244.17,7.51,99.79,69.19
71.6,2215.01,198.87,81.02,48.83,6721.21,2.95,99.97,38.99
62.46,2778.01,136.99,109.27,275.48,5925.08,2.37,99.1,85.09
59.4,3046.58,136.62,196.06,128.58,4213.33,0.16,99.14,135.14
75.65,1171.31,68.33,227.98,165.24,6748.64,0.41,97.91,116.83
93.47,1312.73,167.59,284.71,257.79,5664.62,0.88,99.39,38.87
35.94,1501.82,116.34,318.08,249.41,2010.75,5.42,99.01,73.98
76.56,996.3,154.64,222.21,222.66,3213.99,0.8,99.14,134.2
53.28,2004.08,121.53,164.54,272.65,2607.1,3.36,98.86,89.73
52.41,2468.08,133.96,283.12,216.81,6856.16,0.22,98.54,92.93
24.27,2033.01,115.61,150.83,310.28,3736.13,2.17,98.59,170.58
49.3,1674.11,131.23,72.35,26.03,6128.91,3.02,98.73,52.29
35.05,2836.52,170.0,275.12,174.64,8909.37,1.57,98.27,139.95
45.72,2146.39,56.69,305.91,170.81,6429.44,2.91,99.4,78.06
33.04,2288.09,45.35,134.26,160.29,4245.86,2.57,99.59,80.32
46.02,2855.96,141.29,356.87,224.77,3661.38,1.3,99.1,102.42
46.88,1961.73,192.03,246.64,199.26,4448.57,4.01,99.32,107.67
56.94,3490.15,204.64,234.72,254.23,3150.03,0.84,99.04,119.47
22.71,1734.53,58.78,158.67,73.45,2939.93,1.11,100.0,88.64
26.09,3446.56,99.86,281.38,386.3,3551.06,1.55,99.24,122.04
62.24,1365.69,46.04,78.05,144.81,5957.98,0.28,99.39,100.47
39.05,2410.24,92.47,172.82,205.81,4062.46,1.45,99.76,73.03
76.49,1598.23,176.14,141.35,161.44,4594.49,0.78,99.18,45.29
59.51,2831.7,119.36,95.29,187.3,5844.54,0.59,100.0,120.34
67.14,1713.24,101.31,269.04,131.86,6309.03,1.72,98.73,107.22
83.21,2251.61,147.25,227.29,198.52,1527.24,0.8,100.0,68.48
48.81,1592.62,80.25,264.38,232.21,1898.0,3.87,99.06,38.33
43.51,2704.06,199.65,177.74,5.0,4305.14,1.06,98.74,71.55
72.43,1588.97,120.36,278.81,150.43,2993.33,1.07,98.1,16.79
65.19,3226.39,99.91,206.17,147.01,6538.16,8.03,99.81,134.01
51.25,1350.8,149.34,162.23,388.9,4165.07,0.84,98.94,90.59
82.83,1106.06,166.96,148.89,257.41,8235.7,0.28,99.3,105.54
50.76,2714.09,199.8,41.37,315.01,4121.75,4.18,99.38,78.82
55.66,1633.85,109.5,293.15,230.23,5555.52,4.98,98.86,165.82
55.42,2042.93,174.3,284.07,187.41,3799.29,0.51,99.95,123.04
36.31,1822.43,125.06,434.19,212.77,5877.67,4.28,99.52,80.18
56.55,1129.17,89.43,173.23,281.07,5917.28,1.36,98.6,81.3
82.94,1994.1,81.16,146.66,337.51,6597.95,0.09,98.26,70.0
63.9,2933.44,65.15,63.89,207.18,4758.29,1.59,99.75,89.07
55.62,2750.2,82.92,276.8,123.94,7286.62,3.78,99.03,110.4
51.76,2210.25,175.79,258.39,263.21,5539.34,1.01,99.69,108.97
61.62,2826.59,155.34,324.14,103.21,3842.33,1.6,99.03,84.21
70.0,1306.34,57.94,126.67,215.14,3855.19,0.3,99.35,153.01
67.18,1820.18,32.68,257.31,241.32,6311.88,3.69,99.76,14.61
48.36,2325.06,64.39,158.24,170.27,7275.67,0.23,98.15,71.53
61.5,1956.71,81.16,307.5,98.57,2980.29,0.2,100.0,122.55
64.6,1875.22,104.84,242.9,139.09,6351.77,5.42,99.46,151.31
34.86,1207.55,178.64,75.54,151.52,2324.56,4.13,97.77,102.87
58.36,591.06,92.61,189.5,85.18,3888.53,1.71,100.0,154.88
11.77,2620.51,204.02,44.15,145.25,5881.52,0.22,99.89,163.46
64.65,2218.26,35.99,106.94,49.32,3474.48,1.58,99.07,80.74
68.21,2679.4,102.57,111.78,233.2,7638.36,5.07,100.0,61.27
69.95,1741.93,159.28,148.72,210.0,6095.44,1.9,98.75,60.47
47.1,1549.06,162.36,178.99,203.91,2873.26,0.44,99.11,37.94
61.18,2052.58,103.21,213.17,145.27,6179.84,4.73,100.0,45.85
83.48,2645.94,170.09,209.16,157.32,2623.34,4.01,99.56,57.1
83.28,1885.98,160.61,198.09,105.39,5006.66,1.58,99.96,48.35
54.42,2609.25,85.89,226.59,225.47,6579.18,3.82,99.77,136.02
57.79,1343.58,135.75,100.02,57.79,6276.74,0.12,98.23,77.15
77.22,1934.99,155.18,205.85,187.54,4844.57,1.24,99.41,39.46
24.98,1998.92,89.47,314.76,122.97,4380.28,0.39,99.35,79.45
48.54,2906.47,204.72,186.74,338.16,2915.96,3.63,100.0,105.02
81.71,2193.34,78.23,239.57,227.41,5328.67,7.09,100.0,84.55
74.5,3270.25,127.2,232.13,179.96,6448.08,5.34,100.0,86.32
62.39,1104.62,57.51,268.98,80.46,8716.51,1.4,98.87,21.85
24.88,2138.94,125.17,222.97,57.28,4178.96,1.43,98.19,131.4
54.0,2173.58,66.65,267.63,224.62,6524.0,4.78,99.55,80.93
43.2,2482.07,105.29,240.58,341.89,6376.06,2.56,99.14,42.97
61.62,1478.65,40.67,252.58,216.81,4142.32,0.16,98.46,90.73
38.81,3227.11,159.99,235.37,195.78,6297.74,0.27,98.71,75.16
34.49,2057.07,137.81,119.46,197.08,3530.56,6.06,99.16,99.9
13.7,1287.05,174.37,106.34,189.27,5462.64,0.91,99.38,197.23
79.44,2036.78,102.61,171.74,198.3,4619.67,0.41,98.81,65.08
47.0,1828.79,176.69,324.13,118.34,5798.39,2.66,99.19,124.82
58.14,3996.26,121.96,186.27,92.38,5941.7,4.24,99.15,81.88
54.96,2782.96,125.66,224.76,189.83,4048.3,0.46,99.39,79.42
33.65,2082.76,225.7,42.62,314.41,4982.59,0.58,98.52,145.23
29.82,1969.66,95.77,215.5,249.93,4768.46,4.6,98.71,102.27
34.89,2713.74,181.37,206.87,68.99,3038.97,0.03,100.0,159.49
40.54,2747.2,143.98,1.0,157.03,4334.39,4.77,99.02,92.94
62.33,128.0,91.4,223.27,245.61,3957.71,0.08,99.53,149.62
39.09,2498.1,54.22,67.92,316.52,2971.21,0.2,98.35,81.61
89.93,2067.58,68.35,141.97,341.22,3553.12,3.96,100.0,67.59
75.54,1130.2,176.53,279.56,161.04,4535.14,0.57,100.0,112.51
71.17,2664.15,206.72,212.6,254.18,5099.04,0.51,99.41,99.73
52.61,3620.33,124.57,164.12,202.43,2761.38,3.72,98.77,41.49
85.29,2437.76,127.19,157.27,169.22,7160.54,1.56,98.19,102.96
50.64,2818.3,158.82,166.56,185.61,6104.03,0.86,100.0,64.54
54.37,3310.88,123.67,212.87,186.72,4846.64,2.51,98.92,127.68
58.4,1466.82,174.99,103.95,285.76,2805.94,3.32,98.2,68.45
69.04,747.7,134.58,289.95,53.6,4617.41,3.97,98.78,80.44
67.74,2507.81,126.78,108.19,222.13,4508.14,0.25,99.48,54.0
45.5,1874.67,85.04,61.84,318.55,3055.14,1.75,98.33,135.18
44.34,1086.08,72.74,279.29,308.86,2908.84,2.27,98.79,112.1
67.8,1993.28,1.0,165.05,231.21,6379.62,0.25,98.19,186.05
69.3,2557.28,181.71,205.64,111.87,4416.8,1.88,100.0,145.41
47.13,1943.72,112.67,252.37,249.91,6594.03,0.06,99.14,77.35
23.26,1497.22,99.98,142.45,299.24,4976.29,0.84,98.18,32.97
50.85,1891.55,22.41,210.97,133.64,6353.02,0.38,98.57,69.9
67.47,2034.37,87.99,251.86,212.18,6292.99,1.65,98.75,88.7
91.11,697.36,81.42,331.46,161.53,5839.99,0.42,99.22,22.91
31.04,1948.06,80.26,159.12,124.74,7128.72,3.11,98.56,61.02
46.47,1106.96,136.64,162.96,151.63,5180.59,0.26,98.94,135.64
47.21,2509.32,126.11,245.07,191.57,2309.48,2.84,98.75,60.64
82.12,955.27,51.94,216.69,97.36,2596.61,0.21,98.19,60.04
54.3,2756.88,55.11,189.04,82.61,3824.96,1.17,98.56,115.74
36.85,1761.58,55.02,327.42,99.94,6335.51,2.4,98.66,73.33
66.17,1667.92,210.53,65.41,209.51,4279.9,0.35,98.35,95.48
46.91,2254.12,194.64,86.26,48.08,5369.55,2.79,98.19,110.69
30.51,1441.78,77.39,66.33,5.0,5964.22,6.13,98.78,70.26
37.14,2243.12,21.17,296.13,303.53,5295.93,0.93,99.81,125.87
89.68,1535.52,126.4,241.18,88.81,875.97,0.0,99.1,122.64
62.68,1658.29,122.35,90.34,162.54,2863.56,1.3,96.97,108.01
57.16,2331.75,135.85,190.16,263.01,8178.65,4.65,99.91,155.45
50.0,1250.99,157.07,197.79,50.56,5586.91,2.19,98.71,130.17
60.84,1162.96,142.59,23.26,50.45,140.6,2.43,100.0,84.11
60.6,2221.76,64.18,215.06,123.07,5125.5,3.14,99.76,64.51
60.84,2029.17,134.7,105.8,266.52,8244.74,4.78,98.99,101.2
57.3,2166.08,162.69,256.53,178.05,5492.83,0.27,99.06,92.23
72.38,2277.35,83.8,108.24,179.27,5079.91,1.78,98.4,92.65
55.46,2088.16,135.0,217.53,153.41,1708.95,4.41,99.66,72.63
35.44,2473.66,92.36,303.57,230.59,4512.41,2.99,100.0,96.64
42.75,2116.21,219.81,277.96,308.87,2042.2,0.57,98.69,157.49
15.42,642.89,53.66,240.57,448.56,2799.58,4.15,98.78,122.55
95.54,824.48,177.8,193.49,166.67,2387.88,0.7,100.0,100.48
72.26,3397.56,36.46,79.99,317.34,8130.99,1.06,99.26,144.52
38.4,2048.05,209.65,164.87,269.93,6310.47,0.41,98.13,124.08
49.36,2713.17,62.92,181.92,204.03,7521.77,4.33,98.25,81.92
42.26,1806.01,129.48,176.17,5.0,2617.76,0.2,100.0,92.88
85.85,2007.39,38.54,77.32,145.99,5343.38,10.27,99.53,131.03
26.6,1730.64,52.5,234.75,149.56,3185.43,0.8,98.46,104.57
57.29,3774.15,164.89,105.53,212.29,3377.98,2.48,99.44,112.05
52.83,2225.27,171.41,323.69,162.23,5845.0,0.28,98.62,44.86
71.54,1673.6,131.97,211.84,129.31,5321.85,1.34,97.86,73.94
52.92,891.92,157.05,278.34,362.7,5515.21,0.08,98.96,92.7
19.84,3429.61,172.24,276.69,297.74,2738.97,4.21,99.19,140.27
49.98,1933.71,85.79,366.23,5.0,5229.67,1.18,98.1,170.64
35.56,2568.96,50.05,214.55,154.7,5625.87,2.72,98.32,58.98
56.59,2647.2,119.31,168.8,236.78,3784.64,4.5,98.5,70.16
83.68,1724.02,91.14,170.34,299.78,4510.52,0.14,99.06,112.89
20.21,2518.72,139.43,319.69,142.2,2038.47,1.43,99.29,180.07
39.0,1625.1,147.4,94.38,160.62,1119.71,0.42,98.19,55.15
43.95,1354.7,85.92,129.75,188.53,8614.98,0.14,98.79,16.49
47.37,2863.13,155.21,218.96,239.57,5368.71,1.95,98.87,101.56
69.8,1937.27,152.71,187.78,41.8,4353.95,0.24,97.98,41.04
51.53,2410.96,156.17,277.41,5.0,6436.82,1.35,99.36,117.7
63.32,2335.64,99.61,92.9,292.91,3433.8,0.44,99.62,126.25
42.48,2494.55,159.0,194.64,90.89,5198.28,0.44,99.42,86.19
59.6,958.42,146.0,185.04,371.04,6991.25,1.48,98.27,77.02
70.56,1638.3,152.01,114.22,102.28,3016.28,1.62,99.62,66.5
40.35,1820.87,203.89,270.29,163.35,4114.4,0.01,99.13,97.6
70.63,1465.96,136.39,192.66,213.17,2514.63,1.39,99.89,42.27
56.05,2348.3,89.65,189.27,5.0,6503.4,2.22,99.53,76.58
75.91,2878.83,64.48,134.02,437.8,5369.68,2.27,99.42,65.79
50.97,2989.63,176.4,170.41,144.45,7109.04,3.79,99.0,106.05
62.62,1810.56,137.87,118.27,104.53,6517.08,4.51,99.87,108.94
54.19,2252.38,203.5,269.1,75.03,4529.45,1.95,98.4,151.39
53.08,2359.95,18.52,282.63,212.56,5739.4,1.31,98.32,55.81
60.18,2482.88,165.53,334.4,206.18,5758.64,0.46,100.0,81.17
65.74,1433.31,106.94,234.72,78.06,6320.22,0.27,97.84,132.42
30.01,3322.41,102.32,172.86,56.53,7639.55,1.88,98.37,113.95
83.67,2696.56,81.76,162.48,274.97,3037.14,5.86,99.76,68.58
17.81,2714.85,164.98,239.25,120.99,1622.62,0.65,98.06,42.09
41.3,2890.42,150.68,216.07,25.11,3107.79,0.21,99.72,169.01
53.11,2421.9,62.88,186.06,166.69,5851.01,1.1,100.0,31.29
63.25,1328.88,128.25,179.03,143.84,5744.77,0.0,100.0,45.08
86.52,1950.72,155.31,293.7,355.5,3976.14,1.61,99.25,102.48
17.83,892.26,128.9,165.45,133.0,4510.81,0.1,98.38,133.44
44.85,2338.55,175.39,307.73,152.26,3498.27,5.35,98.56,59.92
12.46,1929.55,105.5,214.57,199.75,4807.23,4.08,100.0,122.29
55.63,2019.63,7.28,170.57,128.62,3751.29,0.24,97.89,54.63
60.43,2890.8,129.34,137.18,219.69,7946.26,0.32,99.78,127.04
86.82,1728.1,129.03,187.64,88.48,7381.11,6.13,98.07,127.53
57.41,1871.51,135.56,240.27,158.46,6302.82,3.36,99.13,59.89
75.88,2063.38,175.35,169.84,216.61,5056.25,5.7,98.76,130.12
66.68,760.01,22.38,268.03,282.39,7050.56,0.81,98.89,55.76
46.3,1861.76,108.08,165.84,127.24,5177.73,0.24,100.0,1.0
26.82,307.94,73.87,190.02,126.17,5290.12,1.91,98.82,89.11
60.5,1638.13,59.6,97.06,318.71,1889.64,6.8,99.93,110.43
25.16,2646.63,116.39,244.76,130.34,5469.22,0.28,98.7,125.36
80.9,2361.09,155.09,178.63,174.89,2675.88,3.42,99.38,137.94
51.76,1631.63,135.05,326.31,334.15,4274.91,0.89,99.11,53.41
78.9,2076.56,85.62,256.38,186.07,5304.14,0.25,98.24,94.56
45.4,1295.51,112.73,206.76,157.7,3382.35,1.23,98.25,77.34
60.38,2046.36,166.49,298.01,164.42,5861.69,1.34,99.02,94.49
59.19,4099.22,154.16,232.41,113.36,6893.11,0.02,98.92,187.03
54.1,3340.06,92.36,280.66,220.57,3409.14,1.29,99.67,87.34
46.35,2084.84,89.13,131.01,96.84,5211.3,2.09,97.9,55.79
62.85,2160.1,34.18,236.9,250.07,2756.37,2.89,98.62,84.77
36.48,1362.3,98.53,240.22,181.37,2899.54,0.21,99.5,128.82
30.81,1486.75,33.21,76.42,201.19,5558.06,4.18,99.03,114.39
79.86,2301.53,223.35,320.53,335.67,6284.19,0.37,98.18,136.61
69.54,1680.58,77.24,107.17,49.58,2283.38,2.15,99.45,168.94
56.32,2680.9,175.45,96.08,182.2,8687.58,1.61,99.79,167.23
88.3,3146.78,210.91,1.0,237.43,4105.62,4.24,98.5,62.89
49.64,2280.83,130.81,237.91,124.54,5373.32,0.08,99.88,124.97
81.45,2119.22,115.0,68.55,265.6,4038.59,0.43,98.78,25.05
58.51,871.45,53.88,158.65,130.98,4488.09,0.26,98.95,138.67
34.5,2571.33,94.77,267.03,206.25,7733.02,0.79,98.83,33.07
91.96,1247.43,200.2,215.36,168.89,7709.85,0.83,99.91,33.25
74.81,1755.39,137.56,150.1,194.56,2029.21,0.19,99.09,87.42
52.58,2719.7,121.42,72.75,186.66,3985.4,1.44,99.74,132.25
69.54,2768.83,185.61,191.39,177.12,10311.15,0.25,98.86,57.44
46.93,1721.44,154.81,268.42,137.39,4220.57,0.15,99.45,73.83
71.58,1761.76,112.61,256.07,120.18,5760.83,0.07,98.44,61.6
7.18,1558.48,130.81,342.94,208.44,7045.5,5.29,99.9,100.91
34.6,1209.5,81.6,147.72,184.74,6535.85,1.01,98.99,131.87
74.59,1603.64,91.95,94.64,117.71,100.0,0.67,100.0,95.69
50.01,918.81,109.69,224.8,210.9,5601.14,1.32,99.16,70.17
59.15,2526.14,147.87,216.91,138.37,8148.75,0.34,99.27,156.36
28.06,2324.17,57.63,199.61,319.99,5052.92,1.04,100.0,135.73
91.96,2440.37,123.81,140.29,404.03,3125.87,0.42,99.72,63.67
78.81,1379.92,100.51,1.0,305.01,3160.2,0.73,99.34,59.26
50.99,1211.45,74.95,119.47,300.0,4641.68,5.16,98.35,78.76
46.91,2085.46,100.78,244.57,253.28,6215.4,0.32,98.67,134.21
75.59,2092.87,3.93,222.72,161.12,10201.35,1.28,99.75,1.0
94.65,1944.91,82.12,277.22,9.08,4478.38,2.16,98.97,147.38
74.08,1845.36,65.03,227.61,87.75,6011.54,5.0,99.06,80.68
98.44,3245.54,106.0,258.88,119.09,2219.75,5.13,98.44,46.03
36.55,2346.22,6.01,261.18,288.7,1967.08,0.57,99.48,100.67
38.61,3427.47,129.54,201.64,203.05,4105.56,5.73,99.27,106.25
31.22,2936.28,165.47,202.2,120.64,5801.79,0.81,99.7,129.83
63.84,3240.29,114.14,1.0,13.93,4844.61,4.51,100.0,140.87
58.51,1295.88,144.94,147.47,388.63,5095.87,0.2,99.51,108.84
51.96,2463.22,94.36,150.93,228.0,4505.92,0.44,98.38,115.23
71.19,1745.76,42.27,191.3,261.77,4950.07,0.16,98.14,97.57
79.65,883.63,120.08,125.57,131.79,4471.09,0.71,99.71,121.6
24.49,3095.2,154.02,275.01,167.52,2570.64,4.14,99.28,70.59
43.06,1842.42,53.78,129.48,149.05,2315.29,0.35,100.0,79.32
71.4,1309.43,96.74,288.19,185.79,7446.92,0.51,99.22,32.31
45.65,1757.81,107.64,123.11,346.12,3518.2,0.49,97.99,161.05
39.04,1490.64,262.57,151.7,71.61,4567.02,0.64,98.31,69.75
75.37,1562.41,131.17,145.62,176.29,7141.91,0.04,98.67,138.02
29.21,1892.88,24.72,160.3,212.48,4514.68,1.1,100.0,145.35
48.97,3259.57,12.36,294.29,169.49,6579.47,7.48,100.0,33.18
61.57,1581.58,156.52,173.83,269.58,3401.54,1.19,98.82,100.46
43.52,3209.49,244.25,175.87,23.79,7799.7,3.36,99.06,121.26
70.66,2642.19,105.95,140.66,349.54,5408.63,1.69,98.25,72.94
43.62,2325.39,102.96,179.22,56.65,4951.68,0.03,98.22,40.31
83.17,2571.68,141.54,217.32,78.29,4703.33,1.76,99.98,154.34
52.49,2057.56,80.09,182.79,139.55,6377.08,5.86,99.86,120.93
68.43,2948.24,1.0,187.98,121.72,5425.21,1.61,99.01,96.65
69.92,2444.89,171.86,281.28,218.21,100.0,1.5,100.0,53.16
42.45,882.73,89.34,221.89,207.78,4193.53,2.22,99.5,54.41
13.93,2255.38,172.51,107.93,190.22,5579.56,4.09,99.35,101.7
62.22,2596.78,81.95,193.18,52.39,3257.23,1.66,99.35,76.39
56.45,1845.7,126.09,156.93,167.45,4093.08,1.04,98.46,103.76
66.12,2136.38,162.74,241.68,181.78,4301.58,0.08,99.86,109.92
50.47,1619.0,173.52,208.24,290.9,7870.96,0.24,99.87,76.95
46.39,1083.66,131.65,290.42,197.95,6076.06,2.09,99.37,162.74
95.17,962.74,129.16,140.8,214.44,5592.28,1.93,98.42,64.79
25.55,972.05,150.99,184.61,356.62,2901.58,0.55,99.96,57.04
69.68,2516.33,143.21,114.87,75.59,3767.56,2.54,97.94,111.79
43.51,304.8,55.44,196.66,145.07,6530.47,0.66,98.66,114.27
48.28,1581.46,56.4,77.07,77.77,6188.19,0.73,99.61,54.94
48.66,1512.04,14.55,225.72,324.59,2443.06,0.13,98.91,81.27
38.93,1850.49,158.33,195.56,330.74,7518.93,1.6,98.51,33.38
66.42,748.5,100.21,212.41,317.57,3450.84,0.68,100.0,72.4
82.81,2330.72,161.01,263.05,229.27,5644.95,3.42,99.99,127.12
64.4,1156.79,140.19,217.98,214.25,9920.31,3.23,99.95,43.24
57.07,2840.68,69.88,97.86,138.78,4246.92,0.27,99.43,51.34
35.27,1612.76,113.99,155.53,249.25,5301.56,0.35,99.22,61.84
65.34,1981.07,97.26,193.59,64.68,3994.18,0.77,100.0,140.63
98.13,2050.64,89.54,173.75,64.37,5315.46,1.74,100.0,134.98
47.39,2218.97,165.76,183.52,142.21,7565.23,0.84,99.14,11.1
47.48,2073.91,245.54,329.72,349.83,4649.82,0.86,100.0,23.53
43.78,1749.02,175.81,208.03,133.79,4470.25,0.3,99.11,98.54
45.21,2288.13,118.65,230.58,145.95,6986.39,0.82,99.47,30.69
1.0,2374.3,182.98,39.3,205.9,2726.18,1.27,100.0,143.28
63.1,1512.41,205.65,259.68,260.88,5149.61,8.36,99.46,7.02
38.09,2346.46,50.38,428.16,292.68,3690.15,3.64,99.01,64.92
22.79,2882.2,181.24,307.65,79.17,4571.64,3.15,99.47,103.31
70.06,2542.13,158.48,164.78,171.3,3402.78,1.64,99.2,153.94
33.36,2700.66,179.41,382.48,200.21,2428.14,0.89,97.71,94.83
48.23,2168.34,160.66,202.2,209.23,1024.7,3.89,99.9,107.66
84.33,1392.69,108.61,224.52,257.92,4185.1,0.85,98.76,102.1
26.82,1481.25,221.64,178.61,253.81,5410.31,1.8,98.39,132.63
24.35,2271.92,136.98,176.53,182.29,6463.83,0.59,100.0,107.31
60.39,2707.93,98.28,20.15,283.71,2596.15,3.0,99.46,124.51
77.99,3998.14,145.3,263.0,267.19,5274.15,1.45,99.68,125.3
23.51,2735.28,168.62,176.24,259.95,6006.66,4.51,99.11,138.58
63.15,1228.69,124.74,184.96,132.41,5648.36,1.68,99.36,8.07
66.62,1510.91,139.66,221.87,244.16,5463.95,0.36,98.99,34.15
13.82,3642.96,124.42,166.83,288.32,1107.81,9.91,98.6,122.07
70.97,1897.93,87.0,221.11,133.75,4784.73,1.39,99.68,173.55
72.53,2081.26,78.91,296.24,191.84,4851.9,0.58,99.37,108.01
48.76,1375.71,49.86,232.39,320.83,5981.69,0.8,100.0,84.69
80.05,3143.57,195.9,187.72,215.68,7497.49,0.26,97.64,134.41
77.73,2398.23,108.83,190.12,172.09,4533.56,0.15,100.0,147.86
57.06,1505.78,1.0,216.05,311.54,4379.08,1.2,98.93,121.94
45.97,1352.32,139.83,133.43,137.66,5234.95,6.07,98.86,93.57
35.54,2263.04,138.79,216.63,27.35,5039.21,0.26,99.61,96.98
54.25,2078.94,26.67,254.77,109.87,5778.44,4.66,98.58,105.52
66.4,2630.48,78.38,207.0,282.24,5952.35,3.19,98.89,148.01
48.52,2430.88,76.19,166.07,226.86,4682.99,3.28,99.62,111.83
11.05,1862.86,82.89,177.03,186.13,5898.63,2.48,98.83,112.36
80.37,1667.34,180.64,252.17,275.5,4606.21,1.79,98.71,133.23
58.8,1936.04,112.56,111.99,195.02,2389.19,0.26,98.7,93.02
47.41,1662.52,98.64,134.68,159.99,2918.81,1.71,99.45,105.31
72.14,1956.86,176.12,71.45,255.16,797.04,0.87,98.36,173.59
85.49,2059.51,144.77,202.72,145.62,7992.87,0.22,99.73,69.57
1.0,1419.45,32.95,268.95,224.12,7313.46,3.26,100.0,72.19
63.69,2489.48,89.17,306.52,108.47,6862.47,1.58,99.2,60.63
26.47,1788.7,136.1,323.89,85.09,4610.5,2.73,99.5,107.63
64.98,1458.68,73.31,144.76,102.08,6758.02,1.31,99.39,110.02
57.56,1801.87,221.48,220.0,177.65,6616.02,1.6,98.55,18.33
67.71,2217.58,125.64,167.82,121.68,2382.49,2.49,99.42,133.57
45.02,2106.13,82.33,331.81,124.21,3584.78,0.57,99.36,51.72
17.54,2343.48,63.85,304.28,166.19,5967.47,3.76,100.0,113.01
45.99,2676.84,166.38,213.45,173.5,4119.64,1.09,99.37,100.09
63.14,2961.46,87.61,150.45,40.41,3726.97,2.47,100.0,1.0
75.31,2247.84,139.0,1.0,5.0,6482.51,0.79,99.5,1.0
31.56,1299.42,62.42,85.31,216.0,3509.04,2.42,98.84,50.14
75.54,1859.62,123.51,51.82,192.53,9466.88,0.09,98.37,142.12
42.04,1344.98,88.21,84.3,56.68,7869.69,5.3,99.42,20.05
62.25,3235.8,104.23,350.31,219.27,4615.77,3.09,99.73,139.48
44.8,3439.18,80.19,96.4,219.1,7249.29,2.19,99.14,24.35
58.64,2503.22,171.28,115.12,152.8,5335.76,0.78,98.76,7.57
72.84,2648.92,95.45,126.36,356.34,4251.5,3.7,100.0,106.87
30.46,2223.66,112.83,407.88,294.23,8560.52,2.92,98.89,93.61
41.4,2304.24,115.24,195.0,144.08,5702.85,1.21,98.39,24.61
58.7,929.78,200.61,279.54,145.76,3389.9,0.44,99.15,46.92
100.0,1996.25,164.52,214.03,48.79,5828.11,0.39,99.25,107.2
37.74,1431.19,159.53,41.25,290.23,8019.42,1.34,98.69,80.16
95.8,2244.95,41.11,322.61,202.21,5004.23,3.06,99.14,119.83
95.09,2006.27,87.18,232.09,254.08,5377.23,2.51,98.01,81.55
53.05,3410.78,179.43,190.26,5.0,4460.48,1.36,99.5,134.48
49.04,2689.64,61.45,340.81,249.98,5633.55,0.46,98.47,49.13
41.16,2247.16,124.2,172.28,134.13,3239.98,0.55,98.93,118.5
53.64,1861.14,66.74,188.45,232.59,3568.06,0.12,98.73,44.28
26.87,3221.22,71.75,172.39,226.91,4383.78,0.39,100.0,107.3
53.48,2027.03,204.04,286.1,178.14,5301.83,0.03,98.99,120.58
84.94,2280.17,155.96,265.11,117.24,7002.38,2.24,98.61,52.48
42.78,2077.57,169.16,222.29,215.9,4735.1,1.77,100.0,110.12
50.19,1765.09,159.19,115.86,104.77,6489.4,8.84,100.0,117.55
20.98,2073.55,113.04,170.38,274.55,4207.49,2.88,99.79,114.99
62.48,674.62,85.42,115.83,115.05,6059.66,0.57,99.59,65.14
60.29,964.61,99.9,292.83,182.05,7158.17,2.46,98.59,80.45
56.27,2292.74,110.41,74.02,112.88,4792.73,0.02,99.96,163.37
50.66,3145.74,208.81,327.55,194.29,5632.28,8.56,99.46,59.61
49.14,2291.75,53.18,303.01,87.14,3944.59,1.91,98.75,100.61
65.04,1543.74,92.32,126.52,107.18,6055.59,0.25,99.3,86.74
54.42,1038.0,74.35,166.68,386.51,100.0,1.38,98.88,108.5
61.3,2597.17,172.83,143.01,255.98,2073.29,5.65,98.13,151.18
59.3,1650.96,212.69,234.42,213.25,6031.04,3.79,100.0,71.34
77.47,2498.26,135.44,313.0,226.27,2055.28,0.71,97.93,109.61
68.54,2320.91,139.55,294.85,207.51,4119.91,1.01,100.0,123.35
58.86,2382.81,124.57,165.37,172.0,7526.08,3.84,99.05,81.74
85.37,2071.52,141.87,300.38,248.1,6555.04,4.61,99.52,61.05
63.41,2316.55,158.66,293.75,105.57,9310.83,4.92,99.57,99.03
81.1,1964.38,141.28,184.89,323.6,5135.7,5.91,98.51,95.91
67.14,1603.29,144.94,199.24,190.83,4851.08,1.39,99.05,29.48
18.16,1373.55,158.77,323.34,252.15,5018.26,3.95,99.13,63.54
81.1,378.49,31.09,284.67,321.6,3335.29,0.85,98.78,124.04
57.7,1921.22,120.1,297.98,224.21,4616.29,3.64,99.93,76.98
53.96,3111.56,135.26,406.83,107.06,2731.05,0.85,98.35,113.46
60.63,2559.06,140.81,243.78,289.76,7111.56,1.87,99.34,52.98
48.1,2207.4,111.46,226.05,332.66,6329.21,1.26,98.0,100.01
59.54,1534.2,128.04,308.63,5.0,2911.14,4.47,99.37,99.94
43.16,2746.14,84.0,359.03,170.83,3802.93,0.14,99.32,106.97
80.49,1964.48,31.26,151.09,206.23,5703.03,5.94,100.0,79.91
52.73,3150.45,169.16,183.85,156.24,5488.01,1.24,98.77,101.35
47.35,1361.24,63.28,118.51,67.87,3110.89,1.31,99.08,170.81
36.5,1523.02,111.98,227.42,100.53,5118.99,3.52,99.03,111.78
60.38,1454.91,82.54,271.14,13.58,6028.36,2.19,100.0,153.89
58.74,1010.52,199.35,124.09,265.96,6080.04,6.15,98.8,88.08
62.77,1392.07,116.02,290.7,303.62,8032.38,1.58,99.36,1.0
34.45,2120.25,104.48,163.73,302.37,5450.11,1.64,98.99,125.06
22.98,1549.46,157.39,157.22,177.34,2766.46,7.13,99.09,173.61
67.51,128.0,227.82,290.4,204.47,3083.84,5.22,99.21,100.52
84.69,2799.99,140.28,149.99,276.29,7261.13,0.47,99.97,72.17
34.47,869.13,101.13,87.72,159.04,7899.69,0.73,100.0,98.56
86.79,2460.46,154.83,259.49,94.56,4937.23,1.96,98.23,141.66
60.68,2069.85,41.37,189.46,128.64,5688.28,5.61,99.75,100.46
54.86,3530.16,122.32,295.84,195.8,5167.5,1.66,100.0,68.0
47.05,2745.87,219.7,266.64,115.77,4463.42,2.64,99.44,55.52
27.31,1694.78,127.89,60.14,222.6,2316.1,0.2,100.0,123.58
74.75,1556.56,125.39,305.24,58.04,5859.09,1.48,98.33,220.26
39.49,3099.91,121.03,351.98,158.16,8207.51,0.32,99.56,48.21
39.4,1014.89,100.23,282.69,216.5,5306.39,0.6,100.0,120.05
74.84,2181.62,135.72,285.91,191.93,4456.49,0.36,98.76,122.51
17.34,1956.22,158.76,180.19,113.84,4222.98,0.36,98.3,50.15
24.53,1807.74,103.41,161.86,246.15,5894.46,9.58,100.0,127.22
54.64,2295.46,1.0,217.0,203.62,7071.99,0.71,98.9,176.44
60.87,2180.69,143.28,273.59,5.0,5958.81,1.67,98.8,133.21
64.69,2368.18,226.66,271.58,220.98,1634.6,0.04,97.88,80.34
48.96,2145.28,101.19,164.98,142.0,8136.27,3.28,98.84,40.54
100.0,2340.38,46.44,156.87,132.75,6499.88,2.28,98.71,112.91
50.44,2113.36,153.87,80.79,105.31,4675.81,0.52,97.94,89.19
50.38,1586.4,207.19,251.75,89.73,4045.43,0.07,98.79,121.3
39.06,2050.8,146.47,168.82,198.59,4195.86,0.64,100.0,83.02
57.48,1547.93,206.24,175.92,229.14,6552.76,1.98,99.44,58.41
67.3,1501.74,159.68,338.23,193.79,1444.15,0.03,98.05,97.91
79.07,1812.69,155.34,247.87,265.45,5924.67,0.16,99.47,141.59
25.21,1964.4,94.1,225.83,232.33,5504.98,1.05,99.71,127.55
50.08,2072.66,134.27,266.42,5.0,5479.86,0.39,99.27,83.73
63.93,2689.47,118.53,313.65,97.51,2906.98,2.0,99.18,47.83
66.74,1699.08,116.81,70.6,286.96,1932.69,0.38,98.64,83.39
55.13,2185.8,107.31,154.75,65.76,9039.9,10.11,99.49,82.36
65.85,2130.62,131.28,181.43,5.0,5239.28,1.14,99.61,92.98
38.82,1621.96,55.18,121.73,344.83,8484.72,0.32,99.4,174.18
86.16,2099.62,160.59,178.78,206.7,6626.02,0.15,100.0,82.59
74.85,2749.9,76.11,75.91,118.52,5202.35,1.09,99.06,100.29
28.1,2178.55,107.49,273.77,103.64,5417.42,3.31,98.29,126.09
33.5,2206.61,136.53,158.6,236.65,6944.6,1.16,100.0,115.28
34.06,1554.27,73.64,216.08,223.02,7147.03,0.3,97.88,153.63
68.56,3426.2,21.68,204.1,209.45,5856.79,1.34,98.92,73.25
29.31,1594.15,100.85,244.59,163.01,6966.99,0.82,98.56,68.49
48.38,880.55,48.45,3.13,64.75,7052.6,1.39,99.13,80.29
64.09,2650.13,155.62,236.02,176.76,5593.37,0.99,99.1,57.81
53.68,1967.63,62.32,177.99,275.86,3913.17,2.09,98.53,97.17
60.18,1835.87,194.26,232.55,131.22,5894.83,3.26,99.95,101.25
33.68,1666.11,119.71,105.64,234.1,3653.07,4.35,99.11,81.68
66.9,3358.2,122.96,233.09,143.58,4315.28,2.7,100.0,116.88
42.74,2296.21,20.97,303.88,252.11,5715.59,0.88,98.38,118.03
48.51,2432.83,127.24,215.18,91.8,4857.39,1.19,98.44,65.8
59.75,2161.83,115.99,142.62,181.23,7367.96,2.05,98.43,117.98
57.06,2237.03,55.05,146.12,221.08,3811.24,0.5,99.56,48.85
55.48,3027.04,124.36,246.1,119.21,1169.36,2.42,100.0,57.89
39.99,1872.4,100.1,245.57,212.64,7358.06,2.1,98.99,152.23
49.01,1028.14,109.16,228.52,177.34,5085.53,2.14,97.58,85.91
55.04,2655.64,121.29,197.0,176.03,5171.12,0.81,99.53,86.9
27.5,2395.69,96.43,216.24,119.0,3580.85,1.84,99.67,161.68
45.75,2123.59,132.32,194.81,269.76,1609.46,0.44,98.48,102.02
62.75,2377.53,115.67,169.53,94.94,3526.1,0.42,99.6,84.65
29.45,1788.48,143.64,260.6,205.18,6026.01,2.93,99.77,59.02
78.13,2062.48,93.57,224.81,103.57,4637.92,0.95,97.77,113.61
80.39,1955.81,66.75,303.24,174.04,4401.39,1.57,99.98,152.98
30.1,1633.96,84.56,289.35,237.86,1941.24,0.69,100.0,92.32
82.15,2880.42,192.13,222.2,154.0,8260.31,0.54,98.98,146.55
52.13,1059.42,167.8,247.63,5.0,4893.27,3.03,99.65,89.2
63.37,3700.62,180.67,123.43,58.98,9215.46,3.16,100.0,64.79
45.07,2662.15,184.14,193.79,5.0,5660.19,3.62,98.74,75.56
73.46,803.42,96.68,227.41,186.11,7791.93,3.85,100.0,65.2
63.12,1891.08,134.79,73.38,179.55,3707.98,1.06,99.37,150.09
38.72,1930.02,123.79,234.35,148.44,2274.12,3.31,98.4,140.25
31.7,2322.32,152.98,123.26,123.62,4664.31,0.85,97.93,110.59
25.79,1355.44,105.54,132.03,199.9,6008.02,0.11,99.71,1.0
58.76,2070.42,124.65,157.64,49.74,6203.5,2.34,98.29,154.11
66.45,1963.22,123.61,197.56,266.05,5710.14,0.44,99.88,79.74
68.02,1531.67,146.61,93.76,186.76,9125.19,1.2,97.67,70.12
52.64,1434.27,152.79,268.53,94.97,5705.3,0.36,99.3,81.68
31.86,2691.16,124.68,214.19,142.34,4441.85,0.99,98.98,96.6
41.36,860.39,126.2,354.0,168.18,4579.61,4.32,100.0,112.22
78.05,2382.52,131.29,224.01,55.73,3550.42,1.9,99.36,138.51
45.31,2606.26,202.33,245.66,240.38,5527.71,0.32,99.63,116.13
57.87,1895.01,33.5,131.69,266.89,6946.82,2.59,98.9,96.15
33.49,2084.66,71.52,105.46,190.57,7536.17,3.77,99.07,80.13
61.73,2862.45,153.68,249.53,264.65,4465.71,0.36,99.94,59.88
45.85,1554.6,133.49,112.54,418.5,4904.86,2.73,99.21,110.2
75.93,1626.84,133.14,251.35,10.94,3845.13,1.59,98.56,116.18
70.47,1701.16,153.37,336.52,184.67,6742.97,1.85,100.0,64.46
45.09,2863.73,130.7,275.66,59.12,2777.76,5.59,100.0,52.83
52.47,2952.61,92.04,245.64,320.46,3700.4,0.07,100.0,126.35
43.98,1070.88,151.44,221.56,202.17,100.0,2.04,100.0,78.12
26.61,2752.37,121.04,169.28,117.17,2877.37,0.17,99.0,48.29
37.85,2621.24,97.62,190.84,156.57,3936.09,3.12,98.51,57.13
58.96,3135.52,154.52,154.77,300.27,4080.61,4.53,98.37,115.65
61.51,2317.58,152.55,94.77,220.71,2669.21,0.18,98.28,157.86
57.97,2017.02,130.74,202.83,232.1,2966.26,0.05,99.13,135.62
48.97,2849.65,205.86,288.63,313.93,7270.83,6.23,100.0,19.87
73.66,2537.23,186.34,96.9,265.89,3596.13,5.22,98.04,91.15
56.27,3619.43,170.09,311.88,281.16,1743.32,5.15,99.21,127.64
69.07,2719.1,248.32,297.37,168.63,3122.88,5.62,98.98,35.97
19.52,2155.48,112.68,231.76,5.0,3146.8,1.39,98.38,159.75
1.0,1226.13,96.76,232.4,189.32,4873.37,7.54,99.02,22.94
60.68,1641.36,163.02,185.1,120.2,5647.31,4.46,100.0,119.19
26.5,1042.83,107.37,203.36,250.97,2563.55,0.21,99.36,80.98
50.75,1897.46,120.6,162.91,20.67,5540.54,3.35,99.64,103.73
48.96,2696.25,70.7,202.53,254.54,7519.53,2.49,99.95,98.43
86.75,2045.43,150.33,211.19,196.97,6828.85,0.29,99.47,59.99
63.0,2763.21,46.45,350.5,211.84,6042.6,2.68,98.94,116.43
58.32,2284.3,115.18,245.25,235.69,5733.9,1.33,99.27,85.93
71.74,1765.84,119.23,183.25,177.44,4429.62,3.85,98.45,118.33
62.37,2109.34,98.2,192.09,150.03,7553.98,3.42,99.24,68.98
45.85,2378.47,32.14,142.94,282.15,5772.63,5.71,99.29,85.24
76.43,2145.46,31.77,156.13,233.38,3552.12,0.16,100.0,117.26
32.8,2153.48,82.69,272.86,242.0,4728.62,2.48,98.97,66.07
61.46,1509.66,146.95,160.48,172.57,3783.74,0.95,98.97,141.86
24.05,1744.92,134.45,150.6,189.86,4750.04,2.99,98.14,106.81
59.08,3628.92,119.18,152.6,178.81,7187.84,1.85,99.65,174.32
58.86,2907.93,75.77,141.67,23.03,4682.69,1.37,98.17,88.44
88.53,1016.31,137.06,290.17,55.7,3569.73,0.01,98.85,105.93
23.7,391.12,30.05,211.42,168.91,6873.22,1.87,98.7,85.98
42.98,2101.33,1.0,177.41,11.03,7297.75,1.09,99.82,95.23
71.45,2673.43,107.85,202.34,170.09,3586.36,0.81,99.54,117.22
61.71,1684.04,92.7,217.38,99.52,7663.9,8.98,99.7,159.74
58.61,2763.16,170.66,140.22,173.16,6732.51,2.41,99.86,152.24
35.88,2089.76,127.9,88.83,195.3,4006.55,1.55,98.75,126.24
43.18,1933.86,202.54,307.08,12.76,7194.01,4.06,98.59,52.3
79.9,2577.28,92.59,279.04,209.26,2782.59,0.52,98.02,80.26
53.97,1675.69,144.34,230.22,139.54,4132.93,1.93,99.29,118.38
62.51,1847.31,107.39,273.54,5.0,3029.1,3.95,98.65,63.16
52.7,2517.12,189.09,353.15,138.52,3242.06,0.26,99.52,94.34
31.34,2026.02,109.8,157.17,214.17,6531.96,0.54,100.0,101.42
73.68,3384.14,162.72,110.4,143.49,4973.64,0.17,99.85,167.81
65.06,2533.68,66.12,252.92,138.0,3000.06,9.77,99.28,88.71
100.0,2488.17,99.24,82.65,193.85,3938.71,1.74,99.25,32.07
34.69,2013.35,115.8,203.04,136.87,3803.65,1.34,99.19,125.83
71.45,2660.33,183.17,176.13,155.96,5451.53,0.83,100.0,136.8
28.77,1822.17,10.14,253.91,60.62,9091.61,1.19,98.79,186.15
58.15,2245.66,103.37,161.42,133.35,5370.33,2.99,99.26,77.39
74.53,1406.59,101.68,295.98,349.57,5489.48,4.97,99.07,40.09
13.56,2775.61,16.15,140.25,196.06,7774.08,0.22,98.65,109.1
50.9,2251.42,96.8,256.46,204.22,4022.87,0.71,98.93,115.97
43.74,3435.76,42.97,146.69,122.16,7399.18,0.42,99.22,118.14
40.96,3722.61,3.47,243.88,144.48,4235.9,1.14,98.37,78.86
62.7,2582.32,106.88,118.83,159.44,4351.64,1.51,100.0,112.13
77.41,2095.9,105.19,198.07,258.68,4406.55,2.56,99.71,99.27
52.33,1385.75,107.75,305.77,287.9,4807.37,4.17,99.96,72.47
59.11,2681.32,132.64,209.2,139.11,4685.12,1.56,99.09,51.12
57.29,2195.2,76.03,294.65,177.89,5644.86,1.34,98.98,82.06
55.04,2424.62,209.54,197.9,158.85,4236.29,1.71,99.05,92.3
33.21,3258.85,118.34,159.6,248.61,5180.82,4.39,98.71,122.47
77.17,1470.9,184.32,213.76,222.17,2099.03,2.09,100.0,93.74
60.9,1400.99,36.01,249.47,171.9,6408.35,3.1,100.0,74.52
62.9,1882.5,78.27,47.56,270.87,7037.65,2.54,99.58,116.47
38.87,2622.84,154.32,241.78,226.63,5398.82,5.14,100.0,92.1
45.82,2436.41,108.67,124.81,110.6,6346.14,3.4,100.0,67.2
51.48,1421.02,66.34,104.92,180.74,3492.62,0.83,100.0,108.63
24.32,2577.59,28.07,243.09,164.11,7731.65,3.85,98.87,121.72
21.24,1207.15,156.66,307.08,91.09,5342.35,1.26,97.51,91.44
42.99,1461.58,152.58,217.31,159.72,2110.77,3.76,99.72,161.0
65.45,1967.18,132.17,91.57,282.52,7187.7,4.72,99.5,144.42
41.94,1660.6,95.2,146.36,278.54,6291.92,2.31,99.28,115.85
34.62,2670.9,64.35,166.54,262.19,8368.94,2.54,99.04,80.4
38.71,2248.46,117.35,215.69,250.12,7994.97,0.3,100.0,22.2
45.89,3283.89,54.23,194.25,198.72,7415.27,0.78,98.12,46.34
47.92,1874.97,82.42,239.62,125.88,5853.16,1.63,100.0,130.61
98.31,1962.46,183.06,280.0,230.74,6283.45,0.01,100.0,58.05
76.09,2895.27,27.46,227.58,31.83,3058.45,3.76,99.31,111.4
75.5,1984.36,153.88,271.85,119.53,4501.4,0.92,99.4,59.24
78.37,3093.8,194.71,178.42,279.43,10371.62,2.57,98.37,87.77
35.02,2426.58,160.81,463.67,135.71,1890.2,2.93,99.9,75.78
30.55,401.05,139.91,244.25,237.6,5558.43,1.59,100.0,128.46
32.86,2872.3,96.82,254.72,147.32,4929.0,3.12,99.74,131.26
81.69,2686.91,87.71,340.61,229.52,6536.02,2.29,98.33,30.31
44.06,2713.93,7.59,207.05,41.39,5357.51,0.89,98.07,148.98
29.97,710.32,121.85,148.36,294.46,7186.23,3.39,99.03,84.53
46.38,1583.91,99.89,304.51,79.56,5027.26,2.02,99.26,138.43
50.23,1635.91,85.1,309.21,57.43,6393.68,0.35,99.91,147.62
60.37,1459.22,119.0,212.28,289.63,5658.23,2.96,99.03,72.45
60.02,3267.35,123.12,340.77,179.75,4475.1,2.26,99.94,159.8
38.44,2039.76,88.22,193.34,152.44,4218.74,0.67,99.99,23.46
68.71,2022.41,200.65,274.58,321.09,7300.15,3.69,99.53,53.57
42.22,2434.41,156.53,321.24,245.8,6124.9,0.94,99.81,78.27
51.87,2446.51,164.81,207.87,139.54,6793.16,1.61,98.91,53.68
68.74,128.0,114.83,236.54,167.91,7258.63,0.84,98.4,37.14
42.16,1595.55,145.56,282.08,276.65,4067.98,2.58,98.8,136.05
43.61,1059.05,75.21,170.71,93.28,4512.51,1.74,98.62,77.1
66.83,2328.21,153.31,134.87,309.91,4386.55,1.27,100.0,98.13
37.85,1845.78,109.78,306.64,140.1,6856.03,0.04,99.8,122.06
47.3,2058.77,68.9,224.54,101.57,5163.57,1.87,97.78,138.62
66.11,593.04,118.86,159.55,277.82,5329.87,1.95,99.33,157.06
96.08,1831.1,105.4,207.53,246.11,3101.46,0.4,97.95,60.08
67.11,2828.59,236.15,240.68,20.11,6483.27,0.81,98.44,156.89
64.45,3034.61,141.77,74.46,170.39,6542.86,4.22,99.78,101.47
65.62,2551.2,198.99,257.28,80.53,6009.82,1.59,97.99,101.73
33.54,1113.17,176.56,232.68,251.85,5293.06,1.14,98.25,83.86
57.31,2929.58,121.89,332.41,334.77,6877.84,5.5,98.48,107.35
54.4,2554.8,97.81,182.48,228.39,4911.78,3.34,98.09,156.75
61.43,1965.97,32.99,310.17,111.63,7555.26,0.21,98.21,121.3
57.33,630.47,76.45,196.43,260.09,6286.78,3.92,99.16,138.95
62.59,2715.52,153.14,211.13,175.47,2728.0,0.32,98.02,60.2
48.77,1633.48,104.89,222.48,173.36,4759.61,0.38,99.03,77.72
56.17,2290.32,138.79,367.46,136.32,5584.88,0.16,99.21,98.3
30.44,2095.88,18.49,100.84,189.42,3746.06,1.31,99.73,115.17
48.6,3124.88,142.68,239.61,173.61,6943.21,2.07,99.85,108.83
82.82,1960.24,174.82,203.38,5.0,1443.06,2.8,98.24,166.91
61.38,2037.42,31.21,197.72,182.33,6446.83,0.05,98.27,68.37
54.58,3153.03,138.58,246.64,167.61,6242.63,0.39,98.23,113.65
92.92,1587.24,187.18,288.48,211.21,1422.51,1.94,99.75,115.37
27.78,2618.03,204.0,242.53,5.0,5186.31,1.49,99.44,78.97
32.81,1908.97,94.83,298.82,226.08,4217.05,0.11,98.95,92.4
89.25,1346.22,159.0,179.92,182.57,7551.55,5.48,98.37,68.48
55.92,2048.81,191.49,196.12,224.56,3492.51,2.84,99.31,106.82
50.15,2532.19,140.07,119.93,33.38,6438.51,0.89,100.0,42.26
31.02,2995.6,184.25,358.63,68.88,6796.98,1.54,100.0,162.66
63.95,3080.29,118.21,185.06,11.25,4293.33,0.94,98.17,85.24
65.89,1841.67,139.72,176.22,193.17,7335.93,1.22,99.95,66.46
33.11,1356.93,88.92,248.53,148.94,4252.06,1.81,98.16,25.5
52.19,1824.88,111.77,288.57,167.04,7398.57,1.02,98.92,80.82
48.29,1220.93,141.69,144.63,54.68,9687.85,1.94,98.84,85.52
60.12,1895.83,85.17,294.93,71.12,6674.43,1.25,99.39,107.23
32.61,1808.83,108.82,175.74,5.0,6101.91,2.14,98.5,86.61
80.04,2557.24,158.04,314.45,58.9,4148.39,0.61,99.27,210.86
73.32,503.85,222.63,156.73,121.5,8342.7,0.38,98.44,44.19
47.74,1534.47,17.53,258.84,126.15,6598.82,0.03,99.32,119.56
50.67,1540.14,218.83,203.42,173.91,4171.22,1.84,98.28,111.24
52.27,2878.99,107.01,109.89,248.55,7698.41,7.9,98.92,41.09
39.43,1268.31,168.24,86.72,117.99,5197.79,1.09,99.2,81.97
46.13,2206.66,178.05,140.56,223.99,6218.32,0.48,99.02,188.96
49.59,1958.31,198.22,279.4,250.04,4261.27,0.03,99.79,74.07
87.26,2778.13,83.6,44.55,283.5,3310.54,1.44,97.62,175.82
73.93,2465.08,108.74,226.72,224.08,3404.13,9.84,99.32,90.57
73.69,2132.87,117.32,219.75,186.6,4313.51,8.24,98.62,96.3
62.4,1659.73,102.13,65.42,82.8,5923.72,0.21,99.61,80.02
32.65,751.36,185.94,136.25,204.53,4463.44,3.39,99.22,55.29
54.17,2220.96,116.16,136.1,146.13,3575.67,0.38,99.96,46.45
74.41,2419.34,39.07,204.22,303.88,3288.0,3.31,99.04,70.73
29.83,945.59,88.35,317.31,188.21,7279.67,3.84,100.0,125.1
67.73,1184.41,41.08,286.0,165.6,4779.5,0.02,99.31,116.65
100.0,2224.63,108.58,171.18,307.43,1476.23,0.54,98.29,80.17
76.24,2285.4,153.63,133.65,136.59,4986.06,0.12,98.63,170.17
83.28,1354.55,87.28,75.33,179.71,4252.3,1.38,98.79,61.28
59.37,1646.15,99.85,169.71,360.85,5368.04,0.05,99.28,113.31
74.36,762.46,106.26,128.1,203.96,3979.0,1.97,99.83,42.67
40.64,3012.08,127.04,197.11,281.26,7316.38,1.63,99.63,107.08
70.92,1138.09,145.8,200.14,315.34,4723.9,0.95,99.67,115.6
68.09,2427.58,160.36,161.95,130.33,4621.28,1.24,98.68,87.14
60.8,2023.53,232.78,163.63,261.79,4431.12,9.23,99.82,96.79
81.32,2950.72,126.17,144.5,150.05,5852.64,0.37,99.27,75.93
44.22,1493.42,156.79,159.0,363.59,5710.88,2.63,99.76,132.22
51.26,2090.88,40.62,314.87,309.93,4296.48,2.07,98.17,130.0
56.91,859.1,101.04,241.42,246.9,5042.94,2.18,99.52,112.53
34.41,691.03,106.48,242.51,274.01,4544.58,0.85,98.77,123.01
59.54,2465.43,69.13,280.96,117.4,6529.47,0.49,98.31,117.11
20.62,798.48,93.2,273.88,334.58,2680.18,2.1,99.65,78.58
75.94,1888.25,114.63,313.98,98.61,4386.91,4.88,98.9,109.24
55.93,2755.91,94.77,247.07,216.63,4648.01,7.46,99.57,125.15
44.58,2570.68,250.09,216.41,115.74,7510.43,1.31,98.52,86.82
38.31,1582.79,145.61,152.74,257.43,7115.62,1.11,100.0,117.8
50.31,936.05,220.05,134.07,337.06,5705.88,0.86,99.12,42.14
68.77,2404.65,194.63,270.58,220.64,3210.06,3.32,98.87,47.59
65.95,2987.58,88.04,191.12,208.36,5103.03,0.59,99.89,98.32
40.89,1584.43,121.88,91.21,169.77,8383.37,1.44,99.14,82.5
38.08,1485.68,98.26,32.56,189.04,4732.35,0.85,100.0,139.02
68.14,1680.57,111.91,371.81,149.78,5231.51,4.17,100.0,87.63
40.55,2448.13,71.18,121.13,327.0,5335.54,0.66,98.87,140.95
56.2,2907.96,97.92,145.1,251.46,3470.41,2.32,99.25,93.95
57.48,1180.28,137.98,298.25,148.73,3543.84,1.78,99.25,109.04
61.24,999.2,136.66,103.31,185.44,3542.0,0.8,98.46,78.15
72.17,3686.0,132.67,242.51,442.43,4463.11,0.59,100.0,90.19
29.74,1923.87,117.02,345.76,204.49,5795.96,3.26,98.9,65.78
16.78,2225.02,163.04,369.11,310.77,5305.88,1.43,99.03,52.59
43.65,1563.65,107.15,164.2,128.11,5913.28,1.89,99.35,132.2
91.03,2390.97,189.58,199.04,222.62,8888.74,6.54,98.56,138.0
95.44,2720.04,27.62,168.29,123.8,9670.74,1.02,99.35,132.24
91.62,2257.86,152.84,198.56,131.82,5168.91,3.37,98.85,139.34
51.14,3266.6,144.42,303.86,251.44,6661.74,2.04,98.87,103.64
19.36,1819.28,86.27,88.06,99.4,6186.39,1.8,99.09,77.42
8.14,1863.98,102.24,251.84,72.72,6938.49,0.11,98.69,67.04
42.72,2209.98,143.24,184.36,241.67,6875.05,4.87,98.1,24.79
51.04,2373.47,165.8,309.48,136.06,4049.22,0.52,99.32,116.43
81.01,2207.56,32.53,305.23,154.8,8566.39,1.28,97.6,100.13
72.36,1148.91,151.41,167.43,17.9,7755.98,2.79,97.62,110.09
59.55,2266.76,97.12,191.14,65.76,6739.84,1.48,99.23,119.09
37.2,1786.08,176.26,271.42,199.86,6234.2,0.01,99.07,150.5
35.78,1641.32,28.04,278.67,158.98,5717.12,5.95,99.38,81.86
60.08,2070.74,242.26,2.2,261.83,5369.42,0.04,99.67,114.1
68.94,1374.93,75.69,271.16,99.03,6417.77,0.19,97.82,75.12
62.84,1253.23,191.5,331.72,165.05,5456.76,0.51,98.77,26.77
34.31,217.17,116.54,220.45,184.18,5680.36,1.83,98.89,87.92
68.01,3271.07,79.07,276.01,161.63,5042.47,7.09,99.42,153.4
63.52,2437.01,133.26,302.3,233.78,4759.69,5.12,99.36,87.65
33.59,1966.27,171.46,217.73,82.28,8448.32,2.11,98.92,59.5
39.31,1580.94,42.36,265.14,226.11,5379.19,2.71,99.23,110.39
68.77,128.0,155.08,201.01,282.52,4487.58,2.49,99.01,130.6
50.31,1538.03,119.39,195.83,105.9,5523.52,2.32,98.56,115.47
86.78,2549.11,148.85,147.08,216.06,3051.05,3.35,99.24,149.21
65.02,2707.52,120.55,213.84,212.16,6919.56,0.83,97.7,57.58
45.27,2497.6,91.41,350.95,232.99,5248.33,0.5,99.37,150.56
54.8,2158.87,64.34,127.8,180.13,4636.91,0.85,100.0,12.88
56.27,2960.71,153.63,249.35,307.65,4452.51,0.1,98.96,13.78
40.43,1818.02,153.36,225.68,369.93,2384.86,6.82,100.0,36.48
36.75,2807.63,153.11,317.99,236.26,8512.26,2.69,99.62,114.21
69.03,1778.79,141.38,333.03,208.25,5584.47,0.48,100.0,34.65
71.91,1431.2,167.23,126.06,181.24,8486.64,0.59,99.47,69.47
67.08,1344.0,190.3,154.06,61.78,4774.85,9.81,99.59,78.06
85.31,1302.85,26.18,158.43,51.53,6061.4,2.92,99.3,124.85
44.16,2509.35,2.91,161.26,76.14,6564.43,1.11,98.1,146.13
88.49,1528.08,205.9,168.12,203.92,6123.31,0.46,97.82,131.08
36.98,1324.88,52.95,227.77,162.65,4428.79,0.08,99.03,37.77
34.75,2547.61,65.69,131.89,317.44,2053.43,2.21,98.78,102.15
19.8,2277.58,105.62,143.14,5.0,9303.58,3.03,98.8,80.18
46.08,2721.81,37.3,136.75,183.67,3925.19,0.23,98.32,88.45
44.93,2406.82,100.92,239.41,219.01,9807.0,0.0,99.98,92.37
65.52,1520.82,72.59,194.9,260.79,4153.65,0.88,98.48,76.43
59.88,2101.27,108.33,180.7,192.9,7721.48,2.2,98.43,65.97
31.14,2135.59,133.99,132.65,212.83,6292.95,5.15,99.23,77.07
47.15,1404.59,102.82,71.68,195.84,6375.29,4.23,99.96,67.35
47.57,1274.76,100.3,330.52,219.58,4108.83,2.33,99.79,135.65
19.48,1571.49,132.9,176.9,178.26,4507.88,3.36,98.75,92.44
35.38,3473.61,172.21,416.84,370.46,4533.43,0.88,99.05,135.41
39.58,1759.08,200.15,261.82,232.01,5494.58,0.56,100.0,138.72
83.67,2911.01,109.07,346.34,197.77,4847.48,0.27,99.97,150.43
58.83,1719.94,211.24,279.48,113.57,4267.91,0.4,99.81,44.69
68.24,2670.19,163.84,212.68,149.19,3532.05,6.59,99.47,105.51
25.03,2679.74,58.4,152.19,315.91,3709.42,5.32,99.27,45.35
78.88,2714.81,56.94,121.85,5.0,5960.74,0.1,100.0,168.48
81.02,2319.48,91.14,289.57,185.11,3736.66,1.27,99.99,118.55
15.03,3012.16,192.23,221.2,177.76,3021.72,0.93,99.29,76.22
40.89,2312.85,94.93,249.32,225.01,5253.82,2.11,99.71,82.39
64.92,3247.47,25.38,265.17,203.87,1072.45,0.8,99.03,128.57
67.89,914.06,108.56,228.48,316.42,4988.48,0.66,98.08,80.27
